Return_ID,Order_ID,Product_ID,Return_Date,Returned_Quantity,Return_Reason
RET000001,ORD0000003,P0135,2023-06-19,1,Quality Issue
RET000002,ORD0000010,P0080,2024-01-30,2,Late Delivery
RET000003,ORD0000035,P0142,2023-12-19,2,Other
RET000004,ORD0000075,P0028,2024-01-07,1,Customer Changed Mind
RET000005,ORD0000093,P0011,2024-11-28,1,Damaged in Transit
RET000006,ORD0000095,P0200,2023-02-07,2,Late Delivery
RET000007,ORD0000100,P0110,2023-05-17,2,Quality Issue
RET000008,ORD0000102,P0137,2023-06-21,1,Quality Issue
RET000009,ORD0000112,P0149,2023-10-16,1,Damaged in Transit
RET000010,ORD0000116,P0027,2023-10-28,1,Damaged in Transit
RET000011,ORD0000122,P0165,2024-01-07,1,Quality Issue
RET000012,ORD0000123,P0101,2024-02-26,1,Customer Changed Mind
RET000013,ORD0000127,P0029,2024-05-13,1,Customer Changed Mind
RET000014,ORD0000162,P0021,2023-02-19,1,Customer Changed Mind
RET000015,ORD0000163,P0124,2023-03-02,1,Wrong Item Delivered
RET000016,ORD0000164,P0075,2023-02-23,1,Wrong Item Delivered
RET000017,ORD0000200,P0038,2024-07-31,1,Late Delivery
RET000018,ORD0000206,P0049,2024-12-06,1,Wrong Item Delivered
RET000019,ORD0000228,P0146,2024-05-23,1,Customer Changed Mind
RET000020,ORD0000253,P0082,2024-01-27,1,Quality Issue
RET000021,ORD0000259,P0073,2024-03-20,1,Damaged in Transit
RET000022,ORD0000259,P0108,2024-03-12,1,Other
RET000023,ORD0000297,P0135,2024-08-05,2,Quality Issue
RET000024,ORD0000300,P0191,2024-10-24,1,Wrong Item Delivered
RET000025,ORD0000331,P0146,2023-10-09,1,Wrong Item Delivered
RET000026,ORD0000358,P0003,2023-10-08,1,Customer Changed Mind
RET000027,ORD0000368,P0044,2024-02-02,3,Wrong Item Delivered
RET000028,ORD0000373,P0077,2024-07-20,1,Late Delivery
RET000029,ORD0000374,P0135,2024-07-18,1,Late Delivery
RET000030,ORD0000385,P0084,2023-05-21,1,Damaged in Transit
RET000031,ORD0000405,P0059,2024-03-11,2,Customer Changed Mind
RET000032,ORD0000410,P0085,2024-08-28,2,Wrong Item Delivered
RET000033,ORD0000412,P0013,2024-11-13,1,Damaged in Transit
RET000034,ORD0000433,P0067,2024-11-12,1,Wrong Item Delivered
RET000035,ORD0000442,P0183,2023-05-30,1,Quality Issue
RET000036,ORD0000448,P0018,2023-09-16,1,Customer Changed Mind
RET000037,ORD0000461,P0005,2024-08-04,1,Customer Changed Mind
RET000038,ORD0000477,P0179,2023-04-09,8,Quality Issue
RET000039,ORD0000487,P0047,2024-02-26,6,Damaged in Transit
RET000040,ORD0000496,P0049,2024-12-14,34,Quality Issue
RET000041,ORD0000502,P0106,2023-04-12,1,Damaged in Transit
RET000042,ORD0000502,P0051,2023-04-08,3,Damaged in Transit
RET000043,ORD0000511,P0139,2023-11-30,1,Damaged in Transit
RET000044,ORD0000512,P0159,2024-02-04,2,Quality Issue
RET000045,ORD0000535,P0187,2024-02-19,148,Wrong Item Delivered
RET000046,ORD0000540,P0144,2023-03-01,1,Quality Issue
RET000047,ORD0000545,P0111,2023-04-16,1,Wrong Item Delivered
RET000048,ORD0000562,P0157,2024-03-09,1,Wrong Item Delivered
RET000049,ORD0000591,P0103,2023-08-22,1,Quality Issue
RET000050,ORD0000605,P0126,2024-07-09,1,Damaged in Transit
RET000051,ORD0000607,P0044,2024-09-03,1,Wrong Item Delivered
RET000052,ORD0000609,P0112,2024-08-21,1,Quality Issue
RET000053,ORD0000613,P0008,2024-10-10,1,Wrong Item Delivered
RET000054,ORD0000630,P0142,2023-09-25,1,Damaged in Transit
RET000055,ORD0000634,P0114,2023-11-29,1,Damaged in Transit
RET000056,ORD0000657,P0179,2023-04-22,3,Wrong Item Delivered
RET000057,ORD0000670,P0157,2024-06-12,1,Wrong Item Delivered
RET000058,ORD0000681,P0005,2024-11-10,45,Customer Changed Mind
RET000059,ORD0000701,P0079,2024-01-20,1,Wrong Item Delivered
RET000060,ORD0000702,P0064,2024-03-13,1,Late Delivery
RET000061,ORD0000704,P0047,2024-05-01,1,Wrong Item Delivered
RET000062,ORD0000706,P0098,2024-08-09,1,Quality Issue
RET000063,ORD0000711,P0170,2024-10-22,1,Customer Changed Mind
RET000064,ORD0000738,P0060,2024-07-17,1,Wrong Item Delivered
RET000065,ORD0000751,P0146,2023-10-01,1,Customer Changed Mind
RET000066,ORD0000764,P0123,2024-03-19,1,Quality Issue
RET000067,ORD0000766,P0035,2024-03-23,1,Damaged in Transit
RET000068,ORD0000778,P0078,2024-11-06,2,Quality Issue
RET000069,ORD0000786,P0106,2023-06-16,4,Wrong Item Delivered
RET000070,ORD0000788,P0038,2023-07-24,2,Customer Changed Mind
RET000071,ORD0000795,P0008,2024-01-25,2,Quality Issue
RET000072,ORD0000803,P0015,2024-09-02,2,Damaged in Transit
RET000073,ORD0000807,P0068,2024-12-12,2,Customer Changed Mind
RET000074,ORD0000815,P0182,2023-05-12,1,Damaged in Transit
RET000075,ORD0000822,P0121,2023-10-23,1,Quality Issue
RET000076,ORD0000831,P0189,2024-04-15,1,Customer Changed Mind
RET000077,ORD0000833,P0150,2024-04-23,1,Damaged in Transit
RET000078,ORD0000834,P0046,2024-05-03,1,Wrong Item Delivered
RET000079,ORD0000843,P0004,2024-08-15,1,Wrong Item Delivered
RET000080,ORD0000850,P0044,2024-12-05,1,Damaged in Transit
RET000081,ORD0000851,P0155,2024-12-21,1,Customer Changed Mind
RET000082,ORD0000854,P0068,2023-03-11,1,Damaged in Transit
RET000083,ORD0000856,P0106,2023-04-27,1,Wrong Item Delivered
RET000084,ORD0000872,P0116,2024-08-18,1,Customer Changed Mind
RET000085,ORD0000905,P0198,2024-01-15,1,Wrong Item Delivered
RET000086,ORD0000913,P0066,2024-06-19,1,Quality Issue
RET000087,ORD0000935,P0093,2024-05-12,99,Damaged in Transit
RET000088,ORD0000935,P0034,2024-05-20,46,Damaged in Transit
RET000089,ORD0000953,P0019,2023-07-29,1,Customer Changed Mind
RET000090,ORD0000963,P0034,2024-01-28,1,Late Delivery
RET000091,ORD0000967,P0174,2024-06-08,1,Other
RET000092,ORD0000969,P0047,2024-07-02,1,Wrong Item Delivered
RET000093,ORD0000974,P0093,2024-10-20,1,Damaged in Transit
RET000094,ORD0000977,P0074,2024-12-18,1,Wrong Item Delivered
RET000095,ORD0000989,P0122,2023-06-30,1,Damaged in Transit
RET000096,ORD0001007,P0099,2024-08-31,2,Damaged in Transit
RET000097,ORD0001018,P0162,2023-03-28,1,Customer Changed Mind
RET000098,ORD0001028,P0140,2023-07-17,1,Damaged in Transit
RET000099,ORD0001044,P0183,2024-05-11,1,Customer Changed Mind
RET000100,ORD0001052,P0179,2024-10-19,1,Damaged in Transit
RET000101,ORD0001060,P0056,2023-03-05,1,Customer Changed Mind
RET000102,ORD0001107,P0047,2023-10-15,1,Wrong Item Delivered
RET000103,ORD0001123,P0154,2024-03-25,1,Damaged in Transit
RET000104,ORD0001133,P0128,2024-09-16,1,Wrong Item Delivered
RET000105,ORD0001136,P0052,2024-09-30,1,Quality Issue
RET000106,ORD0001168,P0181,2024-02-09,1,Wrong Item Delivered
RET000107,ORD0001169,P0133,2024-02-13,1,Wrong Item Delivered
RET000108,ORD0001187,P0119,2023-01-20,1,Late Delivery
RET000109,ORD0001190,P0065,2023-04-20,1,Damaged in Transit
RET000110,ORD0001196,P0129,2023-07-11,1,Late Delivery
RET000111,ORD0001223,P0060,2024-08-20,1,Late Delivery
RET000112,ORD0001226,P0133,2024-11-04,1,Customer Changed Mind
RET000113,ORD0001245,P0059,2023-11-28,1,Customer Changed Mind
RET000114,ORD0001263,P0151,2024-08-26,1,Late Delivery
RET000115,ORD0001266,P0093,2024-11-28,1,Other
RET000116,ORD0001286,P0200,2024-06-27,3,Wrong Item Delivered
RET000117,ORD0001313,P0036,2023-10-16,1,Damaged in Transit
RET000118,ORD0001316,P0003,2023-12-19,2,Damaged in Transit
RET000119,ORD0001317,P0114,2023-12-26,1,Other
RET000120,ORD0001328,P0110,2024-06-29,1,Damaged in Transit
RET000121,ORD0001335,P0111,2024-11-18,2,Wrong Item Delivered
RET000122,ORD0001341,P0045,2023-07-20,233,Other
RET000123,ORD0001349,P0111,2024-08-26,51,Customer Changed Mind
RET000124,ORD0001360,P0008,2023-06-23,1,Damaged in Transit
RET000125,ORD0001360,P0161,2023-06-25,1,Damaged in Transit
RET000126,ORD0001367,P0179,2024-03-11,5,Wrong Item Delivered
RET000127,ORD0001375,P0097,2024-11-21,1,Customer Changed Mind
RET000128,ORD0001381,P0180,2023-06-07,1,Damaged in Transit
RET000129,ORD0001408,P0064,2023-08-26,1,Late Delivery
RET000130,ORD0001411,P0194,2023-12-08,1,Damaged in Transit
RET000131,ORD0001421,P0073,2024-07-14,1,Late Delivery
RET000132,ORD0001439,P0029,2023-09-28,1,Customer Changed Mind
RET000133,ORD0001470,P0095,2023-07-13,1,Quality Issue
RET000134,ORD0001472,P0003,2023-08-28,1,Wrong Item Delivered
RET000135,ORD0001475,P0153,2023-09-23,1,Customer Changed Mind
RET000136,ORD0001499,P0085,2024-07-06,1,Customer Changed Mind
RET000137,ORD0001525,P0063,2023-12-12,2,Damaged in Transit
RET000138,ORD0001552,P0192,2023-09-29,53,Late Delivery
RET000139,ORD0001555,P0162,2023-12-05,2,Quality Issue
RET000140,ORD0001559,P0047,2024-04-30,189,Late Delivery
RET000141,ORD0001588,P0122,2023-05-13,2,Late Delivery
RET000142,ORD0001615,P0045,2023-06-11,1,Quality Issue
RET000143,ORD0001642,P0128,2023-12-12,239,Quality Issue
RET000144,ORD0001651,P0104,2024-09-18,241,Customer Changed Mind
RET000145,ORD0001653,P0080,2024-11-27,91,Customer Changed Mind
RET000146,ORD0001672,P0103,2023-11-29,1,Damaged in Transit
RET000147,ORD0001673,P0154,2023-12-13,3,Damaged in Transit
RET000148,ORD0001679,P0119,2024-04-23,1,Customer Changed Mind
RET000149,ORD0001689,P0050,2023-03-03,1,Quality Issue
RET000150,ORD0001696,P0087,2023-09-24,2,Quality Issue
RET000151,ORD0001725,P0126,2023-10-14,2,Damaged in Transit
RET000152,ORD0001726,P0146,2023-11-26,2,Wrong Item Delivered
RET000153,ORD0001726,P0031,2023-11-25,1,Wrong Item Delivered
RET000154,ORD0001746,P0042,2024-10-22,1,Wrong Item Delivered
RET000155,ORD0001772,P0074,2024-05-17,2,Quality Issue
RET000156,ORD0001792,P0077,2023-03-26,30,Customer Changed Mind
RET000157,ORD0001799,P0057,2024-03-18,29,Damaged in Transit
RET000158,ORD0001807,P0049,2023-04-09,10,Late Delivery
RET000159,ORD0001809,P0058,2023-06-07,1,Other
RET000160,ORD0001818,P0157,2024-04-04,8,Wrong Item Delivered
RET000161,ORD0001831,P0159,2023-04-16,1,Wrong Item Delivered
RET000162,ORD0001840,P0024,2023-06-06,1,Damaged in Transit
RET000163,ORD0001841,P0016,2023-06-27,1,Damaged in Transit
RET000164,ORD0001846,P0049,2023-10-01,1,Damaged in Transit
RET000165,ORD0001853,P0195,2024-01-02,1,Quality Issue
RET000166,ORD0001866,P0028,2024-11-09,1,Damaged in Transit
RET000167,ORD0001871,P0117,2023-01-23,273,Damaged in Transit
RET000168,ORD0001891,P0007,2023-08-20,1,Damaged in Transit
RET000169,ORD0001906,P0185,2024-08-01,2,Damaged in Transit
RET000170,ORD0001907,P0015,2024-07-30,1,Customer Changed Mind
RET000171,ORD0001910,P0074,2024-09-29,1,Damaged in Transit
RET000172,ORD0001926,P0165,2023-06-11,1,Quality Issue
RET000173,ORD0001928,P0125,2023-08-01,1,Wrong Item Delivered
RET000174,ORD0001931,P0185,2023-10-12,1,Other
RET000175,ORD0001931,P0048,2023-10-25,1,Other
RET000176,ORD0001950,P0032,2023-06-16,2,Customer Changed Mind
RET000177,ORD0001956,P0052,2023-12-03,2,Quality Issue
RET000178,ORD0001980,P0015,2024-05-30,6,Customer Changed Mind
RET000179,ORD0002031,P0104,2024-11-25,1,Wrong Item Delivered
RET000180,ORD0002042,P0047,2023-07-31,1,Customer Changed Mind
RET000181,ORD0002044,P0095,2023-10-08,2,Damaged in Transit
RET000182,ORD0002054,P0048,2024-11-15,2,Customer Changed Mind
RET000183,ORD0002074,P0200,2023-09-21,2,Damaged in Transit
RET000184,ORD0002084,P0169,2024-02-16,1,Quality Issue
RET000185,ORD0002097,P0160,2024-06-21,1,Customer Changed Mind
RET000186,ORD0002120,P0131,2023-10-16,1,Quality Issue
RET000187,ORD0002128,P0132,2024-02-26,1,Other
RET000188,ORD0002143,P0093,2024-09-17,1,Damaged in Transit
RET000189,ORD0002151,P0196,2023-01-17,1,Damaged in Transit
RET000190,ORD0002157,P0003,2023-05-03,1,Damaged in Transit
RET000191,ORD0002163,P0100,2023-09-02,1,Customer Changed Mind
RET000192,ORD0002180,P0052,2023-02-04,1,Damaged in Transit
RET000193,ORD0002184,P0095,2023-03-26,2,Customer Changed Mind
RET000194,ORD0002185,P0029,2023-04-23,1,Customer Changed Mind
RET000195,ORD0002187,P0022,2023-06-01,1,Damaged in Transit
RET000196,ORD0002188,P0088,2023-06-14,3,Quality Issue
RET000197,ORD0002189,P0136,2023-07-05,3,Damaged in Transit
RET000198,ORD0002192,P0120,2023-12-04,1,Late Delivery
RET000199,ORD0002202,P0107,2024-09-05,2,Damaged in Transit
RET000200,ORD0002238,P0150,2023-03-18,1,Quality Issue
RET000201,ORD0002250,P0001,2024-04-14,1,Quality Issue
RET000202,ORD0002251,P0192,2024-05-17,1,Damaged in Transit
RET000203,ORD0002253,P0096,2024-08-12,1,Wrong Item Delivered
RET000204,ORD0002259,P0082,2024-11-22,1,Quality Issue
RET000205,ORD0002265,P0024,2023-04-16,1,Quality Issue
RET000206,ORD0002279,P0091,2024-05-16,2,Damaged in Transit
RET000207,ORD0002279,P0072,2024-05-18,4,Damaged in Transit
RET000208,ORD0002290,P0110,2023-01-14,1,Wrong Item Delivered
RET000209,ORD0002292,P0043,2023-01-19,1,Damaged in Transit
RET000210,ORD0002295,P0107,2023-05-03,1,Customer Changed Mind
RET000211,ORD0002332,P0132,2023-09-24,1,Damaged in Transit
RET000212,ORD0002338,P0151,2024-04-22,1,Wrong Item Delivered
RET000213,ORD0002340,P0101,2024-10-20,1,Quality Issue
RET000214,ORD0002366,P0072,2023-07-22,2,Quality Issue
RET000215,ORD0002371,P0087,2023-11-11,1,Quality Issue
RET000216,ORD0002389,P0093,2023-05-10,44,Late Delivery
RET000217,ORD0002392,P0162,2023-07-23,11,Quality Issue
RET000218,ORD0002403,P0162,2024-10-26,32,Quality Issue
RET000219,ORD0002409,P0132,2023-07-21,1,Damaged in Transit
RET000220,ORD0002413,P0032,2023-10-11,1,Wrong Item Delivered
RET000221,ORD0002449,P0086,2024-12-19,8,Other
RET000222,ORD0002467,P0136,2023-10-04,1,Wrong Item Delivered
RET000223,ORD0002520,P0126,2023-12-06,1,Late Delivery
RET000224,ORD0002522,P0107,2024-01-07,1,Other
RET000225,ORD0002524,P0030,2024-01-30,1,Other
RET000226,ORD0002569,P0031,2024-02-04,1,Damaged in Transit
RET000227,ORD0002580,P0073,2024-12-06,1,Wrong Item Delivered
RET000228,ORD0002585,P0174,2023-01-29,1,Customer Changed Mind
RET000229,ORD0002596,P0165,2023-07-31,1,Damaged in Transit
RET000230,ORD0002601,P0028,2023-09-12,1,Damaged in Transit
RET000231,ORD0002610,P0123,2024-04-27,1,Customer Changed Mind
RET000232,ORD0002615,P0049,2024-06-09,1,Quality Issue
RET000233,ORD0002621,P0179,2024-10-01,1,Customer Changed Mind
RET000234,ORD0002627,P0145,2024-10-27,1,Damaged in Transit
RET000235,ORD0002628,P0157,2024-11-13,1,Damaged in Transit
RET000236,ORD0002635,P0038,2023-05-28,48,Customer Changed Mind
RET000237,ORD0002641,P0038,2024-01-17,234,Other
RET000238,ORD0002685,P0043,2024-05-30,3,Wrong Item Delivered
RET000239,ORD0002687,P0198,2024-06-20,1,Damaged in Transit
RET000240,ORD0002693,P0044,2023-01-30,3,Quality Issue
RET000241,ORD0002724,P0111,2024-10-05,1,Late Delivery
RET000242,ORD0002731,P0195,2023-04-14,1,Late Delivery
RET000243,ORD0002736,P0104,2023-07-04,1,Quality Issue
RET000244,ORD0002746,P0171,2024-04-20,1,Other
RET000245,ORD0002752,P0183,2024-10-11,1,Other
RET000246,ORD0002768,P0112,2023-07-04,36,Quality Issue
RET000247,ORD0002774,P0137,2023-11-24,41,Customer Changed Mind
RET000248,ORD0002786,P0179,2024-05-14,86,Late Delivery
RET000249,ORD0002791,P0144,2024-10-07,156,Damaged in Transit
RET000250,ORD0002796,P0174,2023-03-16,1,Customer Changed Mind
RET000251,ORD0002814,P0102,2023-10-09,1,Quality Issue
RET000252,ORD0002823,P0029,2024-05-16,1,Damaged in Transit
RET000253,ORD0002922,P0146,2023-10-01,2,Customer Changed Mind
RET000254,ORD0002923,P0166,2023-09-26,2,Quality Issue
RET000255,ORD0002940,P0135,2024-03-25,1,Quality Issue
RET000256,ORD0002962,P0192,2023-07-31,1,Customer Changed Mind
RET000257,ORD0002977,P0076,2024-08-01,3,Customer Changed Mind
RET000258,ORD0002978,P0022,2024-08-06,1,Wrong Item Delivered
RET000259,ORD0002984,P0016,2024-12-02,1,Damaged in Transit
RET000260,ORD0002987,P0115,2024-12-11,1,Other
RET000261,ORD0003008,P0132,2023-09-19,2,Quality Issue
RET000262,ORD0003033,P0050,2024-10-21,1,Quality Issue
RET000263,ORD0003038,P0162,2023-04-18,1,Other
RET000264,ORD0003061,P0198,2024-05-03,1,Damaged in Transit
RET000265,ORD0003065,P0051,2024-06-29,1,Damaged in Transit
RET000266,ORD0003066,P0128,2024-07-02,2,Damaged in Transit
RET000267,ORD0003073,P0086,2024-11-29,1,Other
RET000268,ORD0003085,P0013,2024-02-22,44,Wrong Item Delivered
RET000269,ORD0003096,P0100,2023-02-13,2,Late Delivery
RET000270,ORD0003099,P0174,2023-03-29,1,Customer Changed Mind
RET000271,ORD0003108,P0029,2023-10-29,2,Damaged in Transit
RET000272,ORD0003138,P0068,2024-01-05,1,Damaged in Transit
RET000273,ORD0003142,P0032,2024-04-09,1,Late Delivery
RET000274,ORD0003143,P0114,2024-04-20,4,Damaged in Transit
RET000275,ORD0003155,P0088,2023-05-20,1,Damaged in Transit
RET000276,ORD0003176,P0115,2023-03-01,1,Customer Changed Mind
RET000277,ORD0003180,P0047,2023-06-08,2,Customer Changed Mind
RET000278,ORD0003185,P0175,2023-07-23,1,Wrong Item Delivered
RET000279,ORD0003187,P0038,2023-08-31,1,Customer Changed Mind
RET000280,ORD0003242,P0108,2023-05-01,20,Quality Issue
RET000281,ORD0003250,P0183,2024-06-29,3,Damaged in Transit
RET000282,ORD0003251,P0165,2024-06-30,11,Quality Issue
RET000283,ORD0003270,P0044,2024-04-25,4,Customer Changed Mind
RET000284,ORD0003277,P0109,2024-07-23,1,Late Delivery
RET000285,ORD0003281,P0101,2024-11-02,1,Damaged in Transit
RET000286,ORD0003282,P0028,2024-12-19,1,Customer Changed Mind
RET000287,ORD0003309,P0012,2023-02-09,1,Customer Changed Mind
RET000288,ORD0003312,P0185,2023-04-13,1,Late Delivery
RET000289,ORD0003315,P0001,2023-05-20,1,Damaged in Transit
RET000290,ORD0003345,P0028,2024-09-25,1,Other
RET000291,ORD0003363,P0162,2024-12-19,160,Damaged in Transit
RET000292,ORD0003372,P0002,2023-06-04,2,Late Delivery
RET000293,ORD0003374,P0133,2023-07-13,1,Wrong Item Delivered
RET000294,ORD0003406,P0095,2024-07-18,1,Damaged in Transit
RET000295,ORD0003417,P0109,2023-07-17,1,Damaged in Transit
RET000296,ORD0003424,P0181,2023-09-05,3,Other
RET000297,ORD0003426,P0016,2024-01-08,3,Customer Changed Mind
RET000298,ORD0003442,P0031,2023-06-24,106,Wrong Item Delivered
RET000299,ORD0003443,P0098,2024-02-10,75,Quality Issue
RET000300,ORD0003444,P0123,2024-03-29,133,Wrong Item Delivered
RET000301,ORD0003458,P0008,2023-09-06,1,Damaged in Transit
RET000302,ORD0003459,P0135,2023-10-14,1,Customer Changed Mind
RET000303,ORD0003465,P0107,2024-02-29,2,Quality Issue
RET000304,ORD0003493,P0036,2024-02-27,1,Quality Issue
RET000305,ORD0003510,P0111,2023-10-09,45,Other
RET000306,ORD0003515,P0131,2024-05-06,16,Customer Changed Mind
RET000307,ORD0003518,P0052,2024-08-02,4,Damaged in Transit
RET000308,ORD0003596,P0133,2024-07-01,1,Quality Issue
RET000309,ORD0003610,P0156,2023-09-21,1,Customer Changed Mind
RET000310,ORD0003620,P0093,2024-02-22,1,Customer Changed Mind
RET000311,ORD0003630,P0183,2024-07-27,1,Wrong Item Delivered
RET000312,ORD0003633,P0091,2024-10-20,1,Damaged in Transit
RET000313,ORD0003637,P0116,2024-11-30,1,Damaged in Transit
RET000314,ORD0003657,P0109,2024-07-07,2,Customer Changed Mind
RET000315,ORD0003658,P0107,2024-06-30,1,Customer Changed Mind
RET000316,ORD0003670,P0122,2023-07-23,1,Late Delivery
RET000317,ORD0003686,P0016,2024-03-21,1,Damaged in Transit
RET000318,ORD0003688,P0087,2024-04-23,2,Wrong Item Delivered
RET000319,ORD0003692,P0012,2024-06-24,1,Damaged in Transit
RET000320,ORD0003696,P0008,2024-08-08,1,Quality Issue
RET000321,ORD0003708,P0106,2023-07-23,37,Damaged in Transit
RET000322,ORD0003714,P0004,2024-03-06,45,Damaged in Transit
RET000323,ORD0003714,P0114,2024-03-05,62,Damaged in Transit
RET000324,ORD0003722,P0106,2024-11-15,6,Other
RET000325,ORD0003733,P0027,2023-05-08,1,Quality Issue
RET000326,ORD0003745,P0035,2023-10-28,2,Wrong Item Delivered
RET000327,ORD0003750,P0169,2024-02-15,1,Customer Changed Mind
RET000328,ORD0003765,P0113,2024-07-24,1,Customer Changed Mind
RET000329,ORD0003774,P0104,2023-01-23,12,Customer Changed Mind
RET000330,ORD0003778,P0090,2023-03-31,8,Customer Changed Mind
RET000331,ORD0003792,P0168,2024-07-23,10,Other
RET000332,ORD0003799,P0106,2023-05-15,3,Quality Issue
RET000333,ORD0003812,P0112,2024-01-27,3,Wrong Item Delivered
RET000334,ORD0003814,P0032,2024-03-17,2,Customer Changed Mind
RET000335,ORD0003817,P0150,2024-04-22,1,Wrong Item Delivered
RET000336,ORD0003826,P0063,2024-12-01,1,Wrong Item Delivered
RET000337,ORD0003830,P0092,2023-08-26,17,Wrong Item Delivered
RET000338,ORD0003832,P0050,2023-11-18,46,Late Delivery
RET000339,ORD0003839,P0132,2023-03-17,4,Wrong Item Delivered
RET000340,ORD0003840,P0192,2023-05-19,4,Customer Changed Mind
RET000341,ORD0003843,P0094,2023-08-26,1,Damaged in Transit
RET000342,ORD0003871,P0059,2023-10-07,1,Damaged in Transit
RET000343,ORD0003891,P0182,2024-10-09,1,Customer Changed Mind
RET000344,ORD0003894,P0017,2024-12-09,2,Customer Changed Mind
RET000345,ORD0003904,P0189,2024-08-15,41,Customer Changed Mind
RET000346,ORD0003914,P0165,2023-05-03,2,Other
RET000347,ORD0003920,P0131,2023-10-30,1,Customer Changed Mind
RET000348,ORD0003926,P0026,2024-06-02,1,Customer Changed Mind
RET000349,ORD0003938,P0133,2023-03-30,1,Late Delivery
RET000350,ORD0003943,P0200,2023-05-14,1,Wrong Item Delivered
RET000351,ORD0003956,P0034,2024-05-28,1,Customer Changed Mind
RET000352,ORD0004016,P0024,2024-01-21,2,Quality Issue
RET000353,ORD0004021,P0027,2024-05-14,1,Damaged in Transit
RET000354,ORD0004030,P0075,2024-09-22,1,Damaged in Transit
RET000355,ORD0004032,P0090,2024-10-14,1,Damaged in Transit
RET000356,ORD0004038,P0085,2023-10-04,142,Wrong Item Delivered
RET000357,ORD0004056,P0025,2023-05-26,15,Damaged in Transit
RET000358,ORD0004061,P0005,2023-07-23,42,Quality Issue
RET000359,ORD0004105,P0124,2023-06-02,2,Late Delivery
RET000360,ORD0004121,P0123,2024-11-14,4,Wrong Item Delivered
RET000361,ORD0004127,P0058,2023-06-11,5,Damaged in Transit
RET000362,ORD0004132,P0181,2023-11-15,1,Damaged in Transit
RET000363,ORD0004142,P0058,2024-12-03,1,Other
RET000364,ORD0004164,P0044,2024-03-10,2,Customer Changed Mind
RET000365,ORD0004189,P0129,2023-11-09,2,Wrong Item Delivered
RET000366,ORD0004190,P0131,2024-01-09,1,Damaged in Transit
RET000367,ORD0004197,P0094,2024-11-26,1,Wrong Item Delivered
RET000368,ORD0004199,P0137,2023-01-23,1,Late Delivery
RET000369,ORD0004201,P0109,2023-03-12,1,Late Delivery
RET000370,ORD0004204,P0173,2023-06-26,2,Quality Issue
RET000371,ORD0004206,P0025,2023-07-12,2,Damaged in Transit
RET000372,ORD0004221,P0049,2024-05-06,1,Damaged in Transit
RET000373,ORD0004230,P0029,2023-01-20,1,Damaged in Transit
RET000374,ORD0004241,P0111,2023-09-03,2,Customer Changed Mind
RET000375,ORD0004253,P0063,2024-03-04,1,Wrong Item Delivered
RET000376,ORD0004258,P0036,2024-06-03,1,Quality Issue
RET000377,ORD0004279,P0003,2023-02-14,1,Quality Issue
RET000378,ORD0004308,P0149,2024-09-07,1,Wrong Item Delivered
RET000379,ORD0004323,P0182,2023-08-21,201,Customer Changed Mind
RET000380,ORD0004326,P0082,2023-12-14,3,Customer Changed Mind
RET000381,ORD0004330,P0037,2024-09-21,110,Late Delivery
RET000382,ORD0004351,P0180,2024-10-26,1,Damaged in Transit
RET000383,ORD0004360,P0166,2023-07-14,1,Quality Issue
RET000384,ORD0004364,P0021,2023-11-06,1,Damaged in Transit
RET000385,ORD0004364,P0068,2023-11-13,1,Damaged in Transit
RET000386,ORD0004372,P0032,2024-04-20,1,Damaged in Transit
RET000387,ORD0004377,P0051,2024-07-13,1,Other
RET000388,ORD0004388,P0028,2024-12-29,1,Damaged in Transit
RET000389,ORD0004420,P0127,2024-12-06,1,Quality Issue
RET000390,ORD0004460,P0003,2023-04-02,1,Damaged in Transit
RET000391,ORD0004465,P0184,2023-07-12,1,Customer Changed Mind
RET000392,ORD0004467,P0158,2023-08-07,1,Quality Issue
RET000393,ORD0004484,P0093,2024-03-25,1,Customer Changed Mind
RET000394,ORD0004492,P0049,2024-06-22,1,Customer Changed Mind
RET000395,ORD0004511,P0051,2024-01-22,49,Quality Issue
RET000396,ORD0004526,P0042,2023-05-05,1,Wrong Item Delivered
RET000397,ORD0004529,P0094,2023-10-05,4,Late Delivery
RET000398,ORD0004530,P0108,2023-10-14,5,Late Delivery
RET000399,ORD0004533,P0093,2024-04-26,1,Quality Issue
RET000400,ORD0004536,P0126,2024-06-06,1,Quality Issue
RET000401,ORD0004541,P0159,2024-11-19,3,Quality Issue
RET000402,ORD0004544,P0132,2023-03-03,19,Damaged in Transit
RET000403,ORD0004544,P0016,2023-03-15,321,Damaged in Transit
RET000404,ORD0004553,P0091,2024-06-29,37,Late Delivery
RET000405,ORD0004555,P0060,2024-09-04,19,Late Delivery
RET000406,ORD0004568,P0050,2023-12-31,86,Wrong Item Delivered
RET000407,ORD0004572,P0186,2024-05-06,29,Customer Changed Mind
RET000408,ORD0004578,P0061,2023-03-15,4,Wrong Item Delivered
RET000409,ORD0004592,P0091,2024-05-18,1,Wrong Item Delivered
RET000410,ORD0004593,P0155,2024-05-04,1,Damaged in Transit
RET000411,ORD0004598,P0126,2024-10-07,1,Late Delivery
RET000412,ORD0004599,P0032,2024-11-18,2,Damaged in Transit
RET000413,ORD0004601,P0079,2023-03-02,25,Customer Changed Mind
RET000414,ORD0004602,P0183,2023-03-21,19,Other
RET000415,ORD0004608,P0074,2024-01-05,14,Damaged in Transit
RET000416,ORD0004627,P0056,2023-06-24,1,Damaged in Transit
RET000417,ORD0004636,P0048,2023-11-25,1,Wrong Item Delivered
RET000418,ORD0004638,P0079,2023-12-04,1,Other
RET000419,ORD0004641,P0047,2024-01-05,1,Damaged in Transit
RET000420,ORD0004659,P0118,2024-11-10,1,Customer Changed Mind
RET000421,ORD0004666,P0109,2023-06-23,1,Quality Issue
RET000422,ORD0004682,P0148,2024-02-10,2,Damaged in Transit
RET000423,ORD0004717,P0118,2024-06-01,127,Wrong Item Delivered
RET000424,ORD0004717,P0004,2024-06-07,60,Wrong Item Delivered
RET000425,ORD0004732,P0111,2023-08-26,1,Other
RET000426,ORD0004752,P0067,2024-06-06,1,Customer Changed Mind
RET000427,ORD0004762,P0077,2024-11-26,1,Damaged in Transit
RET000428,ORD0004770,P0103,2024-06-13,12,Quality Issue
RET000429,ORD0004773,P0182,2024-11-10,45,Damaged in Transit
RET000430,ORD0004774,P0124,2024-11-09,7,Customer Changed Mind
RET000431,ORD0004775,P0162,2024-11-08,233,Wrong Item Delivered
RET000432,ORD0004778,P0133,2023-03-18,5,Customer Changed Mind
RET000433,ORD0004799,P0151,2024-09-29,1,Customer Changed Mind
RET000434,ORD0004811,P0029,2023-09-06,65,Customer Changed Mind
RET000435,ORD0004835,P0003,2024-02-24,2,Quality Issue
RET000436,ORD0004868,P0094,2024-04-24,76,Wrong Item Delivered
RET000437,ORD0004870,P0099,2024-06-19,40,Customer Changed Mind
RET000438,ORD0004892,P0146,2024-04-16,3,Damaged in Transit
RET000439,ORD0004899,P0166,2024-10-12,1,Damaged in Transit
RET000440,ORD0004946,P0114,2023-10-15,2,Wrong Item Delivered
RET000441,ORD0004947,P0034,2023-10-08,2,Customer Changed Mind
RET000442,ORD0004950,P0132,2023-12-06,2,Quality Issue
RET000443,ORD0004958,P0029,2024-07-28,1,Customer Changed Mind
RET000444,ORD0004961,P0128,2024-08-20,2,Customer Changed Mind
RET000445,ORD0004967,P0087,2024-12-23,1,Other
RET000446,ORD0004970,P0149,2023-03-01,2,Quality Issue
RET000447,ORD0004974,P0083,2023-07-10,4,Quality Issue
RET000448,ORD0004985,P0053,2024-01-15,1,Quality Issue
RET000449,ORD0005014,P0128,2023-11-08,1,Quality Issue
RET000450,ORD0005032,P0050,2023-02-24,3,Customer Changed Mind
RET000451,ORD0005036,P0044,2023-06-20,3,Wrong Item Delivered
RET000452,ORD0005043,P0002,2023-10-10,2,Damaged in Transit
RET000453,ORD0005057,P0025,2024-07-14,4,Wrong Item Delivered
RET000454,ORD0005057,P0134,2024-07-10,1,Wrong Item Delivered
RET000455,ORD0005060,P0171,2024-09-12,5,Damaged in Transit
RET000456,ORD0005076,P0019,2023-06-04,1,Quality Issue
RET000457,ORD0005091,P0024,2024-06-25,1,Wrong Item Delivered
RET000458,ORD0005101,P0111,2023-05-19,62,Wrong Item Delivered
RET000459,ORD0005115,P0100,2024-11-27,149,Customer Changed Mind
RET000460,ORD0005122,P0022,2023-07-13,2,Customer Changed Mind
RET000461,ORD0005147,P0115,2024-08-26,1,Quality Issue
RET000462,ORD0005153,P0112,2023-03-04,1,Customer Changed Mind
RET000463,ORD0005160,P0159,2023-04-09,1,Wrong Item Delivered
RET000464,ORD0005163,P0047,2023-05-08,1,Customer Changed Mind
RET000465,ORD0005163,P0181,2023-05-04,2,Customer Changed Mind
RET000466,ORD0005167,P0050,2023-07-30,1,Quality Issue
RET000467,ORD0005170,P0122,2023-08-21,1,Other
RET000468,ORD0005179,P0165,2024-06-10,1,Customer Changed Mind
RET000469,ORD0005183,P0031,2024-07-13,2,Wrong Item Delivered
RET000470,ORD0005207,P0187,2023-06-23,1,Wrong Item Delivered
RET000471,ORD0005209,P0003,2023-07-17,2,Wrong Item Delivered
RET000472,ORD0005241,P0109,2024-11-05,1,Quality Issue
RET000473,ORD0005245,P0181,2023-02-21,1,Damaged in Transit
RET000474,ORD0005249,P0141,2023-04-29,1,Quality Issue
RET000475,ORD0005253,P0169,2023-06-15,1,Customer Changed Mind
RET000476,ORD0005267,P0024,2023-10-17,2,Wrong Item Delivered
RET000477,ORD0005275,P0173,2024-05-10,1,Quality Issue
RET000478,ORD0005277,P0131,2024-05-23,1,Customer Changed Mind
RET000479,ORD0005283,P0037,2024-07-15,2,Late Delivery
RET000480,ORD0005286,P0044,2024-08-16,1,Quality Issue
RET000481,ORD0005308,P0123,2024-01-26,1,Customer Changed Mind
RET000482,ORD0005309,P0103,2024-01-25,1,Damaged in Transit
RET000483,ORD0005344,P0122,2023-12-31,3,Customer Changed Mind
RET000484,ORD0005350,P0173,2024-06-14,41,Damaged in Transit
RET000485,ORD0005357,P0144,2023-02-10,1,Other
RET000486,ORD0005370,P0026,2023-06-27,1,Wrong Item Delivered
RET000487,ORD0005371,P0179,2023-06-27,2,Customer Changed Mind
RET000488,ORD0005380,P0056,2023-09-03,2,Quality Issue
RET000489,ORD0005382,P0044,2023-11-14,1,Quality Issue
RET000490,ORD0005407,P0137,2023-03-13,4,Late Delivery
RET000491,ORD0005410,P0038,2023-05-10,4,Other
RET000492,ORD0005413,P0149,2023-07-21,4,Late Delivery
RET000493,ORD0005415,P0117,2023-10-05,2,Damaged in Transit
RET000494,ORD0005417,P0034,2023-11-07,2,Damaged in Transit
RET000495,ORD0005420,P0074,2024-01-24,3,Late Delivery
RET000496,ORD0005440,P0083,2023-04-14,1,Customer Changed Mind
RET000497,ORD0005449,P0132,2023-09-14,2,Late Delivery
RET000498,ORD0005465,P0162,2024-12-26,1,Quality Issue
RET000499,ORD0005469,P0046,2023-06-17,14,Quality Issue
RET000500,ORD0005483,P0149,2023-07-25,10,Late Delivery
RET000501,ORD0005496,P0198,2024-10-06,7,Damaged in Transit
RET000502,ORD0005497,P0013,2024-10-27,30,Damaged in Transit
RET000503,ORD0005498,P0155,2024-11-09,29,Quality Issue
RET000504,ORD0005505,P0058,2024-06-12,153,Customer Changed Mind
RET000505,ORD0005510,P0084,2023-08-08,301,Customer Changed Mind
RET000506,ORD0005511,P0037,2023-08-24,184,Quality Issue
RET000507,ORD0005527,P0039,2023-10-27,1,Quality Issue
RET000508,ORD0005546,P0001,2024-12-01,1,Wrong Item Delivered
RET000509,ORD0005547,P0158,2024-11-30,4,Wrong Item Delivered
RET000510,ORD0005578,P0058,2024-12-16,1,Wrong Item Delivered
RET000511,ORD0005586,P0128,2023-04-12,1,Wrong Item Delivered
RET000512,ORD0005588,P0170,2023-05-19,2,Customer Changed Mind
RET000513,ORD0005593,P0036,2023-08-02,1,Customer Changed Mind
RET000514,ORD0005611,P0048,2024-10-21,1,Quality Issue
RET000515,ORD0005620,P0085,2023-04-24,1,Quality Issue
RET000516,ORD0005623,P0029,2023-05-29,1,Late Delivery
RET000517,ORD0005631,P0028,2024-01-23,1,Quality Issue
RET000518,ORD0005669,P0051,2024-03-29,1,Customer Changed Mind
RET000519,ORD0005692,P0131,2023-07-08,40,Damaged in Transit
RET000520,ORD0005692,P0050,2023-06-30,60,Damaged in Transit
RET000521,ORD0005699,P0159,2024-04-05,51,Wrong Item Delivered
RET000522,ORD0005703,P0157,2024-08-09,15,Other
RET000523,ORD0005710,P0005,2023-03-18,1,Quality Issue
RET000524,ORD0005717,P0128,2023-10-20,2,Wrong Item Delivered
RET000525,ORD0005725,P0110,2024-05-01,1,Customer Changed Mind
RET000526,ORD0005731,P0029,2024-08-11,1,Customer Changed Mind
RET000527,ORD0005735,P0060,2024-11-25,2,Quality Issue
RET000528,ORD0005767,P0149,2024-06-30,1,Customer Changed Mind
RET000529,ORD0005809,P0123,2024-06-12,1,Late Delivery
RET000530,ORD0005812,P0044,2024-06-18,1,Quality Issue
RET000531,ORD0005819,P0005,2024-08-31,1,Customer Changed Mind
RET000532,ORD0005823,P0118,2024-11-19,2,Other
RET000533,ORD0005827,P0085,2023-03-18,2,Late Delivery
RET000534,ORD0005833,P0146,2023-10-24,2,Damaged in Transit
RET000535,ORD0005855,P0107,2024-10-30,2,Quality Issue
RET000536,ORD0005856,P0035,2024-11-21,1,Damaged in Transit
RET000537,ORD0005887,P0182,2024-02-01,1,Quality Issue
RET000538,ORD0005894,P0168,2024-05-05,2,Quality Issue
RET000539,ORD0005897,P0070,2024-06-21,1,Customer Changed Mind
RET000540,ORD0005930,P0047,2024-04-18,1,Other
RET000541,ORD0005931,P0106,2024-04-28,1,Wrong Item Delivered
RET000542,ORD0005939,P0085,2024-07-30,1,Quality Issue
RET000543,ORD0005942,P0095,2024-09-01,1,Customer Changed Mind
RET000544,ORD0005965,P0092,2024-03-28,1,Damaged in Transit
RET000545,ORD9999999,P0180,2024-03-28,1,Damaged in Transit
RET000546,ORD0005969,P0100,2024-06-16,1,Damaged in Transit
RET000547,ORD0005969,P0195,2024-06-30,1,Damaged in Transit
RET000548,ORD0005979,P0105,2023-05-07,29,Other
RET000549,ORD0005981,P0029,2023-09-16,31,Customer Changed Mind
RET000550,ORD0005989,P0185,2024-04-21,23,Late Delivery
RET000551,ORD0006002,P0149,2023-01-18,14,Other
RET000552,ORD0006010,P0111,2024-04-04,102,Quality Issue
RET000553,ORD0006015,P0127,2023-01-23,4,Other
RET000554,ORD0006024,P0109,2023-06-23,3,Damaged in Transit
RET000555,ORD0006025,P0189,2023-06-20,1,Wrong Item Delivered
RET000556,ORD0006032,P0141,2024-02-01,1,Damaged in Transit
RET000557,ORD0006048,P0028,2023-04-17,1,Other
RET000558,ORD0006074,P0044,2024-07-19,2,Wrong Item Delivered
RET000559,ORD0006080,P0142,2024-09-21,1,Customer Changed Mind
RET000560,ORD0006098,P0179,2023-10-14,1,Wrong Item Delivered
RET000561,ORD0006100,P0162,2023-10-05,2,Customer Changed Mind
RET000562,ORD0006106,P0001,2024-01-13,1,Damaged in Transit
RET000563,ORD0006114,P0156,2024-07-03,1,Damaged in Transit
RET000564,ORD0006123,P0168,2024-12-06,1,Customer Changed Mind
RET000565,ORD0006159,P0021,2023-03-04,1,Damaged in Transit
RET000566,ORD0006170,P0004,2023-07-07,1,Customer Changed Mind
RET000567,ORD0006184,P0074,2024-03-14,1,Late Delivery
RET000568,ORD0006186,P0091,2024-04-06,2,Other
RET000569,ORD0006197,P0093,2024-10-11,1,Late Delivery
RET000570,ORD0006237,P0110,2024-05-18,1,Wrong Item Delivered
RET000571,ORD0006242,P0107,2024-07-20,1,Damaged in Transit
RET000572,ORD0006260,P0030,2024-08-08,9,Customer Changed Mind
RET000573,ORD0006274,P0058,2023-07-04,1,Damaged in Transit
RET000574,ORD0006278,P0145,2024-02-22,4,Customer Changed Mind
RET000575,ORD0006285,P0109,2024-11-23,1,Other
RET000576,ORD0006292,P0071,2023-03-21,1,Other
RET000577,ORD0006305,P0116,2024-03-14,2,Quality Issue
RET000578,ORD0006309,P0168,2024-07-30,1,Damaged in Transit
RET000579,ORD0006321,P0031,2024-12-07,1,Customer Changed Mind
RET000580,ORD0006346,P0068,2024-05-29,2,Quality Issue
RET000581,ORD0006357,P0038,2024-11-30,1,Late Delivery
RET000582,ORD0006359,P0079,2023-02-19,1,Quality Issue
RET000583,ORD0006371,P0027,2024-01-21,1,Late Delivery
RET000584,ORD0006389,P0119,2024-11-12,1,Customer Changed Mind
RET000585,ORD0006396,P0173,2023-05-24,1,Customer Changed Mind
RET000586,ORD0006408,P0055,2023-12-12,1,Quality Issue
RET000587,ORD0006418,P0023,2024-05-09,1,Customer Changed Mind
RET000588,ORD0006419,P0164,2024-06-08,2,Damaged in Transit
RET000589,ORD0006419,P0119,2024-06-10,1,Damaged in Transit
RET000590,ORD0006421,P0159,2024-10-26,2,Damaged in Transit
RET000591,ORD0006423,P0021,2024-10-21,1,Damaged in Transit
RET000592,ORD0006427,P0061,2024-12-11,1,Customer Changed Mind
RET000593,ORD0006433,P0032,2023-07-17,1,Customer Changed Mind
RET000594,ORD0006434,P0011,2023-07-13,4,Other
RET000595,ORD0006435,P0082,2023-08-14,1,Customer Changed Mind
RET000596,ORD0006441,P0031,2024-01-22,1,Damaged in Transit
RET000597,ORD0006457,P0027,2024-11-11,1,Quality Issue
RET000598,ORD0006475,P0107,2023-02-09,1,Wrong Item Delivered
RET000599,ORD0006477,P0023,2023-02-01,1,Damaged in Transit
RET000600,ORD0006485,P0186,2023-07-24,1,Wrong Item Delivered
RET000601,ORD0006493,P0111,2023-10-02,2,Wrong Item Delivered
RET000602,ORD0006499,P0087,2024-01-18,1,Late Delivery
RET000603,ORD0006514,P0118,2023-01-22,1,Wrong Item Delivered
RET000604,ORD0006519,P0163,2023-04-29,3,Customer Changed Mind
RET000605,ORD0006533,P0115,2024-04-15,2,Wrong Item Delivered
RET000606,ORD0006533,P0014,2024-04-30,1,Wrong Item Delivered
RET000607,ORD0006538,P0170,2024-12-22,1,Customer Changed Mind
RET000608,ORD0006569,P0015,2024-01-24,1,Quality Issue
RET000609,ORD0006574,P0063,2024-05-16,1,Damaged in Transit
RET000610,ORD0006575,P0193,2024-06-06,1,Customer Changed Mind
RET000611,ORD0006579,P0183,2024-08-07,1,Late Delivery
RET000612,ORD0006600,P0171,2023-06-15,1,Wrong Item Delivered
RET000613,ORD0006608,P0090,2023-10-15,1,Customer Changed Mind
RET000614,ORD0006614,P0029,2023-12-11,1,Wrong Item Delivered
RET000615,ORD0006630,P0188,2024-10-24,1,Wrong Item Delivered
RET000616,ORD0006639,P0194,2023-04-23,93,Quality Issue
RET000617,ORD0006654,P0087,2023-03-02,36,Wrong Item Delivered
RET000618,ORD0006665,P0056,2024-03-07,58,Late Delivery
RET000619,ORD0006666,P0057,2024-04-28,24,Customer Changed Mind
RET000620,ORD0006687,P0006,2024-07-31,133,Quality Issue
RET000621,ORD0006688,P0151,2024-10-26,49,Quality Issue
RET000622,ORD9999999,P0098,2023-11-24,1,Quality Issue
RET000623,ORD0006783,P0028,2024-07-22,2,Late Delivery
RET000624,ORD0006788,P0015,2024-10-30,1,Other
RET000625,ORD0006790,P0132,2024-11-25,1,Late Delivery
RET000626,ORD0006798,P0107,2023-04-30,4,Customer Changed Mind
RET000627,ORD0006820,P0021,2023-03-16,2,Damaged in Transit
RET000628,ORD0006824,P0005,2023-05-19,1,Damaged in Transit
RET000629,ORD0006830,P0103,2023-09-10,1,Late Delivery
RET000630,ORD0006846,P0101,2024-06-13,2,Damaged in Transit
RET000631,ORD0006860,P0161,2023-04-18,117,Wrong Item Delivered
RET000632,ORD0006865,P0004,2024-01-03,96,Customer Changed Mind
RET000633,ORD0006873,P0049,2023-02-10,1,Quality Issue
RET000634,ORD0006874,P0103,2023-03-17,2,Wrong Item Delivered
RET000635,ORD9999999,P0034,2023-05-18,4,Wrong Item Delivered
RET000636,ORD0006881,P0024,2023-08-16,1,Customer Changed Mind
RET000637,ORD0006884,P0150,2023-09-21,3,Damaged in Transit
RET000638,ORD0006905,P0101,2023-05-04,2,Wrong Item Delivered
RET000639,ORD0006909,P0013,2023-11-28,2,Damaged in Transit
RET000640,ORD0006910,P0110,2023-12-11,1,Damaged in Transit
RET000641,ORD0006914,P0018,2024-02-28,5,Late Delivery
RET000642,ORD0006927,P0028,2023-01-14,1,Late Delivery
RET000643,ORD0006938,P0084,2023-08-05,1,Quality Issue
RET000644,ORD0006956,P0081,2024-07-26,2,Late Delivery
RET000645,ORD0006959,P0050,2024-12-06,1,Customer Changed Mind
RET000646,ORD0006964,P0029,2023-07-14,44,Wrong Item Delivered
RET000647,ORD0006985,P0166,2023-05-29,1,Customer Changed Mind
RET000648,ORD0006993,P0140,2023-09-28,1,Quality Issue
RET000649,ORD0007013,P0029,2023-06-08,1,Damaged in Transit
RET000650,ORD0007024,P0010,2024-02-03,1,Customer Changed Mind
RET000651,ORD0007043,P0114,2024-10-06,1,Customer Changed Mind
RET000652,ORD0007056,P0093,2023-04-01,1,Quality Issue
RET000653,ORD0007069,P0134,2023-11-26,1,Wrong Item Delivered
RET000654,ORD0007071,P0053,2024-01-15,2,Late Delivery
RET000655,ORD0007097,P0066,2023-06-07,1,Damaged in Transit
RET000656,ORD0007099,P0166,2023-06-16,1,Customer Changed Mind
RET000657,ORD0007101,P0037,2023-07-17,1,Wrong Item Delivered
RET000658,ORD0007112,P0101,2023-11-04,1,Customer Changed Mind
RET000659,ORD0007120,P0110,2024-02-15,1,Other
RET000660,ORD0007126,P0045,2024-07-15,2,Customer Changed Mind
RET000661,ORD0007128,P0095,2024-07-12,1,Customer Changed Mind
RET000662,ORD0007137,P0149,2023-03-06,1,Quality Issue
RET000663,ORD0007154,P0126,2024-01-18,5,Damaged in Transit
RET000664,ORD0007158,P0095,2024-03-21,1,Quality Issue
RET000665,ORD0007167,P0092,2024-12-23,2,Quality Issue
RET000666,ORD0007176,P0038,2023-05-26,1,Quality Issue
RET000667,ORD0007204,P0083,2024-08-31,1,Other
RET000668,ORD0007228,P0089,2024-01-02,1,Wrong Item Delivered
RET000669,ORD0007239,P0027,2024-06-03,2,Quality Issue
RET000670,ORD0007250,P0042,2023-08-15,240,Quality Issue
RET000671,ORD0007270,P0186,2023-05-18,2,Quality Issue
RET000672,ORD0007278,P0087,2023-08-28,1,Customer Changed Mind
RET000673,ORD0007302,P0066,2024-07-22,2,Late Delivery
RET000674,ORD0007316,P0159,2023-02-10,2,Quality Issue
RET000675,ORD0007334,P0145,2024-12-23,2,Wrong Item Delivered
RET000676,ORD0007348,P0060,2023-01-17,1,Late Delivery
RET000677,ORD0007360,P0093,2023-10-04,1,Late Delivery
RET000678,ORD0007385,P0181,2023-01-27,52,Late Delivery
RET000679,ORD9999999,P0051,2024-02-10,227,Late Delivery
RET000680,ORD0007406,P0094,2023-05-13,1,Damaged in Transit
RET000681,ORD0007413,P0002,2023-12-15,2,Quality Issue
RET000682,ORD0007415,P0050,2024-01-09,4,Damaged in Transit
RET000683,ORD0007430,P0190,2024-07-24,1,Wrong Item Delivered
RET000684,ORD0007436,P0004,2023-09-03,67,Late Delivery
RET000685,ORD0007536,P0166,2024-02-29,1,Late Delivery
RET000686,ORD0007542,P0051,2024-06-21,2,Wrong Item Delivered
RET000687,ORD0007545,P0093,2024-08-14,1,Damaged in Transit
RET000688,ORD0007546,P0195,2024-09-10,1,Damaged in Transit
RET000689,ORD0007559,P0093,2023-06-16,1,Quality Issue
RET000690,ORD0007560,P0110,2023-07-05,1,Customer Changed Mind
RET000691,ORD0007573,P0118,2023-12-28,1,Customer Changed Mind
RET000692,ORD0007578,P0055,2024-04-29,1,Other
RET000693,ORD0007612,P0037,2023-12-05,1,Quality Issue
RET000694,ORD0007651,P0068,2024-08-04,4,Wrong Item Delivered
RET000695,ORD0007655,P0101,2024-10-09,1,Customer Changed Mind
RET000696,ORD0007656,P0122,2024-10-22,1,Damaged in Transit
RET000697,ORD0007656,P0124,2024-10-15,1,Damaged in Transit
RET000698,ORD0007719,P0173,2023-03-16,3,Damaged in Transit
RET000699,ORD0007720,P0132,2023-03-31,2,Damaged in Transit
RET000700,ORD0007722,P0078,2023-08-02,4,Damaged in Transit
RET000701,ORD0007722,P0097,2023-08-12,1,Damaged in Transit
RET000702,ORD0007722,P0198,2023-08-01,1,Damaged in Transit
RET000703,ORD0007728,P0004,2023-11-25,1,Quality Issue
RET000704,ORD0007734,P0122,2024-07-24,1,Quality Issue
RET000705,ORD0007743,P0049,2023-05-03,95,Damaged in Transit
RET000706,ORD0007743,P0107,2023-04-29,112,Damaged in Transit
RET000707,ORD0007756,P0196,2023-02-07,2,Quality Issue
RET000708,ORD0007762,P0064,2023-06-24,1,Late Delivery
RET000709,ORD0007772,P0039,2023-12-12,1,Wrong Item Delivered
RET000710,ORD0007773,P0187,2024-01-20,2,Customer Changed Mind
RET000711,ORD0007774,P0142,2024-01-21,1,Wrong Item Delivered
RET000712,ORD0007775,P0099,2024-04-11,1,Wrong Item Delivered
RET000713,ORD0007781,P0031,2024-07-09,1,Damaged in Transit
RET000714,ORD0007787,P0024,2024-09-21,1,Quality Issue
RET000715,ORD0007805,P0061,2023-11-28,1,Damaged in Transit
RET000716,ORD0007806,P0169,2024-01-14,1,Quality Issue
RET000717,ORD0007818,P0198,2024-07-04,1,Quality Issue
RET000718,ORD9999999,P0114,2023-04-30,1,Customer Changed Mind
RET000719,ORD0007833,P0064,2023-05-03,1,Customer Changed Mind
RET000720,ORD0007838,P0085,2023-06-24,1,Damaged in Transit
RET000721,ORD0007838,P0149,2023-06-29,1,Damaged in Transit
RET000722,ORD0007851,P0181,2023-10-10,1,Late Delivery
RET000723,ORD0007860,P0067,2024-04-26,1,Damaged in Transit
RET000724,ORD0007871,P0112,2024-11-13,1,Wrong Item Delivered
RET000725,ORD0007888,P0045,2024-05-26,4,Wrong Item Delivered
RET000726,ORD0007892,P0065,2024-09-23,1,Damaged in Transit
RET000727,ORD0007896,P0059,2023-02-11,1,Quality Issue
RET000728,ORD0007899,P0027,2023-04-30,1,Other
RET000729,ORD0007924,P0165,2024-06-30,2,Wrong Item Delivered
RET000730,ORD0007932,P0064,2024-11-24,2,Quality Issue
RET000731,ORD0007959,P0114,2024-09-02,20,Quality Issue
RET000732,ORD0007989,P0083,2024-06-19,2,Damaged in Transit
RET000733,ORD0007996,P0075,2024-11-22,1,Quality Issue
RET000734,ORD0007997,P0116,2024-12-24,1,Customer Changed Mind
RET000735,ORD0008006,P0168,2023-10-04,3,Other
RET000736,ORD0008007,P0196,2023-10-09,4,Quality Issue
RET000737,ORD0008009,P0116,2024-04-29,1,Other
RET000738,ORD0008023,P0094,2023-02-22,1,Late Delivery
RET000739,ORD0008037,P0124,2023-10-19,1,Customer Changed Mind
RET000740,ORD0008041,P0027,2023-12-20,1,Customer Changed Mind
RET000741,ORD0008042,P0183,2024-01-20,1,Damaged in Transit
RET000742,ORD0008049,P0144,2024-04-30,1,Damaged in Transit
RET000743,ORD0008053,P0047,2024-07-01,1,Damaged in Transit
RET000744,ORD0008059,P0024,2024-11-04,1,Other
RET000745,ORD0008062,P0189,2024-12-08,1,Wrong Item Delivered
RET000746,ORD0008066,P0019,2023-03-16,2,Quality Issue
RET000747,ORD0008101,P0051,2023-09-25,1,Quality Issue
RET000748,ORD0008121,P0085,2024-11-18,1,Customer Changed Mind
RET000749,ORD0008152,P0184,2024-10-26,2,Damaged in Transit
RET000750,ORD0008159,P0147,2023-03-27,1,Late Delivery
RET000751,ORD0008161,P0031,2023-04-07,2,Wrong Item Delivered
RET000752,ORD0008181,P0155,2023-01-26,1,Quality Issue
RET000753,ORD0008186,P0186,2023-03-19,1,Wrong Item Delivered
RET000754,ORD0008215,P0057,2024-03-09,1,Damaged in Transit
RET000755,ORD0008224,P0076,2024-10-01,1,Damaged in Transit
RET000756,ORD0008231,P0122,2023-03-17,3,Other
RET000757,ORD0008240,P0093,2023-10-25,1,Wrong Item Delivered
RET000758,ORD0008245,P0167,2024-02-13,3,Customer Changed Mind
RET000759,ORD0008297,P0123,2024-10-17,1,Damaged in Transit
RET000760,ORD0008337,P0069,2023-06-09,1,Quality Issue
RET000761,ORD0008338,P0183,2023-05-30,1,Damaged in Transit
RET000762,ORD0008364,P0159,2024-03-15,2,Customer Changed Mind
RET000763,ORD0008389,P0082,2023-05-21,1,Wrong Item Delivered
RET000764,ORD0008391,P0049,2023-06-07,1,Late Delivery
RET000765,ORD0008395,P0063,2023-09-05,2,Customer Changed Mind
RET000766,ORD0008406,P0197,2024-01-15,1,Quality Issue
RET000767,ORD0008448,P0020,2023-10-14,3,Quality Issue
RET000768,ORD0008457,P0042,2024-06-13,4,Quality Issue
RET000769,ORD0008472,P0083,2023-11-30,1,Quality Issue
RET000770,ORD0008485,P0184,2024-10-24,1,Quality Issue
RET000771,ORD0008494,P0145,2023-09-09,1,Wrong Item Delivered
RET000772,ORD0008498,P0196,2023-11-05,2,Other
RET000773,ORD0008512,P0195,2024-12-07,1,Wrong Item Delivered
RET000774,ORD0008518,P0158,2023-04-04,3,Customer Changed Mind
RET000775,ORD0008552,P0143,2023-07-07,1,Damaged in Transit
RET000776,ORD0008567,P0073,2024-02-21,1,Other
RET000777,ORD0008600,P0084,2024-04-22,1,Late Delivery
RET000778,ORD0008619,P0131,2023-09-12,2,Customer Changed Mind
RET000779,ORD0008631,P0093,2024-04-23,1,Quality Issue
RET000780,ORD0008636,P0169,2024-06-26,1,Customer Changed Mind
RET000781,ORD0008664,P0165,2024-04-18,1,Wrong Item Delivered
RET000782,ORD0008673,P0157,2024-06-30,1,Quality Issue
RET000783,ORD0008676,P0182,2024-09-19,1,Damaged in Transit
RET000784,ORD0008679,P0111,2024-10-18,1,Customer Changed Mind
RET000785,ORD0008689,P0198,2023-07-23,1,Customer Changed Mind
RET000786,ORD0008692,P0162,2023-09-05,2,Quality Issue
RET000787,ORD0008704,P0078,2024-05-02,1,Other
RET000788,ORD0008707,P0118,2024-04-30,1,Customer Changed Mind
RET000789,ORD0008707,P0011,2024-04-28,1,Wrong Item Delivered
RET000790,ORD0008745,P0053,2024-01-16,1,Damaged in Transit
RET000791,ORD0008746,P0117,2024-02-13,1,Wrong Item Delivered
RET000792,ORD0008750,P0106,2024-04-06,1,Other
RET000793,ORD0008752,P0091,2024-03-30,1,Damaged in Transit
RET000794,ORD0008764,P0027,2024-09-23,1,Damaged in Transit
RET000795,ORD0008777,P0031,2023-02-08,1,Wrong Item Delivered
RET000796,ORD0008781,P0138,2023-05-18,2,Late Delivery
RET000797,ORD0008792,P0183,2024-03-06,3,Late Delivery
RET000798,ORD0008802,P0005,2024-09-16,2,Other
RET000799,ORD0008803,P0074,2024-09-26,1,Quality Issue
RET000800,ORD0008807,P0185,2023-07-15,74,Damaged in Transit
RET000801,ORD0008818,P0174,2024-08-28,34,Late Delivery
RET000802,ORD0008820,P0122,2024-09-29,23,Late Delivery
RET000803,ORD0008832,P0181,2023-05-05,1,Wrong Item Delivered
RET000804,ORD0008885,P0050,2024-02-06,1,Wrong Item Delivered
RET000805,ORD0008886,P0192,2024-02-22,1,Other
RET000806,ORD0008900,P0074,2024-11-30,1,Damaged in Transit
RET000807,ORD0008914,P0061,2023-08-24,3,Wrong Item Delivered
RET000808,ORD0008937,P0107,2023-12-20,84,Wrong Item Delivered
RET000809,ORD0008941,P0122,2024-07-11,256,Late Delivery
RET000810,ORD0008944,P0139,2023-04-21,7,Damaged in Transit
RET000811,ORD0008950,P0182,2023-10-16,56,Customer Changed Mind
RET000812,ORD0008957,P0165,2024-07-23,147,Damaged in Transit
RET000813,ORD0008962,P0198,2023-02-09,1,Wrong Item Delivered
RET000814,ORD0008971,P0063,2023-10-18,1,Quality Issue
RET000815,ORD0008980,P0044,2024-05-11,2,Damaged in Transit
RET000816,ORD0008984,P0037,2024-08-04,1,Other
RET000817,ORD0008989,P0115,2024-11-27,1,Damaged in Transit
RET000818,ORD0009000,P0019,2023-11-09,219,Other
RET000819,ORD0009006,P0114,2023-04-28,1,Quality Issue
RET000820,ORD0009037,P0026,2024-05-31,4,Customer Changed Mind
RET000821,ORD0009053,P0005,2024-07-19,4,Wrong Item Delivered
RET000822,ORD0009065,P0052,2023-10-31,13,Customer Changed Mind
RET000823,ORD0009066,P0001,2024-01-08,69,Quality Issue
RET000824,ORD0009070,P0074,2024-05-29,308,Other
RET000825,ORD0009078,P0131,2023-04-11,1,Damaged in Transit
RET000826,ORD9999999,P0029,2023-01-21,1,Customer Changed Mind
RET000827,ORD0009105,P0082,2023-06-30,1,Damaged in Transit
RET000828,ORD0009109,P0090,2023-10-25,1,Damaged in Transit
RET000829,ORD0009119,P0064,2024-06-04,1,Late Delivery
RET000830,ORD0009129,P0105,2024-12-05,1,Other
RET000831,ORD0009137,P0165,2023-09-03,4,Damaged in Transit
RET000832,ORD0009138,P0093,2023-10-15,1,Customer Changed Mind
RET000833,ORD0009171,P0016,2023-01-29,1,Damaged in Transit
RET000834,ORD0009178,P0031,2023-04-26,1,Late Delivery
RET000835,ORD0009183,P0033,2023-07-08,1,Damaged in Transit
RET000836,ORD0009198,P0080,2024-05-19,1,Late Delivery
RET000837,ORD0009211,P0158,2023-01-19,5,Damaged in Transit
RET000838,ORD0009212,P0157,2023-01-24,2,Quality Issue
RET000839,ORD0009243,P0132,2023-04-09,5,Customer Changed Mind
RET000840,ORD0009251,P0026,2023-10-18,23,Customer Changed Mind
RET000841,ORD0009252,P0174,2023-10-26,12,Damaged in Transit
RET000842,ORD0009258,P0031,2024-05-17,5,Other
RET000843,ORD0009275,P0194,2023-04-19,2,Wrong Item Delivered
RET000844,ORD0009275,P0129,2023-04-27,1,Wrong Item Delivered
RET000845,ORD0009281,P0032,2023-06-24,1,Late Delivery
RET000846,ORD0009282,P0119,2023-07-10,1,Customer Changed Mind
RET000847,ORD0009292,P0074,2024-01-22,1,Customer Changed Mind
RET000848,ORD0009296,P0077,2024-02-02,1,Quality Issue
RET000849,ORD0009302,P0026,2024-05-28,1,Damaged in Transit
RET000850,ORD0009302,P0057,2024-05-22,1,Damaged in Transit
RET000851,ORD0009306,P0165,2024-08-06,1,Customer Changed Mind
RET000852,ORD0009316,P0192,2023-01-31,1,Wrong Item Delivered
RET000853,ORD0009326,P0003,2023-11-17,1,Wrong Item Delivered
RET000854,ORD0009327,P0005,2023-12-04,2,Late Delivery
RET000855,ORD0009328,P0020,2023-11-28,2,Damaged in Transit
RET000856,ORD0009342,P0157,2024-09-28,1,Customer Changed Mind
RET000857,ORD0009344,P0049,2024-10-16,1,Quality Issue
RET000858,ORD0009360,P0019,2024-01-07,1,Late Delivery
RET000859,ORD0009364,P0149,2024-05-11,1,Other
RET000860,ORD0009365,P0010,2024-08-05,1,Late Delivery
RET000861,ORD0009374,P0196,2023-03-19,12,Customer Changed Mind
RET000862,ORD0009380,P0091,2024-01-04,11,Late Delivery
RET000863,ORD0009388,P0123,2024-04-04,15,Customer Changed Mind
RET000864,ORD0009389,P0101,2024-05-20,17,Quality Issue
RET000865,ORD0009394,P0035,2024-10-07,7,Customer Changed Mind
RET000866,ORD0009399,P0149,2023-04-01,1,Quality Issue
RET000867,ORD0009408,P0174,2023-08-01,1,Quality Issue
RET000868,ORD0009410,P0181,2023-08-22,1,Wrong Item Delivered
RET000869,ORD0009412,P0084,2023-09-27,1,Damaged in Transit
RET000870,ORD0009422,P0051,2024-03-25,1,Customer Changed Mind
RET000871,ORD0009427,P0083,2024-07-03,1,Other
RET000872,ORD0009444,P0041,2023-04-25,5,Customer Changed Mind
RET000873,ORD0009468,P0079,2023-03-04,1,Damaged in Transit
RET000874,ORD0009472,P0188,2023-05-25,1,Customer Changed Mind
RET000875,ORD0009481,P0097,2024-02-29,1,Quality Issue
RET000876,ORD0009500,P0024,2024-10-14,1,Quality Issue
RET000877,ORD0009510,P0132,2023-03-04,1,Late Delivery
RET000878,ORD0009532,P0144,2024-11-27,1,Wrong Item Delivered
RET000879,ORD0009540,P0136,2023-03-19,2,Wrong Item Delivered
RET000880,ORD0009546,P0194,2023-06-07,1,Wrong Item Delivered
RET000881,ORD9999999,P0070,2024-03-15,1,Wrong Item Delivered
RET000882,ORD0009585,P0061,2023-01-26,4,Damaged in Transit
RET000883,ORD0009590,P0101,2023-03-25,3,Other
RET000884,ORD9999999,P0122,2024-09-25,4,Damaged in Transit
RET000885,ORD0009615,P0039,2024-11-28,2,Customer Changed Mind
RET000886,ORD0009643,P0089,2024-04-19,1,Quality Issue
RET000887,ORD0009679,P0003,2023-11-04,1,Customer Changed Mind
RET000888,ORD0009685,P0037,2024-02-22,2,Quality Issue
RET000889,ORD0009688,P0053,2024-03-27,1,Quality Issue
RET000890,ORD0009690,P0082,2024-03-28,1,Late Delivery
RET000891,ORD0009698,P0141,2024-11-22,4,Wrong Item Delivered
RET000892,ORD0009708,P0124,2023-11-12,1,Damaged in Transit
RET000893,ORD0009712,P0176,2024-04-23,3,Other
RET000894,ORD0009714,P0137,2024-08-16,2,Late Delivery
RET000895,ORD0009718,P0044,2024-08-29,1,Customer Changed Mind
RET000896,ORD0009719,P0037,2024-11-21,2,Late Delivery
RET000897,ORD0009726,P0003,2023-03-01,1,Customer Changed Mind
RET000898,ORD0009732,P0062,2023-10-20,1,Customer Changed Mind
RET000899,ORD0009740,P0029,2024-07-31,1,Quality Issue
RET000900,ORD0009749,P0048,2023-05-07,241,Quality Issue
RET000901,ORD0009788,P0093,2023-03-29,1,Quality Issue
RET000902,ORD0009789,P0057,2023-04-18,1,Wrong Item Delivered
RET000903,ORD0009843,P0046,2024-10-10,1,Quality Issue
RET000904,ORD0009855,P0121,2023-10-15,1,Damaged in Transit
RET000905,ORD0009877,P0004,2024-12-28,2,Wrong Item Delivered
RET000906,ORD0009896,P0027,2023-11-16,1,Late Delivery
RET000907,ORD0009911,P0111,2024-09-24,1,Wrong Item Delivered
RET000908,ORD0009925,P0118,2023-06-10,1,Customer Changed Mind
RET000909,ORD0009931,P0122,2023-08-25,1,Customer Changed Mind
RET000910,ORD0009933,P0132,2023-10-02,5,Damaged in Transit
RET000911,ORD0009939,P0151,2024-01-10,1,Wrong Item Delivered
RET000912,ORD0009946,P0116,2024-05-27,1,Wrong Item Delivered
RET000913,ORD0009976,P0047,2023-02-13,1,Quality Issue
RET000914,ORD0009999,P0149,2024-01-11,1,Customer Changed Mind
RET000915,ORD0010001,P0177,2024-02-28,1,Quality Issue
RET000916,ORD0010057,P0031,2023-05-26,1,Customer Changed Mind
RET000917,ORD0010064,P0105,2023-11-11,1,Damaged in Transit
RET000918,ORD0010066,P0095,2024-03-28,1,Wrong Item Delivered
RET000919,ORD0010068,P0112,2024-04-14,1,Other
RET000920,ORD0010088,P0062,2023-03-24,2,Damaged in Transit
RET000921,ORD0010109,P0093,2024-05-17,1,Late Delivery
RET000922,ORD0010111,P0180,2024-06-16,2,Quality Issue
RET000923,ORD0010122,P0155,2023-04-16,1,Quality Issue
RET000924,ORD0010127,P0061,2023-07-30,1,Customer Changed Mind
RET000925,ORD0010133,P0148,2024-03-06,2,Wrong Item Delivered
RET000926,ORD0010143,P0159,2023-03-25,1,Customer Changed Mind
RET000927,ORD0010145,P0073,2023-06-05,1,Other
RET000928,ORD0010151,P0004,2023-12-18,1,Other
RET000929,ORD0010168,P0200,2023-03-04,1,Damaged in Transit
RET000930,ORD0010174,P0051,2023-09-05,2,Customer Changed Mind
RET000931,ORD0010179,P0195,2024-02-07,1,Wrong Item Delivered
RET000932,ORD0010193,P0165,2023-05-22,1,Quality Issue
RET000933,ORD0010218,P0151,2024-10-11,1,Other
RET000934,ORD0010223,P0057,2024-12-02,1,Customer Changed Mind
RET000935,ORD0010225,P0082,2023-02-13,1,Quality Issue
RET000936,ORD0010226,P0106,2023-04-22,3,Quality Issue
RET000937,ORD0010227,P0012,2023-05-17,2,Customer Changed Mind
RET000938,ORD0010238,P0016,2024-04-21,2,Quality Issue
RET000939,ORD0010244,P0030,2024-08-04,2,Customer Changed Mind
RET000940,ORD0010270,P0068,2023-11-11,2,Wrong Item Delivered
RET000941,ORD0010287,P0004,2024-08-31,1,Damaged in Transit
RET000942,ORD0010305,P0124,2024-04-21,77,Customer Changed Mind
RET000943,ORD0010318,P0037,2023-04-15,1,Other
RET000944,ORD0010323,P0060,2023-05-28,1,Customer Changed Mind
RET000945,ORD0010380,P0179,2023-06-12,2,Wrong Item Delivered
RET000946,ORD0010383,P0186,2023-09-14,2,Customer Changed Mind
RET000947,ORD0010411,P0041,2023-06-02,1,Damaged in Transit
RET000948,ORD0010417,P0194,2023-11-16,1,Damaged in Transit
RET000949,ORD0010424,P0042,2024-06-06,1,Wrong Item Delivered
RET000950,ORD0010428,P0117,2024-07-28,1,Other
RET000951,ORD0010431,P0119,2024-10-01,1,Wrong Item Delivered
RET000952,ORD0010435,P0014,2024-11-18,2,Customer Changed Mind
RET000953,ORD0010444,P0037,2023-05-22,1,Damaged in Transit
RET000954,ORD0010446,P0185,2023-06-04,1,Customer Changed Mind
RET000955,ORD0010450,P0103,2023-08-10,1,Customer Changed Mind
RET000956,ORD0010452,P0042,2023-08-12,1,Customer Changed Mind
RET000957,ORD0010454,P0168,2023-10-24,1,Wrong Item Delivered
RET000958,ORD0010455,P0049,2023-09-30,1,Wrong Item Delivered
RET000959,ORD0010474,P0168,2024-08-12,1,Wrong Item Delivered
RET000960,ORD0010478,P0032,2024-08-19,2,Late Delivery
RET000961,ORD0010483,P0123,2024-10-01,1,Quality Issue
RET000962,ORD0010492,P0169,2023-07-26,1,Damaged in Transit
RET000963,ORD0010493,P0049,2023-09-12,2,Damaged in Transit
RET000964,ORD0010502,P0104,2024-06-05,1,Wrong Item Delivered
RET000965,ORD0010509,P0076,2023-02-09,1,Late Delivery
RET000966,ORD0010525,P0196,2024-08-25,1,Late Delivery
RET000967,ORD0010539,P0105,2023-12-03,26,Customer Changed Mind
RET000968,ORD9999999,P0165,2024-07-01,5,Customer Changed Mind
RET000969,ORD0010580,P0014,2024-09-05,1,Damaged in Transit
RET000970,ORD0010585,P0198,2024-10-08,1,Customer Changed Mind
RET000971,ORD0010597,P0129,2023-02-20,1,Damaged in Transit
RET000972,ORD0010600,P0094,2023-03-08,2,Quality Issue
RET000973,ORD0010607,P0044,2023-10-20,1,Damaged in Transit
RET000974,ORD0010618,P0094,2024-06-14,1,Wrong Item Delivered
RET000975,ORD0010621,P0182,2024-08-19,1,Customer Changed Mind
RET000976,ORD0010641,P0035,2023-06-19,1,Damaged in Transit
RET000977,ORD0010641,P0063,2023-07-05,2,Damaged in Transit
RET000978,ORD0010641,P0068,2023-06-23,2,Damaged in Transit
RET000979,ORD0010644,P0050,2023-09-15,1,Quality Issue
RET000980,ORD0010654,P0195,2024-02-18,1,Customer Changed Mind
RET000981,ORD0010671,P0137,2024-12-04,2,Damaged in Transit
RET000982,ORD0010683,P0162,2023-07-15,1,Damaged in Transit
RET000983,ORD0010692,P0045,2024-01-23,2,Damaged in Transit
RET000984,ORD0010697,P0111,2024-04-25,1,Other
RET000985,ORD0010723,P0198,2023-01-11,76,Damaged in Transit
RET000986,ORD0010725,P0067,2023-03-06,250,Damaged in Transit
RET000987,ORD0010744,P0034,2024-07-04,55,Late Delivery
RET000988,ORD0010751,P0096,2023-04-25,2,Other
RET000989,ORD0010768,P0181,2024-06-25,3,Quality Issue
RET000990,ORD0010774,P0011,2024-12-10,2,Late Delivery
RET000991,ORD0010797,P0182,2023-07-05,2,Quality Issue
RET000992,ORD0010802,P0123,2024-01-11,1,Late Delivery
RET000993,ORD0010814,P0068,2024-09-05,2,Damaged in Transit
RET000994,ORD0010815,P0013,2024-08-17,1,Customer Changed Mind
RET000995,ORD0010818,P0001,2024-09-12,1,Damaged in Transit
RET000996,ORD0010824,P0192,2024-11-12,1,Late Delivery
RET000997,ORD0010824,P0050,2024-11-12,2,Customer Changed Mind
RET000998,ORD0010826,P0132,2024-12-22,1,Customer Changed Mind
RET000999,ORD0010840,P0144,2023-06-26,1,Damaged in Transit
RET001000,ORD0010842,P0154,2023-09-29,1,Quality Issue
RET001001,ORD0010845,P0116,2023-11-13,1,Quality Issue
RET001002,ORD0010862,P0058,2024-08-06,2,Damaged in Transit
RET001003,ORD0010906,P0163,2024-07-11,1,Customer Changed Mind
RET001004,ORD0010931,P0169,2023-04-29,1,Wrong Item Delivered
RET001005,ORD0010932,P0163,2023-05-12,2,Late Delivery
RET001006,ORD0010972,P0085,2023-02-26,1,Wrong Item Delivered
RET001007,ORD0010980,P0026,2023-08-29,1,Quality Issue
RET001008,ORD0010983,P0107,2023-10-09,2,Other
RET001009,ORD0010989,P0101,2024-03-27,1,Late Delivery
RET001010,ORD0011008,P0149,2023-03-19,1,Customer Changed Mind
RET001011,ORD0011009,P0037,2023-04-07,1,Quality Issue
RET001012,ORD9999999,P0132,2023-08-31,1,Damaged in Transit
RET001013,ORD0011061,P0101,2023-05-22,1,Wrong Item Delivered
RET001014,ORD0011062,P0106,2023-06-13,1,Customer Changed Mind
RET001015,ORD0011074,P0157,2024-02-09,1,Wrong Item Delivered
RET001016,ORD0011075,P0036,2024-03-06,1,Damaged in Transit
RET001017,ORD0011097,P0025,2023-03-12,2,Wrong Item Delivered
RET001018,ORD0011100,P0051,2023-06-25,5,Wrong Item Delivered
RET001019,ORD0011114,P0030,2024-06-04,1,Other
RET001020,ORD0011117,P0140,2024-12-26,1,Quality Issue
RET001021,ORD0011129,P0176,2023-07-30,233,Customer Changed Mind
RET001022,ORD0011137,P0144,2023-04-24,1,Quality Issue
RET001023,ORD0011151,P0137,2024-06-18,2,Late Delivery
RET001024,ORD9999999,P0001,2024-11-20,3,Wrong Item Delivered
RET001025,ORD0011219,P0158,2023-12-25,1,Other
RET001026,ORD0011256,P0068,2024-09-19,10,Damaged in Transit
RET001027,ORD0011258,P0027,2024-11-10,2,Customer Changed Mind
RET001028,ORD0011272,P0020,2023-05-25,1,Customer Changed Mind
RET001029,ORD0011296,P0143,2024-06-27,1,Quality Issue
RET001030,ORD0011310,P0142,2023-05-27,1,Customer Changed Mind
RET001031,ORD0011313,P0083,2023-06-21,1,Wrong Item Delivered
RET001032,ORD0011313,P0023,2023-07-08,1,Wrong Item Delivered
RET001033,ORD0011316,P0050,2023-08-23,1,Damaged in Transit
RET001034,ORD0011343,P0051,2024-09-20,1,Late Delivery
RET001035,ORD0011364,P0024,2024-11-30,11,Damaged in Transit
RET001036,ORD0011371,P0072,2023-04-07,1,Wrong Item Delivered
RET001037,ORD0011373,P0006,2023-04-26,1,Customer Changed Mind
RET001038,ORD0011386,P0111,2023-12-06,1,Other
RET001039,ORD0011428,P0039,2024-02-22,3,Quality Issue
RET001040,ORD0011438,P0135,2023-01-17,1,Wrong Item Delivered
RET001041,ORD0011446,P0181,2023-08-14,1,Damaged in Transit
RET001042,ORD0011451,P0037,2023-10-01,1,Damaged in Transit
RET001043,ORD0011466,P0046,2024-05-29,2,Damaged in Transit
RET001044,ORD0011472,P0035,2023-03-23,2,Wrong Item Delivered
RET001045,ORD0011479,P0125,2023-09-23,3,Late Delivery
RET001046,ORD0011510,P0008,2023-05-24,1,Customer Changed Mind
RET001047,ORD0011512,P0158,2023-08-03,1,Wrong Item Delivered
RET001048,ORD0011518,P0134,2023-10-16,1,Other
RET001049,ORD0011522,P0044,2023-11-26,1,Damaged in Transit
RET001050,ORD0011545,P0101,2023-06-25,2,Customer Changed Mind
RET001051,ORD0011554,P0078,2023-11-14,1,Damaged in Transit
RET001052,ORD0011554,P0107,2023-11-24,2,Quality Issue
RET001053,ORD0011557,P0053,2024-02-29,1,Other
RET001054,ORD0011572,P0016,2023-08-06,1,Damaged in Transit
RET001055,ORD0011575,P0038,2023-08-23,1,Quality Issue
RET001056,ORD0011586,P0159,2024-05-14,1,Customer Changed Mind
RET001057,ORD0011597,P0195,2024-10-31,2,Customer Changed Mind
RET001058,ORD0011608,P0026,2024-06-29,54,Wrong Item Delivered
RET001059,ORD0011609,P0006,2024-10-13,48,Wrong Item Delivered
RET001060,ORD0011612,P0052,2023-01-24,1,Late Delivery
RET001061,ORD0011615,P0149,2023-04-02,1,Wrong Item Delivered
RET001062,ORD0011633,P0074,2024-06-14,5,Customer Changed Mind
RET001063,ORD0011665,P0114,2023-04-10,2,Damaged in Transit
RET001064,ORD0011670,P0004,2023-06-22,1,Wrong Item Delivered
RET001065,ORD0011679,P0169,2024-06-11,2,Customer Changed Mind
RET001066,ORD0011705,P0099,2023-12-17,1,Quality Issue
RET001067,ORD0011718,P0150,2024-06-28,1,Damaged in Transit
RET001068,ORD0011741,P0137,2024-01-23,1,Other
RET001069,ORD0011753,P0004,2023-02-13,1,Late Delivery
RET001070,ORD0011761,P0149,2023-08-18,1,Damaged in Transit
RET001071,ORD0011763,P0131,2023-11-03,1,Customer Changed Mind
RET001072,ORD0011792,P0051,2024-11-23,228,Late Delivery
RET001073,ORD0011799,P0049,2023-08-12,1,Late Delivery
RET001074,ORD0011835,P0007,2023-12-01,1,Quality Issue
RET001075,ORD0011843,P0157,2024-02-20,1,Damaged in Transit
RET001076,ORD0011844,P0095,2024-04-17,1,Damaged in Transit
RET001077,ORD0011866,P0169,2023-09-30,1,Damaged in Transit
RET001078,ORD0011866,P0195,2023-09-28,1,Damaged in Transit
RET001079,ORD0011870,P0184,2024-03-31,1,Wrong Item Delivered
RET001080,ORD0011879,P0093,2024-09-10,1,Damaged in Transit
RET001081,ORD0011889,P0049,2023-01-17,4,Quality Issue
RET001082,ORD0011905,P0117,2024-09-19,4,Quality Issue
RET001083,ORD0011922,P0074,2023-10-23,1,Wrong Item Delivered
RET001084,ORD0011939,P0169,2024-09-07,1,Other
RET001085,ORD0011946,P0126,2023-03-08,1,Wrong Item Delivered
RET001086,ORD0011991,P0094,2024-05-08,1,Damaged in Transit
RET001087,ORD0011991,P0030,2024-05-08,1,Damaged in Transit
RET001088,ORD0012008,P0155,2023-03-10,1,Damaged in Transit
RET001089,ORD0012031,P0111,2024-03-13,1,Damaged in Transit
RET001090,ORD0012036,P0182,2024-04-10,1,Quality Issue
RET001091,ORD0012043,P0038,2024-08-03,1,Other
RET001092,ORD0012057,P0094,2023-08-05,43,Other
RET001093,ORD0012065,P0186,2023-03-02,2,Quality Issue
RET001094,ORD0012069,P0028,2023-06-01,1,Customer Changed Mind
RET001095,ORD0012075,P0085,2024-02-15,1,Customer Changed Mind
RET001096,ORD0012079,P0039,2024-09-03,1,Damaged in Transit
RET001097,ORD0012090,P0115,2023-10-07,12,Damaged in Transit
RET001098,ORD0012093,P0011,2024-01-28,31,Quality Issue
RET001099,ORD0012118,P0027,2024-03-04,1,Customer Changed Mind
RET001100,ORD0012153,P0104,2024-11-13,3,Quality Issue
RET001101,ORD0012164,P0009,2023-06-18,1,Damaged in Transit
RET001102,ORD0012175,P0051,2023-12-17,1,Wrong Item Delivered
RET001103,ORD0012191,P0123,2024-07-14,1,Customer Changed Mind
RET001104,ORD0012193,P0192,2024-09-04,1,Other
RET001105,ORD0012196,P0125,2024-10-09,1,Wrong Item Delivered
RET001106,ORD0012197,P0123,2024-10-10,1,Customer Changed Mind
RET001107,ORD0012207,P0029,2023-04-24,5,Quality Issue
RET001108,ORD0012210,P0141,2023-06-01,2,Wrong Item Delivered
RET001109,ORD0012215,P0174,2023-09-11,1,Damaged in Transit
RET001110,ORD0012222,P0140,2024-05-13,3,Wrong Item Delivered
RET001111,ORD0012235,P0149,2023-05-11,1,Damaged in Transit
RET001112,ORD0012274,P0198,2023-02-01,2,Other
RET001113,ORD0012293,P0157,2023-10-27,1,Damaged in Transit
RET001114,ORD0012295,P0056,2023-11-23,2,Wrong Item Delivered
RET001115,ORD0012298,P0112,2023-12-08,1,Customer Changed Mind
RET001116,ORD0012299,P0179,2023-12-11,1,Late Delivery
RET001117,ORD0012302,P0031,2023-12-27,1,Customer Changed Mind
RET001118,ORD0012317,P0025,2023-01-30,69,Quality Issue
RET001119,ORD0012332,P0021,2023-05-04,1,Damaged in Transit
RET001120,ORD0012335,P0010,2023-06-30,1,Damaged in Transit
RET001121,ORD0012360,P0129,2024-09-14,1,Quality Issue
RET001122,ORD0012378,P0098,2023-11-01,22,Quality Issue
RET001123,ORD0012394,P0037,2023-06-22,1,Other
RET001124,ORD0012399,P0074,2024-01-05,1,Customer Changed Mind
RET001125,ORD0012400,P0015,2024-01-27,1,Customer Changed Mind
RET001126,ORD0012402,P0096,2024-03-08,1,Quality Issue
RET001127,ORD0012406,P0053,2024-08-24,1,Other
RET001128,ORD0012439,P0133,2023-05-23,1,Quality Issue
RET001129,ORD0012456,P0033,2024-08-02,2,Wrong Item Delivered
RET001130,ORD0012471,P0032,2024-05-15,62,Customer Changed Mind
RET001131,ORD0012472,P0111,2024-06-30,182,Customer Changed Mind
RET001132,ORD0012477,P0133,2024-12-04,240,Wrong Item Delivered
RET001133,ORD0012482,P0068,2023-06-10,1,Wrong Item Delivered
RET001134,ORD0012490,P0179,2024-06-24,53,Wrong Item Delivered
RET001135,ORD0012499,P0157,2023-04-11,4,Customer Changed Mind
RET001136,ORD0012521,P0163,2023-03-22,1,Late Delivery
RET001137,ORD0012522,P0141,2023-03-11,1,Damaged in Transit
RET001138,ORD0012528,P0052,2023-07-05,2,Late Delivery
RET001139,ORD0012539,P0157,2024-04-08,1,Quality Issue
RET001140,ORD0012539,P0174,2024-04-19,2,Quality Issue
RET001141,ORD0012548,P0137,2024-09-16,1,Damaged in Transit
RET001142,ORD0012579,P0158,2024-02-11,1,Damaged in Transit
RET001143,ORD0012593,P0032,2024-10-13,1,Damaged in Transit
RET001144,ORD0012607,P0123,2023-06-04,2,Damaged in Transit
RET001145,ORD0012629,P0011,2023-05-19,2,Damaged in Transit
RET001146,ORD0012640,P0088,2024-01-08,2,Quality Issue
RET001147,ORD0012656,P0129,2024-08-13,1,Wrong Item Delivered
RET001148,ORD0012673,P0194,2023-11-03,56,Quality Issue
RET001149,ORD0012675,P0155,2024-02-13,39,Customer Changed Mind
RET001150,ORD0012705,P0016,2024-02-27,1,Quality Issue
RET001151,ORD0012715,P0074,2024-08-06,1,Damaged in Transit
RET001152,ORD0012720,P0057,2024-09-30,1,Wrong Item Delivered
RET001153,ORD0012720,P0104,2024-10-08,1,Wrong Item Delivered
RET001154,ORD0012749,P0106,2024-08-30,1,Damaged in Transit
RET001155,ORD0012754,P0162,2023-01-28,2,Damaged in Transit
RET001156,ORD0012756,P0183,2023-03-30,1,Other
RET001157,ORD0012777,P0157,2024-06-13,1,Customer Changed Mind
RET001158,ORD0012802,P0037,2023-10-10,2,Other
RET001159,ORD0012808,P0044,2024-05-28,1,Late Delivery
RET001160,ORD0012816,P0143,2024-10-24,1,Other
RET001161,ORD0012821,P0146,2023-02-19,3,Damaged in Transit
RET001162,ORD0012829,P0200,2023-11-28,3,Quality Issue
RET001163,ORD0012830,P0001,2024-02-07,2,Quality Issue
RET001164,ORD0012838,P0077,2024-07-28,1,Damaged in Transit
RET001165,ORD0012853,P0149,2023-06-27,3,Late Delivery
RET001166,ORD0012870,P0195,2024-07-24,1,Customer Changed Mind
RET001167,ORD0012870,P0179,2024-07-28,1,Customer Changed Mind
RET001168,ORD0012892,P0048,2023-11-13,1,Wrong Item Delivered
RET001169,ORD0012912,P0164,2023-01-17,1,Customer Changed Mind
RET001170,ORD0012941,P0198,2024-04-09,1,Damaged in Transit
RET001171,ORD0012951,P0109,2024-11-03,1,Damaged in Transit
RET001172,ORD0012967,P0175,2024-02-27,2,Customer Changed Mind
RET001173,ORD0012972,P0074,2024-05-19,3,Quality Issue
RET001174,ORD0012973,P0191,2024-06-22,1,Customer Changed Mind
RET001175,ORD0012974,P0014,2024-06-10,1,Other
RET001176,ORD0012998,P0064,2024-05-08,1,Damaged in Transit
RET001177,ORD0013013,P0157,2023-03-05,16,Customer Changed Mind
RET001178,ORD0013015,P0048,2023-05-07,15,Customer Changed Mind
RET001179,ORD0013025,P0179,2023-02-06,4,Damaged in Transit
RET001180,ORD0013032,P0048,2023-07-04,1,Damaged in Transit
RET001181,ORD0013032,P0110,2023-07-19,3,Damaged in Transit
RET001182,ORD0013032,P0170,2023-07-05,1,Damaged in Transit
RET001183,ORD0013053,P0146,2023-03-19,1,Late Delivery
RET001184,ORD0013061,P0179,2023-08-29,2,Wrong Item Delivered
RET001185,ORD0013078,P0181,2023-03-19,41,Quality Issue
RET001186,ORD0013080,P0181,2023-05-04,60,Customer Changed Mind
RET001187,ORD0013098,P0198,2023-09-04,1,Quality Issue
RET001188,ORD0013102,P0188,2023-11-29,1,Quality Issue
RET001189,ORD0013135,P0016,2023-10-09,1,Late Delivery
RET001190,ORD0013141,P0069,2024-05-23,3,Damaged in Transit
RET001191,ORD0013141,P0087,2024-05-18,1,Damaged in Transit
RET001192,ORD0013170,P0003,2024-08-01,1,Wrong Item Delivered
RET001193,ORD0013175,P0098,2024-11-18,2,Quality Issue
RET001194,ORD0013184,P0159,2023-10-25,1,Late Delivery
RET001195,ORD0013188,P0183,2024-03-31,1,Quality Issue
RET001196,ORD0013206,P0119,2024-02-29,2,Customer Changed Mind
RET001197,ORD0013220,P0188,2023-05-07,1,Damaged in Transit
RET001198,ORD0013222,P0031,2023-06-22,1,Damaged in Transit
RET001199,ORD0013233,P0029,2023-12-15,1,Damaged in Transit
RET001200,ORD0013241,P0027,2024-04-22,1,Damaged in Transit
RET001201,ORD0013241,P0058,2024-04-27,2,Damaged in Transit
RET001202,ORD0013246,P0061,2024-10-08,1,Other
RET001203,ORD0013256,P0187,2023-01-18,2,Late Delivery
RET001204,ORD0013273,P0046,2023-11-08,1,Wrong Item Delivered
RET001205,ORD0013274,P0119,2023-12-22,1,Quality Issue
RET001206,ORD0013276,P0051,2023-12-28,1,Wrong Item Delivered
RET001207,ORD0013276,P0007,2024-01-04,1,Wrong Item Delivered
RET001208,ORD0013280,P0020,2024-03-29,2,Late Delivery
RET001209,ORD0013281,P0051,2024-04-08,1,Damaged in Transit
RET001210,ORD0013281,P0115,2024-04-16,1,Customer Changed Mind
RET001211,ORD0013287,P0141,2024-08-13,2,Wrong Item Delivered
RET001212,ORD0013302,P0077,2023-09-30,1,Other
RET001213,ORD0013317,P0042,2024-12-20,1,Wrong Item Delivered
RET001214,ORD0013325,P0198,2023-05-07,2,Customer Changed Mind
RET001215,ORD0013343,P0065,2023-12-16,1,Customer Changed Mind
RET001216,ORD0013377,P0129,2023-06-17,2,Customer Changed Mind
RET001217,ORD0013386,P0113,2024-03-26,1,Damaged in Transit
RET001218,ORD0013386,P0008,2024-03-09,1,Damaged in Transit
RET001219,ORD0013392,P0038,2024-07-07,2,Quality Issue
RET001220,ORD0013448,P0005,2023-06-24,5,Customer Changed Mind
RET001221,ORD0013459,P0050,2024-05-15,28,Late Delivery
RET001222,ORD0013461,P0015,2024-08-12,3,Wrong Item Delivered
RET001223,ORD0013468,P0037,2023-03-19,1,Quality Issue
RET001224,ORD0013471,P0123,2023-06-10,2,Quality Issue
RET001225,ORD0013512,P0157,2023-08-23,1,Customer Changed Mind
RET001226,ORD0013527,P0050,2024-02-15,1,Other
RET001227,ORD0013527,P0011,2024-02-20,1,Quality Issue
RET001228,ORD0013529,P0119,2024-03-28,2,Damaged in Transit
RET001229,ORD0013541,P0077,2023-03-14,1,Wrong Item Delivered
RET001230,ORD0013543,P0129,2023-05-24,1,Wrong Item Delivered
RET001231,ORD0013546,P0187,2023-07-18,1,Quality Issue
RET001232,ORD0013547,P0155,2023-09-16,1,Damaged in Transit
RET001233,ORD0013551,P0099,2023-10-15,1,Wrong Item Delivered
RET001234,ORD0013597,P0184,2024-04-27,2,Quality Issue
RET001235,ORD0013611,P0037,2024-06-24,42,Wrong Item Delivered
RET001236,ORD0013630,P0068,2023-10-05,1,Damaged in Transit
RET001237,ORD0013659,P0026,2024-07-27,227,Late Delivery
RET001238,ORD0013686,P0023,2024-04-27,1,Damaged in Transit
RET001239,ORD0013696,P0132,2024-11-07,1,Wrong Item Delivered
RET001240,ORD0013700,P0101,2023-02-04,2,Customer Changed Mind
RET001241,ORD0013701,P0098,2023-02-17,1,Quality Issue
RET001242,ORD0013702,P0188,2023-04-05,1,Wrong Item Delivered
RET001243,ORD0013719,P0172,2023-02-18,42,Late Delivery
RET001244,ORD0013720,P0015,2023-03-01,124,Wrong Item Delivered
RET001245,ORD0013730,P0181,2024-11-16,8,Customer Changed Mind
RET001246,ORD0013750,P0059,2024-08-02,2,Damaged in Transit
RET001247,ORD0013757,P0004,2024-11-24,2,Customer Changed Mind
RET001248,ORD0013760,P0015,2023-04-29,198,Customer Changed Mind
RET001249,ORD0013762,P0022,2024-07-12,239,Late Delivery
RET001250,ORD0013765,P0182,2024-12-17,137,Quality Issue
RET001251,ORD0013768,P0012,2024-12-22,57,Damaged in Transit
RET001252,ORD0013772,P0141,2023-02-24,1,Customer Changed Mind
RET001253,ORD0013777,P0016,2023-04-15,1,Damaged in Transit
RET001254,ORD0013785,P0118,2024-02-20,1,Damaged in Transit
RET001255,ORD0013802,P0177,2024-12-29,2,Late Delivery
RET001256,ORD0013808,P0107,2023-02-14,1,Quality Issue
RET001257,ORD0013813,P0024,2023-06-15,1,Damaged in Transit
RET001258,ORD0013813,P0074,2023-06-22,1,Damaged in Transit
RET001259,ORD0013822,P0157,2023-12-06,2,Late Delivery
RET001260,ORD0013824,P0182,2024-02-27,3,Late Delivery
RET001261,ORD0013824,P0196,2024-02-19,2,Customer Changed Mind
RET001262,ORD0013833,P0165,2024-09-26,2,Customer Changed Mind
RET001263,ORD0013906,P0119,2023-04-23,2,Wrong Item Delivered
RET001264,ORD0013909,P0005,2023-06-23,1,Damaged in Transit
RET001265,ORD0013909,P0036,2023-06-15,1,Damaged in Transit
RET001266,ORD0013930,P0186,2024-11-10,1,Customer Changed Mind
RET001267,ORD0013944,P0042,2023-06-17,1,Other
RET001268,ORD0013950,P0098,2023-11-09,1,Damaged in Transit
RET001269,ORD0013950,P0044,2023-11-01,1,Damaged in Transit
RET001270,ORD0013951,P0047,2023-12-09,1,Damaged in Transit
RET001271,ORD0013974,P0187,2023-03-03,1,Late Delivery
RET001272,ORD0014009,P0095,2024-09-29,2,Quality Issue
RET001273,ORD0014011,P0001,2024-11-08,2,Wrong Item Delivered
RET001274,ORD0014016,P0093,2023-02-12,1,Damaged in Transit
RET001275,ORD0014030,P0180,2023-07-27,1,Quality Issue
RET001276,ORD0014037,P0168,2023-08-28,1,Wrong Item Delivered
RET001277,ORD0014039,P0117,2023-10-24,1,Customer Changed Mind
RET001278,ORD0014042,P0193,2023-12-01,1,Wrong Item Delivered
RET001279,ORD0014069,P0021,2023-03-26,1,Late Delivery
RET001280,ORD0014075,P0022,2023-06-19,1,Wrong Item Delivered
RET001281,ORD0014080,P0127,2023-09-15,1,Customer Changed Mind
RET001282,ORD0014099,P0050,2024-07-10,1,Other
RET001283,ORD0014105,P0044,2024-10-23,1,Damaged in Transit
RET001284,ORD0014107,P0023,2024-11-15,1,Damaged in Transit
RET001285,ORD0014117,P0045,2024-01-21,95,Damaged in Transit
RET001286,ORD0014120,P0134,2024-04-04,62,Damaged in Transit
RET001287,ORD0014123,P0099,2024-05-30,22,Late Delivery
RET001288,ORD0014134,P0125,2023-05-10,1,Customer Changed Mind
RET001289,ORD0014191,P0043,2024-10-09,1,Wrong Item Delivered
RET001290,ORD0014194,P0168,2024-12-16,4,Late Delivery
RET001291,ORD0014235,P0058,2023-06-21,1,Customer Changed Mind
RET001292,ORD0014261,P0083,2024-12-30,1,Wrong Item Delivered
RET001293,ORD0014297,P0031,2023-10-05,1,Other
RET001294,ORD0014323,P0155,2023-03-17,2,Customer Changed Mind
RET001295,ORD0014328,P0159,2023-05-18,1,Damaged in Transit
RET001296,ORD0014346,P0181,2024-09-06,1,Customer Changed Mind
RET001297,ORD0014358,P0024,2023-08-19,2,Quality Issue
RET001298,ORD0014378,P0168,2024-09-23,1,Customer Changed Mind
RET001299,ORD0014388,P0155,2023-04-26,31,Quality Issue
RET001300,ORD0014408,P0096,2023-08-14,70,Customer Changed Mind
RET001301,ORD0014426,P0103,2023-01-21,2,Damaged in Transit
RET001302,ORD0014446,P0159,2023-02-06,2,Other
RET001303,ORD0014512,P0155,2024-09-23,2,Damaged in Transit
RET001304,ORD0014512,P0128,2024-10-04,1,Damaged in Transit
RET001305,ORD0014524,P0165,2023-06-09,1,Damaged in Transit
RET001306,ORD0014526,P0051,2023-09-07,1,Quality Issue
RET001307,ORD0014540,P0078,2024-06-29,2,Damaged in Transit
RET001308,ORD0014546,P0148,2024-12-08,1,Damaged in Transit
RET001309,ORD0014546,P0026,2024-11-27,1,Damaged in Transit
RET001310,ORD0014549,P0078,2023-02-13,1,Damaged in Transit
RET001311,ORD0014555,P0087,2023-06-10,1,Late Delivery
RET001312,ORD0014556,P0171,2023-05-30,1,Damaged in Transit
RET001313,ORD0014556,P0024,2023-05-24,1,Damaged in Transit
RET001314,ORD0014562,P0195,2023-09-19,1,Wrong Item Delivered
RET001315,ORD0014563,P0109,2023-09-15,1,Wrong Item Delivered
RET001316,ORD0014563,P0107,2023-09-13,2,Wrong Item Delivered
RET001317,ORD0014574,P0037,2024-03-30,1,Wrong Item Delivered
RET001318,ORD0014576,P0051,2024-05-08,2,Quality Issue
RET001319,ORD0014578,P0094,2024-11-30,1,Damaged in Transit
RET001320,ORD0014614,P0095,2024-11-09,1,Damaged in Transit
RET001321,ORD0014628,P0032,2023-10-04,1,Wrong Item Delivered
RET001322,ORD0014632,P0079,2024-02-28,1,Other
RET001323,ORD0014637,P0132,2024-08-29,3,Wrong Item Delivered
RET001324,ORD0014638,P0182,2024-10-03,1,Other
RET001325,ORD0014677,P0101,2024-08-05,55,Damaged in Transit
RET001326,ORD0014691,P0165,2023-09-17,3,Customer Changed Mind
RET001327,ORD0014702,P0083,2024-04-26,1,Quality Issue
RET001328,ORD0014714,P0106,2023-01-20,2,Wrong Item Delivered
RET001329,ORD0014724,P0087,2023-06-29,1,Late Delivery
RET001330,ORD0014737,P0031,2024-01-18,1,Damaged in Transit
RET001331,ORD0014754,P0089,2024-08-10,2,Other
RET001332,ORD0014758,P0122,2024-10-20,1,Customer Changed Mind
RET001333,ORD0014760,P0051,2024-12-21,2,Quality Issue
RET001334,ORD0014764,P0144,2023-02-26,2,Wrong Item Delivered
RET001335,ORD0014768,P0151,2023-07-29,2,Damaged in Transit
RET001336,ORD0014773,P0028,2024-01-23,3,Wrong Item Delivered
RET001337,ORD0014779,P0023,2024-10-11,1,Late Delivery
RET001338,ORD0014784,P0038,2023-03-22,4,Quality Issue
RET001339,ORD0014789,P0162,2023-11-30,1,Customer Changed Mind
RET001340,ORD0014805,P0007,2023-04-09,1,Wrong Item Delivered
RET001341,ORD0014805,P0200,2023-04-16,2,Wrong Item Delivered
RET001342,ORD0014813,P0158,2023-12-02,3,Damaged in Transit
RET001343,ORD0014818,P0076,2024-02-06,1,Damaged in Transit
RET001344,ORD0014858,P0144,2024-08-15,1,Wrong Item Delivered
RET001345,ORD0014860,P0159,2024-08-22,2,Customer Changed Mind
RET001346,ORD0014890,P0107,2024-04-13,1,Customer Changed Mind
RET001347,ORD0014893,P0010,2024-08-07,1,Wrong Item Delivered
RET001348,ORD0014906,P0186,2023-07-26,2,Late Delivery
RET001349,ORD0014906,P0068,2023-07-31,1,Customer Changed Mind
RET001350,ORD0014922,P0121,2024-09-30,3,Damaged in Transit
RET001351,ORD0014935,P0044,2023-05-23,3,Customer Changed Mind
RET001352,ORD0014948,P0135,2024-03-01,2,Customer Changed Mind
RET001353,ORD0014957,P0079,2024-07-24,2,Damaged in Transit
RET001354,ORD0014973,P0107,2023-11-07,300,Customer Changed Mind
RET001355,ORD0014983,P0178,2023-06-29,3,Customer Changed Mind
RET001356,ORD0015011,P0152,2023-10-27,1,Damaged in Transit
RET001357,ORD0015018,P0032,2024-01-27,1,Late Delivery
RET001358,ORD0015028,P0092,2024-05-27,1,Customer Changed Mind
RET001359,ORD0015035,P0049,2024-09-07,1,Other
RET001360,ORD0015059,P0161,2023-07-08,1,Customer Changed Mind
RET001361,ORD0015060,P0015,2023-08-31,1,Wrong Item Delivered
RET001362,ORD0015064,P0031,2023-11-09,1,Quality Issue
RET001363,ORD0015069,P0131,2024-03-04,1,Damaged in Transit
RET001364,ORD0015073,P0028,2024-04-05,1,Other
RET001365,ORD0015076,P0016,2024-07-07,1,Customer Changed Mind
RET001366,ORD0015094,P0015,2023-05-22,5,Damaged in Transit
RET001367,ORD0015128,P0084,2023-12-04,1,Quality Issue
RET001368,ORD0015134,P0040,2024-06-16,1,Late Delivery
RET001369,ORD0015158,P0162,2024-11-08,35,Damaged in Transit
RET001370,ORD0015173,P0002,2023-04-13,1,Customer Changed Mind
RET001371,ORD0015183,P0187,2023-12-08,1,Customer Changed Mind
RET001372,ORD0015185,P0198,2024-03-04,1,Wrong Item Delivered
RET001373,ORD0015196,P0182,2024-10-29,1,Other
RET001374,ORD0015205,P0142,2023-05-01,1,Quality Issue
RET001375,ORD0015225,P0116,2024-12-30,1,Wrong Item Delivered
RET001376,ORD0015235,P0039,2023-06-05,40,Customer Changed Mind
RET001377,ORD0015246,P0035,2023-05-19,1,Damaged in Transit
RET001378,ORD0015263,P0109,2024-07-28,2,Wrong Item Delivered
RET001379,ORD0015276,P0003,2024-02-25,38,Damaged in Transit
RET001380,ORD0015281,P0032,2024-10-21,230,Quality Issue
RET001381,ORD0015283,P0018,2024-11-04,21,Damaged in Transit
RET001382,ORD0015287,P0087,2023-07-30,64,Customer Changed Mind
RET001383,ORD0015307,P0142,2023-03-05,1,Quality Issue
RET001384,ORD0015311,P0093,2023-05-18,1,Customer Changed Mind
RET001385,ORD0015320,P0079,2024-03-23,1,Quality Issue
RET001386,ORD0015353,P0027,2024-08-29,1,Late Delivery
RET001387,ORD0015373,P0187,2023-07-24,1,Damaged in Transit
RET001388,ORD0015373,P0168,2023-07-22,2,Damaged in Transit
RET001389,ORD0015392,P0116,2024-12-22,1,Damaged in Transit
RET001390,ORD0015392,P0036,2024-12-18,1,Damaged in Transit
RET001391,ORD0015410,P0004,2023-10-05,2,Late Delivery
RET001392,ORD0015410,P0123,2023-10-04,1,Quality Issue
RET001393,ORD0015411,P0095,2023-10-23,1,Customer Changed Mind
RET001394,ORD0015429,P0169,2023-03-26,2,Quality Issue
RET001395,ORD0015430,P0021,2023-05-04,2,Customer Changed Mind
RET001396,ORD0015434,P0140,2023-09-21,2,Damaged in Transit
RET001397,ORD0015440,P0131,2024-03-01,1,Damaged in Transit
RET001398,ORD0015455,P0047,2023-02-22,1,Damaged in Transit
RET001399,ORD0015459,P0106,2023-07-16,1,Customer Changed Mind
RET001400,ORD0015462,P0078,2023-11-26,1,Customer Changed Mind
RET001401,ORD0015478,P0155,2024-12-10,1,Quality Issue
RET001402,ORD0015504,P0029,2024-01-26,1,Wrong Item Delivered
RET001403,ORD0015520,P0118,2023-01-26,33,Quality Issue
RET001404,ORD9999999,P0144,2024-05-11,173,Customer Changed Mind
RET001405,ORD0015531,P0124,2023-06-06,4,Damaged in Transit
RET001406,ORD0015533,P0117,2023-07-12,1,Customer Changed Mind
RET001407,ORD0015550,P0036,2024-11-20,1,Other
RET001408,ORD0015569,P0146,2024-07-19,11,Customer Changed Mind
RET001409,ORD0015608,P0043,2023-08-31,28,Quality Issue
RET001410,ORD0015616,P0036,2024-11-14,74,Damaged in Transit
RET001411,ORD0015619,P0063,2023-02-10,1,Quality Issue
RET001412,ORD0015623,P0008,2023-07-29,1,Customer Changed Mind
RET001413,ORD0015632,P0131,2024-05-05,1,Customer Changed Mind
RET001414,ORD0015634,P0184,2024-05-29,1,Late Delivery
RET001415,ORD0015636,P0093,2024-08-29,1,Customer Changed Mind
RET001416,ORD0015639,P0012,2023-01-21,1,Late Delivery
RET001417,ORD0015656,P0056,2023-11-12,1,Wrong Item Delivered
RET001418,ORD0015659,P0142,2024-01-05,1,Customer Changed Mind
RET001419,ORD0015672,P0157,2024-08-12,1,Quality Issue
RET001420,ORD0015678,P0007,2024-12-30,1,Customer Changed Mind
RET001421,ORD0015697,P0107,2024-04-14,1,Quality Issue
RET001422,ORD0015697,P0056,2024-04-08,1,Customer Changed Mind
RET001423,ORD0015732,P0198,2023-11-18,1,Customer Changed Mind
RET001424,ORD0015748,P0111,2024-05-01,1,Quality Issue
RET001425,ORD0015751,P0164,2024-05-27,1,Customer Changed Mind
RET001426,ORD0015754,P0037,2024-08-05,1,Quality Issue
RET001427,ORD0015758,P0165,2024-12-10,1,Damaged in Transit
RET001428,ORD0015775,P0064,2023-12-16,9,Customer Changed Mind
RET001429,ORD0015800,P0031,2024-04-16,1,Late Delivery
RET001430,ORD0015803,P0197,2024-07-21,1,Damaged in Transit
RET001431,ORD0015828,P0051,2024-10-26,5,Customer Changed Mind
RET001432,ORD0015843,P0027,2023-10-09,1,Customer Changed Mind
RET001433,ORD0015845,P0018,2023-10-29,2,Damaged in Transit
RET001434,ORD0015851,P0014,2024-01-09,1,Other
RET001435,ORD0015861,P0016,2024-11-06,1,Damaged in Transit
RET001436,ORD0015913,P0181,2023-01-14,51,Quality Issue
RET001437,ORD0015927,P0094,2023-05-18,1,Customer Changed Mind
RET001438,ORD0015933,P0007,2023-11-16,4,Wrong Item Delivered
RET001439,ORD0015958,P0034,2023-07-23,1,Late Delivery
RET001440,ORD0015965,P0132,2023-09-06,1,Customer Changed Mind
RET001441,ORD0015968,P0168,2023-11-20,1,Late Delivery
RET001442,ORD0015970,P0110,2023-12-02,1,Damaged in Transit
RET001443,ORD0016015,P0131,2023-03-23,1,Wrong Item Delivered
RET001444,ORD0016023,P0185,2023-12-09,1,Damaged in Transit
RET001445,ORD0016037,P0186,2024-10-15,1,Wrong Item Delivered
RET001446,ORD0016053,P0162,2023-09-27,1,Quality Issue
RET001447,ORD0016057,P0149,2023-11-01,2,Late Delivery
RET001448,ORD0016064,P0122,2024-02-22,1,Damaged in Transit
RET001449,ORD0016083,P0064,2024-12-03,1,Customer Changed Mind
RET001450,ORD0016092,P0126,2023-04-21,53,Customer Changed Mind
RET001451,ORD0016093,P0181,2023-05-26,65,Customer Changed Mind
RET001452,ORD0016104,P0184,2024-11-16,74,Customer Changed Mind
RET001453,ORD0016131,P0189,2024-08-25,3,Customer Changed Mind
RET001454,ORD0016134,P0006,2024-12-11,1,Customer Changed Mind
RET001455,ORD0016145,P0103,2023-07-04,1,Quality Issue
RET001456,ORD0016151,P0015,2023-11-24,3,Other
RET001457,ORD0016157,P0076,2024-02-06,4,Wrong Item Delivered
RET001458,ORD0016158,P0061,2024-03-09,2,Wrong Item Delivered
RET001459,ORD0016162,P0047,2024-06-01,1,Wrong Item Delivered
RET001460,ORD0016173,P0009,2023-03-17,1,Damaged in Transit
RET001461,ORD0016214,P0126,2024-01-22,1,Quality Issue
RET001462,ORD0016223,P0036,2023-03-24,4,Quality Issue
RET001463,ORD0016224,P0085,2023-05-14,1,Customer Changed Mind
RET001464,ORD0016234,P0191,2023-11-02,1,Damaged in Transit
RET001465,ORD0016234,P0056,2023-11-19,5,Damaged in Transit
RET001466,ORD0016249,P0159,2023-07-11,1,Damaged in Transit
RET001467,ORD0016251,P0089,2023-09-03,1,Quality Issue
RET001468,ORD0016262,P0110,2024-06-07,2,Wrong Item Delivered
RET001469,ORD0016263,P0169,2024-06-12,1,Wrong Item Delivered
RET001470,ORD0016267,P0135,2024-09-20,1,Damaged in Transit
RET001471,ORD0016270,P0032,2024-10-11,1,Customer Changed Mind
RET001472,ORD0016271,P0076,2024-10-15,2,Wrong Item Delivered
RET001473,ORD0016273,P0037,2024-11-20,1,Quality Issue
RET001474,ORD0016281,P0068,2023-07-18,39,Wrong Item Delivered
RET001475,ORD0016282,P0196,2023-08-16,33,Quality Issue
RET001476,ORD0016283,P0126,2023-09-04,54,Quality Issue
RET001477,ORD0016290,P0180,2024-06-01,65,Customer Changed Mind
RET001478,ORD0016310,P0104,2023-09-18,1,Quality Issue
RET001479,ORD0016322,P0023,2024-06-17,1,Quality Issue
RET001480,ORD0016327,P0087,2024-07-26,1,Damaged in Transit
RET001481,ORD0016335,P0198,2024-09-18,1,Wrong Item Delivered
RET001482,ORD0016371,P0165,2023-03-28,1,Damaged in Transit
RET001483,ORD0016375,P0022,2023-04-11,1,Damaged in Transit
RET001484,ORD0016394,P0058,2024-11-23,1,Wrong Item Delivered
RET001485,ORD0016395,P0079,2024-12-10,1,Quality Issue
RET001486,ORD0016413,P0085,2024-03-04,1,Damaged in Transit
RET001487,ORD0016463,P0142,2024-07-02,1,Customer Changed Mind
RET001488,ORD0016466,P0122,2024-07-17,2,Damaged in Transit
RET001489,ORD0016479,P0043,2023-02-02,193,Late Delivery
RET001490,ORD0016496,P0024,2024-05-01,3,Late Delivery
RET001491,ORD0016500,P0023,2024-12-10,138,Quality Issue
RET001492,ORD0016512,P0075,2024-07-29,28,Late Delivery
RET001493,ORD0016516,P0047,2024-11-04,51,Damaged in Transit
RET001494,ORD0016521,P0122,2023-02-09,2,Customer Changed Mind
RET001495,ORD0016526,P0004,2023-05-14,1,Wrong Item Delivered
RET001496,ORD0016557,P0157,2024-07-07,1,Other
RET001497,ORD0016576,P0094,2023-05-11,1,Damaged in Transit
RET001498,ORD0016595,P0087,2024-07-04,1,Damaged in Transit
RET001499,ORD0016599,P0029,2023-02-13,1,Damaged in Transit
RET001500,ORD0016622,P0003,2024-03-08,1,Other
RET001501,ORD0016645,P0137,2023-03-25,1,Customer Changed Mind
RET001502,ORD0016673,P0164,2024-05-16,1,Wrong Item Delivered
RET001503,ORD0016697,P0133,2023-03-25,2,Quality Issue
RET001504,ORD0016726,P0053,2023-09-11,1,Wrong Item Delivered
RET001505,ORD0016755,P0060,2023-08-05,1,Quality Issue
RET001506,ORD0016763,P0182,2024-04-20,5,Quality Issue
RET001507,ORD0016775,P0022,2024-10-25,1,Other
RET001508,ORD0016792,P0155,2024-08-04,93,Quality Issue
RET001509,ORD0016807,P0181,2024-10-16,173,Late Delivery
RET001510,ORD0016823,P0140,2023-12-03,1,Quality Issue
RET001511,ORD0016845,P0168,2023-05-11,63,Quality Issue
RET001512,ORD0016846,P0048,2023-06-09,22,Customer Changed Mind
RET001513,ORD0016853,P0139,2023-12-21,62,Customer Changed Mind
RET001514,ORD0016860,P0165,2024-09-13,3,Quality Issue
RET001515,ORD0016867,P0006,2023-07-14,21,Wrong Item Delivered
RET001516,ORD0016868,P0160,2023-08-03,8,Damaged in Transit
RET001517,ORD0016868,P0107,2023-08-09,4,Damaged in Transit
RET001518,ORD0016875,P0191,2024-03-15,57,Other
RET001519,ORD0016877,P0093,2024-07-15,36,Late Delivery
RET001520,ORD0016882,P0029,2023-04-20,1,Late Delivery
RET001521,ORD0016884,P0005,2023-05-24,2,Damaged in Transit
RET001522,ORD0016898,P0083,2024-01-20,1,Wrong Item Delivered
RET001523,ORD0016900,P0180,2024-02-04,2,Other
RET001524,ORD0016906,P0065,2024-07-01,1,Damaged in Transit
RET001525,ORD0016925,P0181,2023-03-21,1,Quality Issue
RET001526,ORD0016926,P0187,2023-05-21,1,Damaged in Transit
RET001527,ORD0016939,P0116,2024-05-25,1,Customer Changed Mind
RET001528,ORD0016963,P0180,2023-10-07,1,Customer Changed Mind
RET001529,ORD0016968,P0109,2023-12-02,1,Customer Changed Mind
RET001530,ORD0016975,P0051,2024-10-30,3,Customer Changed Mind
RET001531,ORD0017013,P0013,2024-11-26,1,Customer Changed Mind
RET001532,ORD0017022,P0197,2023-04-11,4,Wrong Item Delivered
RET001533,ORD0017025,P0005,2023-09-06,1,Wrong Item Delivered
RET001534,ORD0017041,P0144,2024-08-16,2,Quality Issue
RET001535,ORD0017055,P0030,2023-03-03,1,Quality Issue
RET001536,ORD0017083,P0032,2024-05-31,1,Damaged in Transit
RET001537,ORD0017084,P0029,2024-06-21,1,Customer Changed Mind
RET001538,ORD0017087,P0197,2024-09-06,1,Customer Changed Mind
RET001539,ORD0017103,P0011,2023-03-17,2,Other
RET001540,ORD0017107,P0153,2023-07-26,1,Wrong Item Delivered
RET001541,ORD0017108,P0083,2023-08-11,1,Wrong Item Delivered
RET001542,ORD0017109,P0044,2023-09-19,1,Quality Issue
RET001543,ORD0017117,P0050,2024-07-05,3,Wrong Item Delivered
RET001544,ORD0017130,P0038,2023-06-05,1,Wrong Item Delivered
RET001545,ORD0017134,P0157,2023-07-03,1,Wrong Item Delivered
RET001546,ORD0017134,P0065,2023-07-14,1,Wrong Item Delivered
RET001547,ORD0017143,P0113,2024-01-31,2,Wrong Item Delivered
RET001548,ORD0017143,P0079,2024-01-18,1,Wrong Item Delivered
RET001549,ORD0017157,P0047,2024-06-18,2,Quality Issue
RET001550,ORD0017160,P0031,2024-09-21,1,Wrong Item Delivered
RET001551,ORD0017164,P0048,2024-12-10,1,Wrong Item Delivered
RET001552,ORD0017168,P0113,2023-04-17,44,Wrong Item Delivered
RET001553,ORD0017176,P0056,2024-02-10,7,Quality Issue
RET001554,ORD0017178,P0052,2024-05-03,21,Wrong Item Delivered
RET001555,ORD0017186,P0038,2024-10-13,18,Wrong Item Delivered
RET001556,ORD0017195,P0083,2023-08-09,1,Customer Changed Mind
RET001557,ORD0017199,P0050,2023-12-23,2,Wrong Item Delivered
RET001558,ORD0017210,P0076,2024-08-10,5,Other
RET001559,ORD0017218,P0126,2023-05-30,85,Quality Issue
RET001560,ORD0017235,P0090,2023-05-23,22,Customer Changed Mind
RET001561,ORD0017236,P0128,2023-07-04,39,Other
RET001562,ORD0017257,P0119,2023-08-12,50,Customer Changed Mind
RET001563,ORD0017275,P0003,2023-09-19,1,Wrong Item Delivered
RET001564,ORD0017276,P0108,2023-10-04,2,Late Delivery
RET001565,ORD0017296,P0004,2023-04-08,1,Wrong Item Delivered
RET001566,ORD0017365,P0134,2023-07-12,1,Late Delivery
RET001567,ORD0017372,P0037,2023-09-16,1,Damaged in Transit
RET001568,ORD0017382,P0174,2024-05-25,4,Quality Issue
RET001569,ORD0017408,P0070,2024-05-14,3,Wrong Item Delivered
RET001570,ORD0017449,P0067,2024-05-21,2,Customer Changed Mind
RET001571,ORD0017451,P0022,2024-06-28,1,Quality Issue
RET001572,ORD0017453,P0118,2024-07-22,2,Quality Issue
RET001573,ORD0017473,P0107,2023-12-24,2,Wrong Item Delivered
RET001574,ORD0017487,P0135,2023-09-13,106,Customer Changed Mind
RET001575,ORD0017503,P0049,2024-08-05,7,Quality Issue
RET001576,ORD0017505,P0028,2024-11-10,174,Late Delivery
RET001577,ORD0017508,P0162,2023-02-10,1,Quality Issue
RET001578,ORD0017518,P0093,2023-07-01,1,Quality Issue
RET001579,ORD0017529,P0198,2024-02-06,1,Late Delivery
RET001580,ORD0017538,P0051,2024-08-28,1,Damaged in Transit
RET001581,ORD0017566,P0131,2023-11-05,1,Late Delivery
RET001582,ORD0017609,P0031,2024-11-26,7,Quality Issue
RET001583,ORD0017623,P0014,2024-08-08,35,Other
RET001584,ORD0017631,P0161,2023-01-28,1,Wrong Item Delivered
RET001585,ORD0017634,P0146,2023-02-13,1,Quality Issue
RET001586,ORD0017644,P0131,2023-08-13,1,Customer Changed Mind
RET001587,ORD0017662,P0044,2024-05-29,1,Quality Issue
RET001588,ORD0017666,P0049,2024-10-31,1,Wrong Item Delivered
RET001589,ORD0017670,P0111,2024-12-20,1,Wrong Item Delivered
RET001590,ORD0017680,P0087,2023-05-08,1,Damaged in Transit
RET001591,ORD0017686,P0089,2023-08-26,1,Customer Changed Mind
RET001592,ORD0017690,P0108,2023-10-27,2,Late Delivery
RET001593,ORD0017709,P0010,2024-11-08,1,Customer Changed Mind
RET001594,ORD0017744,P0140,2024-04-05,1,Wrong Item Delivered
RET001595,ORD0017771,P0086,2023-10-27,30,Quality Issue
RET001596,ORD0017787,P0108,2023-07-29,4,Damaged in Transit
RET001597,ORD0017809,P0004,2023-12-06,1,Customer Changed Mind
RET001598,ORD0017812,P0159,2024-02-13,2,Customer Changed Mind
RET001599,ORD0017835,P0020,2023-05-21,1,Damaged in Transit
RET001600,ORD0017881,P0188,2023-05-01,1,Other
RET001601,ORD0017897,P0085,2023-12-09,1,Quality Issue
RET001602,ORD0017906,P0024,2024-07-30,1,Wrong Item Delivered
RET001603,ORD0017929,P0149,2023-06-14,1,Customer Changed Mind
RET001604,ORD0017954,P0005,2024-06-29,1,Customer Changed Mind
RET001605,ORD0017964,P0168,2024-10-08,2,Wrong Item Delivered
RET001606,ORD0017965,P0149,2024-10-27,1,Damaged in Transit
RET001607,ORD0017988,P0165,2024-08-01,2,Customer Changed Mind
RET001608,ORD0018013,P0048,2023-10-10,2,Customer Changed Mind
RET001609,ORD0018033,P0074,2024-09-07,1,Quality Issue
RET001610,ORD0018063,P0083,2023-10-18,135,Wrong Item Delivered
RET001611,ORD0018064,P0182,2023-10-24,311,Damaged in Transit
RET001612,ORD0018091,P0043,2024-02-02,1,Wrong Item Delivered
RET001613,ORD0018136,P0126,2023-11-28,1,Wrong Item Delivered
RET001614,ORD0018145,P0159,2024-09-23,4,Customer Changed Mind
RET001615,ORD0018146,P0027,2024-09-18,1,Damaged in Transit
RET001616,ORD0018146,P0200,2024-09-19,4,Damaged in Transit
RET001617,ORD0018153,P0124,2024-12-15,1,Quality Issue
RET001618,ORD0018164,P0195,2023-12-16,108,Customer Changed Mind
RET001619,ORD0018167,P0187,2024-06-21,81,Damaged in Transit
RET001620,ORD0018167,P0027,2024-06-24,57,Damaged in Transit
RET001621,ORD0018167,P0029,2024-06-25,201,Damaged in Transit
RET001622,ORD0018173,P0074,2023-04-04,1,Other
RET001623,ORD0018177,P0044,2023-06-01,1,Damaged in Transit
RET001624,ORD0018180,P0165,2023-08-31,1,Damaged in Transit
RET001625,ORD0018193,P0074,2024-01-10,1,Wrong Item Delivered
RET001626,ORD0018195,P0142,2024-03-10,1,Late Delivery
RET001627,ORD0018199,P0074,2024-05-15,1,Damaged in Transit
RET001628,ORD0018203,P0151,2024-10-07,1,Late Delivery
RET001629,ORD0018211,P0036,2023-03-31,1,Damaged in Transit
RET001630,ORD0018223,P0144,2023-08-13,1,Customer Changed Mind
RET001631,ORD0018248,P0073,2024-09-30,1,Quality Issue
RET001632,ORD9999999,P0139,2023-08-27,1,Wrong Item Delivered
RET001633,ORD0018272,P0029,2023-08-29,1,Wrong Item Delivered
RET001634,ORD0018277,P0030,2023-10-11,1,Quality Issue
RET001635,ORD0018297,P0144,2024-08-29,2,Late Delivery
RET001636,ORD0018320,P0166,2024-07-10,2,Damaged in Transit
RET001637,ORD0018326,P0050,2023-04-20,1,Wrong Item Delivered
RET001638,ORD0018338,P0064,2024-02-04,4,Customer Changed Mind
RET001639,ORD0018341,P0029,2024-04-16,2,Customer Changed Mind
RET001640,ORD0018348,P0111,2023-02-28,1,Other
RET001641,ORD0018353,P0195,2023-08-12,1,Wrong Item Delivered
RET001642,ORD0018419,P0036,2024-11-09,2,Late Delivery
RET001643,ORD0018428,P0181,2023-08-16,3,Quality Issue
RET001644,ORD0018430,P0038,2023-10-06,4,Quality Issue
RET001645,ORD0018436,P0198,2024-03-01,1,Damaged in Transit
RET001646,ORD0018436,P0170,2024-02-28,2,Damaged in Transit
RET001647,ORD0018437,P0149,2024-04-02,3,Quality Issue
RET001648,ORD0018439,P0105,2024-05-12,3,Late Delivery
RET001649,ORD0018460,P0057,2024-01-09,1,Customer Changed Mind
RET001650,ORD0018487,P0031,2024-10-20,26,Quality Issue
RET001651,ORD0018487,P0005,2024-10-26,30,Other
RET001652,ORD9999999,P0194,2023-10-24,1,Other
RET001653,ORD0018528,P0196,2023-07-14,32,Late Delivery
RET001654,ORD0018533,P0050,2024-04-13,21,Other
RET001655,ORD0018553,P0097,2023-12-09,1,Customer Changed Mind
RET001656,ORD0018553,P0042,2023-12-22,2,Customer Changed Mind
RET001657,ORD0018561,P0196,2024-05-27,1,Wrong Item Delivered
RET001658,ORD0018570,P0089,2024-10-24,2,Damaged in Transit
RET001659,ORD0018577,P0082,2023-07-11,1,Customer Changed Mind
RET001660,ORD0018586,P0168,2023-12-26,1,Customer Changed Mind
RET001661,ORD0018599,P0083,2024-08-14,1,Wrong Item Delivered
RET001662,ORD0018608,P0095,2023-04-25,1,Other
RET001663,ORD0018616,P0198,2024-05-19,1,Damaged in Transit
RET001664,ORD0018648,P0079,2024-03-08,1,Damaged in Transit
RET001665,ORD0018666,P0121,2023-04-24,1,Customer Changed Mind
RET001666,ORD0018698,P0080,2023-03-22,1,Wrong Item Delivered
RET001667,ORD0018708,P0004,2023-09-15,1,Late Delivery
RET001668,ORD0018725,P0162,2024-11-09,1,Quality Issue
RET001669,ORD0018729,P0028,2024-12-10,1,Damaged in Transit
RET001670,ORD0018737,P0181,2023-03-27,2,Wrong Item Delivered
RET001671,ORD0018739,P0162,2023-04-27,1,Quality Issue
RET001672,ORD0018742,P0196,2023-07-27,1,Wrong Item Delivered
RET001673,ORD0018779,P0109,2023-03-14,1,Damaged in Transit
RET001674,ORD0018780,P0085,2023-07-05,1,Customer Changed Mind
RET001675,ORD0018790,P0036,2024-07-11,1,Late Delivery
RET001676,ORD0018819,P0039,2024-03-24,2,Customer Changed Mind
RET001677,ORD0018847,P0137,2023-11-22,1,Quality Issue
RET001678,ORD0018856,P0074,2024-07-16,1,Wrong Item Delivered
RET001679,ORD0018867,P0112,2024-11-10,1,Damaged in Transit
RET001680,ORD0018881,P0163,2023-08-03,1,Quality Issue
RET001681,ORD0018900,P0169,2024-07-03,1,Damaged in Transit
RET001682,ORD0018903,P0191,2024-08-22,2,Damaged in Transit
RET001683,ORD0018910,P0148,2024-11-28,1,Quality Issue
RET001684,ORD0018914,P0144,2024-12-22,1,Wrong Item Delivered
RET001685,ORD0018944,P0006,2024-06-09,1,Other
RET001686,ORD0018973,P0109,2024-04-02,1,Customer Changed Mind
RET001687,ORD0018984,P0170,2024-12-02,1,Quality Issue
RET001688,ORD0018999,P0023,2023-06-27,1,Late Delivery
RET001689,ORD0019033,P0121,2024-12-04,1,Quality Issue
RET001690,ORD0019047,P0143,2023-12-25,1,Damaged in Transit
RET001691,ORD0019060,P0040,2023-06-28,204,Late Delivery
RET001692,ORD0019084,P0105,2023-08-30,3,Late Delivery
RET001693,ORD0019102,P0019,2023-03-28,261,Wrong Item Delivered
RET001694,ORD0019119,P0057,2023-04-20,350,Customer Changed Mind
RET001695,ORD0019136,P0073,2023-02-12,1,Wrong Item Delivered
RET001696,ORD0019142,P0121,2023-12-08,1,Wrong Item Delivered
RET001697,ORD0019143,P0104,2024-02-15,2,Customer Changed Mind
RET001698,ORD0019148,P0081,2024-04-29,2,Damaged in Transit
RET001699,ORD0019151,P0083,2024-11-18,4,Customer Changed Mind
RET001700,ORD0019153,P0107,2024-11-21,1,Wrong Item Delivered
RET001701,ORD0019161,P0058,2023-05-23,3,Damaged in Transit
RET001702,ORD0019164,P0085,2023-07-24,1,Customer Changed Mind
RET001703,ORD0019237,P0003,2024-01-20,1,Wrong Item Delivered
RET001704,ORD0019242,P0114,2024-04-05,1,Damaged in Transit
RET001705,ORD0019248,P0048,2024-07-22,1,Quality Issue
RET001706,ORD0019276,P0014,2024-08-14,13,Quality Issue
RET001707,ORD0019283,P0101,2023-03-08,1,Customer Changed Mind
RET001708,ORD0019284,P0123,2023-03-08,3,Damaged in Transit
RET001709,ORD0019292,P0037,2023-09-13,1,Quality Issue
RET001710,ORD0019295,P0126,2023-11-03,1,Damaged in Transit
RET001711,ORD0019296,P0169,2023-11-27,1,Damaged in Transit
RET001712,ORD0019300,P0044,2024-03-09,1,Quality Issue
RET001713,ORD0019327,P0026,2024-11-01,4,Quality Issue
RET001714,ORD0019334,P0198,2023-06-29,62,Wrong Item Delivered
RET001715,ORD0019348,P0111,2023-07-02,2,Damaged in Transit
RET001716,ORD0019351,P0083,2023-09-25,4,Late Delivery
RET001717,ORD0019367,P0190,2024-08-18,3,Late Delivery
RET001718,ORD0019371,P0069,2023-02-28,2,Quality Issue
RET001719,ORD0019401,P0101,2024-05-01,4,Damaged in Transit
RET001720,ORD0019417,P0175,2023-07-15,1,Customer Changed Mind
RET001721,ORD0019417,P0160,2023-07-01,1,Wrong Item Delivered
RET001722,ORD0019449,P0048,2024-11-08,1,Wrong Item Delivered
RET001723,ORD0019451,P0006,2024-11-14,2,Damaged in Transit
RET001724,ORD0019486,P0027,2024-04-16,1,Quality Issue
RET001725,ORD0019491,P0141,2024-07-15,1,Late Delivery
RET001726,ORD0019493,P0152,2024-08-09,1,Damaged in Transit
RET001727,ORD0019496,P0123,2024-10-18,1,Late Delivery
RET001728,ORD0019528,P0181,2024-12-05,1,Damaged in Transit
RET001729,ORD0019532,P0023,2023-01-25,3,Customer Changed Mind
RET001730,ORD0019552,P0027,2024-02-05,1,Late Delivery
RET001731,ORD0019573,P0036,2024-09-03,77,Damaged in Transit
RET001732,ORD0019577,P0024,2023-02-20,3,Customer Changed Mind
RET001733,ORD0019582,P0101,2023-05-18,1,Other
RET001734,ORD0019620,P0064,2023-11-20,1,Quality Issue
RET001735,ORD0019630,P0097,2024-06-23,3,Damaged in Transit
RET001736,ORD0019631,P0057,2024-09-15,1,Damaged in Transit
RET001737,ORD0019631,P0101,2024-09-21,2,Damaged in Transit
RET001738,ORD0019635,P0078,2024-10-15,1,Wrong Item Delivered
RET001739,ORD0019640,P0133,2024-12-23,5,Quality Issue
RET001740,ORD0019651,P0042,2023-12-29,1,Wrong Item Delivered
RET001741,ORD0019652,P0038,2024-01-06,4,Customer Changed Mind
RET001742,ORD0019679,P0008,2023-10-06,1,Wrong Item Delivered
RET001743,ORD0019699,P0107,2023-01-20,84,Customer Changed Mind
RET001744,ORD0019711,P0183,2023-12-24,15,Customer Changed Mind
RET001745,ORD0019717,P0106,2024-07-11,31,Quality Issue
RET001746,ORD0019739,P0101,2024-07-10,59,Wrong Item Delivered
RET001747,ORD0019773,P0011,2024-10-02,1,Late Delivery
RET001748,ORD0019779,P0098,2023-03-25,197,Late Delivery
RET001749,ORD0019807,P0037,2024-02-11,2,Damaged in Transit
RET001750,ORD0019811,P0058,2024-07-03,1,Customer Changed Mind
RET001751,ORD0019815,P0180,2024-09-30,2,Customer Changed Mind
RET001752,ORD0019818,P0135,2024-11-02,1,Customer Changed Mind
RET001753,ORD0019821,P0095,2023-01-23,1,Damaged in Transit
RET001754,ORD0019824,P0036,2023-03-23,1,Wrong Item Delivered
RET001755,ORD0019824,P0135,2023-03-23,1,Wrong Item Delivered
RET001756,ORD0019830,P0181,2023-04-11,1,Quality Issue
RET001757,ORD0019836,P0065,2023-09-25,2,Late Delivery
RET001758,ORD0019839,P0007,2023-11-19,1,Customer Changed Mind
RET001759,ORD0019849,P0114,2024-06-09,1,Wrong Item Delivered
RET001760,ORD0019858,P0026,2024-10-17,2,Other
RET001761,ORD0019859,P0044,2024-10-18,1,Wrong Item Delivered
RET001762,ORD0019906,P0088,2023-12-26,1,Damaged in Transit
RET001763,ORD0019915,P0158,2024-06-29,1,Late Delivery
RET001764,ORD0019921,P0111,2024-07-14,2,Wrong Item Delivered
RET001765,ORD0019935,P0159,2023-05-03,1,Wrong Item Delivered
RET001766,ORD0019950,P0053,2024-01-24,3,Customer Changed Mind
RET001767,ORD0019952,P0126,2024-03-08,3,Late Delivery
RET001768,ORD0019996,P0095,2024-03-18,1,Customer Changed Mind
RET001769,ORD0020012,P0063,2024-12-27,1,Damaged in Transit
RET001770,ORD0020023,P0200,2024-04-16,3,Other
RET001771,ORD0020035,P0184,2024-09-11,1,Other
RET001772,ORD0020040,P0121,2023-03-16,1,Quality Issue
RET001773,ORD0020059,P0029,2023-11-27,1,Customer Changed Mind
RET001774,ORD0020060,P0115,2023-12-03,1,Wrong Item Delivered
RET001775,ORD0020061,P0008,2023-12-17,1,Customer Changed Mind
RET001776,ORD0020065,P0085,2024-03-25,1,Damaged in Transit
RET001777,ORD0020068,P0149,2024-05-31,1,Customer Changed Mind
RET001778,ORD0020074,P0037,2024-06-30,1,Late Delivery
RET001779,ORD0020091,P0106,2023-11-24,80,Other
RET001780,ORD0020101,P0054,2024-10-25,84,Customer Changed Mind
RET001781,ORD0020110,P0087,2024-02-07,9,Late Delivery
RET001782,ORD0020133,P0001,2023-09-13,1,Damaged in Transit
RET001783,ORD0020156,P0020,2024-07-09,1,Damaged in Transit
RET001784,ORD0020156,P0015,2024-07-02,1,Damaged in Transit
RET001785,ORD0020178,P0122,2023-07-30,1,Customer Changed Mind
RET001786,ORD0020207,P0183,2024-10-25,2,Wrong Item Delivered
RET001787,ORD0020208,P0110,2024-11-27,1,Other
RET001788,ORD0020217,P0170,2023-06-17,2,Wrong Item Delivered
RET001789,ORD0020224,P0083,2024-01-25,3,Damaged in Transit
RET001790,ORD0020242,P0181,2023-04-19,1,Quality Issue
RET001791,ORD0020263,P0182,2024-08-08,1,Wrong Item Delivered
RET001792,ORD0020286,P0044,2024-03-11,4,Late Delivery
RET001793,ORD0020333,P0170,2024-11-16,1,Damaged in Transit
RET001794,ORD0020340,P0025,2023-02-12,1,Damaged in Transit
RET001795,ORD0020343,P0182,2023-03-10,2,Quality Issue
RET001796,ORD0020356,P0094,2023-08-20,1,Wrong Item Delivered
RET001797,ORD0020363,P0068,2024-02-20,1,Damaged in Transit
RET001798,ORD0020408,P0146,2023-08-18,1,Damaged in Transit
RET001799,ORD0020410,P0029,2023-10-19,1,Damaged in Transit
RET001800,ORD0020413,P0045,2023-12-23,1,Wrong Item Delivered
RET001801,ORD0020416,P0149,2024-02-18,1,Wrong Item Delivered
RET001802,ORD0020425,P0162,2024-12-12,1,Wrong Item Delivered
RET001803,ORD0020426,P0068,2023-02-28,1,Quality Issue
RET001804,ORD0020430,P0028,2023-04-19,1,Other
RET001805,ORD0020447,P0140,2023-11-15,1,Customer Changed Mind
RET001806,ORD0020478,P0039,2024-07-03,239,Customer Changed Mind
RET001807,ORD0020481,P0182,2024-12-28,19,Customer Changed Mind
RET001808,ORD0020482,P0163,2023-01-21,1,Customer Changed Mind
RET001809,ORD0020483,P0003,2023-03-24,1,Quality Issue
RET001810,ORD0020486,P0122,2023-11-12,3,Customer Changed Mind
RET001811,ORD0020502,P0168,2023-01-30,1,Customer Changed Mind
RET001812,ORD0020549,P0008,2024-10-28,1,Customer Changed Mind
RET001813,ORD0020571,P0065,2024-08-14,1,Other
RET001814,ORD0020574,P0083,2024-09-24,1,Customer Changed Mind
RET001815,ORD0020581,P0104,2023-04-07,66,Damaged in Transit
RET001816,ORD0020583,P0029,2023-09-13,86,Other
RET001817,ORD0020602,P0010,2023-07-25,3,Other
RET001818,ORD0020608,P0157,2024-03-16,2,Damaged in Transit
RET001819,ORD0020610,P0096,2024-05-10,1,Quality Issue
RET001820,ORD0020632,P0015,2023-06-06,1,Late Delivery
RET001821,ORD0020637,P0142,2023-10-16,1,Quality Issue
RET001822,ORD9999999,P0032,2023-11-09,3,Customer Changed Mind
RET001823,ORD0020648,P0128,2024-05-01,1,Quality Issue
RET001824,ORD0020652,P0170,2024-09-24,1,Wrong Item Delivered
RET001825,ORD0020659,P0153,2023-01-15,1,Damaged in Transit
RET001826,ORD0020661,P0189,2023-02-16,1,Other
RET001827,ORD0020662,P0075,2023-03-19,2,Customer Changed Mind
RET001828,ORD0020676,P0182,2023-11-23,1,Wrong Item Delivered
RET001829,ORD0020693,P0025,2024-10-14,1,Damaged in Transit
RET001830,ORD0020694,P0181,2024-11-07,1,Damaged in Transit
RET001831,ORD0020698,P0159,2023-02-19,1,Wrong Item Delivered
RET001832,ORD0020711,P0005,2024-02-19,1,Damaged in Transit
RET001833,ORD0020719,P0116,2024-05-19,1,Quality Issue
RET001834,ORD0020741,P0194,2023-06-27,1,Quality Issue
RET001835,ORD0020753,P0076,2023-12-26,1,Quality Issue
RET001836,ORD0020758,P0106,2024-03-19,1,Quality Issue
RET001837,ORD0020760,P0026,2024-04-11,2,Customer Changed Mind
RET001838,ORD0020763,P0112,2024-05-29,2,Damaged in Transit
RET001839,ORD0020771,P0187,2024-09-25,1,Customer Changed Mind
RET001840,ORD0020794,P0162,2023-11-17,1,Late Delivery
RET001841,ORD0020807,P0007,2023-04-06,1,Wrong Item Delivered
RET001842,ORD0020818,P0029,2024-01-25,1,Damaged in Transit
RET001843,ORD0020823,P0161,2024-04-23,1,Customer Changed Mind
RET001844,ORD0020836,P0135,2023-07-25,218,Late Delivery
RET001845,ORD0020844,P0111,2024-06-20,252,Customer Changed Mind
RET001846,ORD0020850,P0059,2023-03-05,5,Late Delivery
RET001847,ORD0020854,P0087,2023-05-06,1,Damaged in Transit
RET001848,ORD0020875,P0131,2024-11-28,1,Quality Issue
RET001849,ORD0020879,P0050,2023-02-19,1,Customer Changed Mind
RET001850,ORD0020887,P0036,2023-10-15,3,Customer Changed Mind
RET001851,ORD0020894,P0085,2024-03-25,1,Customer Changed Mind
RET001852,ORD0020896,P0019,2024-04-19,1,Damaged in Transit
RET001853,ORD0020915,P0016,2023-02-24,1,Damaged in Transit
RET001854,ORD0020922,P0180,2023-06-16,1,Damaged in Transit
RET001855,ORD0020950,P0023,2024-12-07,1,Wrong Item Delivered
RET001856,ORD0020957,P0028,2023-02-02,4,Damaged in Transit
RET001857,ORD0020965,P0122,2023-06-08,2,Wrong Item Delivered
RET001858,ORD9999999,P0011,2023-09-09,1,Customer Changed Mind
RET001859,ORD0020977,P0105,2024-01-08,4,Customer Changed Mind
RET001860,ORD0020987,P0165,2023-02-10,1,Customer Changed Mind
RET001861,ORD0021002,P0047,2023-10-16,1,Customer Changed Mind
RET001862,ORD0021086,P0144,2023-12-06,1,Customer Changed Mind
RET001863,ORD0021090,P0051,2024-02-27,1,Quality Issue
RET001864,ORD0021090,P0100,2024-02-26,1,Other
RET001865,ORD0021095,P0091,2024-08-18,2,Customer Changed Mind
RET001866,ORD0021098,P0013,2024-09-17,3,Customer Changed Mind
RET001867,ORD0021101,P0165,2023-02-05,1,Quality Issue
RET001868,ORD0021129,P0071,2024-06-22,1,Quality Issue
RET001869,ORD0021133,P0198,2024-07-21,1,Quality Issue
RET001870,ORD0021148,P0146,2023-04-22,1,Other
RET001871,ORD0021153,P0149,2023-12-28,2,Quality Issue
RET001872,ORD0021170,P0033,2023-11-15,1,Customer Changed Mind
RET001873,ORD0021176,P0168,2024-04-02,2,Quality Issue
RET001874,ORD0021188,P0169,2023-05-27,1,Wrong Item Delivered
RET001875,ORD0021193,P0165,2023-11-22,1,Late Delivery
RET001876,ORD0021195,P0027,2024-02-27,1,Customer Changed Mind
RET001877,ORD0021207,P0179,2023-02-06,2,Quality Issue
RET001878,ORD0021215,P0066,2023-11-01,1,Wrong Item Delivered
RET001879,ORD0021225,P0027,2024-09-10,2,Damaged in Transit
RET001880,ORD0021225,P0019,2024-09-14,2,Damaged in Transit
RET001881,ORD0021250,P0144,2024-03-31,1,Other
RET001882,ORD0021253,P0192,2024-04-30,2,Quality Issue
RET001883,ORD0021260,P0165,2024-08-27,1,Damaged in Transit
RET001884,ORD0021272,P0015,2023-03-24,4,Customer Changed Mind
RET001885,ORD0021275,P0015,2023-06-20,1,Damaged in Transit
RET001886,ORD0021283,P0019,2023-10-20,1,Wrong Item Delivered
RET001887,ORD0021292,P0131,2024-03-21,1,Damaged in Transit
RET001888,ORD0021305,P0188,2023-01-26,1,Damaged in Transit
RET001889,ORD0021314,P0038,2023-05-03,1,Wrong Item Delivered
RET001890,ORD0021341,P0152,2024-08-19,1,Wrong Item Delivered
RET001891,ORD0021342,P0087,2024-08-15,1,Customer Changed Mind
RET001892,ORD0021345,P0019,2024-10-20,2,Quality Issue
RET001893,ORD0021357,P0023,2023-07-14,1,Late Delivery
RET001894,ORD0021359,P0038,2023-08-08,1,Quality Issue
RET001895,ORD0021375,P0095,2024-04-09,1,Damaged in Transit
RET001896,ORD0021386,P0117,2024-08-18,1,Damaged in Transit
RET001897,ORD0021413,P0171,2023-10-25,35,Customer Changed Mind
RET001898,ORD0021438,P0037,2024-08-10,1,Customer Changed Mind
RET001899,ORD0021445,P0126,2024-12-27,1,Other
RET001900,ORD0021457,P0028,2024-07-12,19,Customer Changed Mind
RET001901,ORD0021467,P0123,2023-06-16,2,Damaged in Transit
RET001902,ORD0021473,P0119,2023-11-30,1,Wrong Item Delivered
RET001903,ORD0021474,P0077,2023-12-17,1,Quality Issue
RET001904,ORD0021483,P0038,2024-07-12,2,Wrong Item Delivered
RET001905,ORD0021484,P0187,2024-08-29,3,Other
RET001906,ORD0021487,P0125,2024-08-28,3,Other
RET001907,ORD0021498,P0054,2023-02-22,1,Damaged in Transit
RET001908,ORD0021524,P0071,2024-10-10,1,Wrong Item Delivered
RET001909,ORD0021529,P0086,2024-12-09,1,Wrong Item Delivered
RET001910,ORD0021530,P0168,2024-12-30,1,Damaged in Transit
RET001911,ORD0021533,P0050,2023-09-05,279,Customer Changed Mind
RET001912,ORD0021534,P0188,2023-09-05,122,Other
RET001913,ORD0021535,P0049,2023-10-19,99,Damaged in Transit
RET001914,ORD0021549,P0017,2023-08-16,2,Late Delivery
RET001915,ORD0021558,P0083,2024-03-15,3,Damaged in Transit
RET001916,ORD0021561,P0068,2024-06-19,1,Wrong Item Delivered
RET001917,ORD0021564,P0048,2024-09-10,4,Other
RET001918,ORD0021564,P0099,2024-09-02,1,Late Delivery
RET001919,ORD0021569,P0185,2024-11-10,1,Customer Changed Mind
RET001920,ORD0021600,P0182,2024-02-05,1,Quality Issue
RET001921,ORD0021610,P0163,2024-10-19,1,Quality Issue
RET001922,ORD0021614,P0018,2024-12-08,1,Late Delivery
RET001923,ORD0021626,P0162,2023-04-25,1,Damaged in Transit
RET001924,ORD0021632,P0095,2023-07-01,2,Quality Issue
RET001925,ORD0021650,P0172,2024-06-05,1,Customer Changed Mind
RET001926,ORD0021667,P0039,2023-03-22,3,Other
RET001927,ORD0021673,P0133,2023-10-21,1,Customer Changed Mind
RET001928,ORD0021691,P0063,2024-08-14,4,Late Delivery
RET001929,ORD0021696,P0025,2024-12-13,1,Late Delivery
RET001930,ORD0021706,P0029,2023-12-09,4,Other
RET001931,ORD0021716,P0106,2024-08-20,4,Wrong Item Delivered
RET001932,ORD0021724,P0005,2023-03-17,2,Quality Issue
RET001933,ORD0021740,P0122,2023-12-07,1,Customer Changed Mind
RET001934,ORD0021742,P0163,2024-03-14,1,Other
RET001935,ORD0021745,P0016,2024-05-14,1,Quality Issue
RET001936,ORD0021749,P0017,2024-09-26,1,Wrong Item Delivered
RET001937,ORD0021749,P0188,2024-09-28,1,Wrong Item Delivered
RET001938,ORD0021749,P0135,2024-09-23,1,Wrong Item Delivered
RET001939,ORD0021754,P0016,2024-12-05,1,Quality Issue
RET001940,ORD0021766,P0066,2023-06-21,1,Damaged in Transit
RET001941,ORD0021775,P0083,2023-09-14,2,Customer Changed Mind
RET001942,ORD0021775,P0078,2023-09-13,1,Customer Changed Mind
RET001943,ORD0021781,P0005,2023-12-09,1,Damaged in Transit
RET001944,ORD0021786,P0132,2024-04-12,1,Wrong Item Delivered
RET001945,ORD0021789,P0085,2024-06-22,2,Damaged in Transit
RET001946,ORD0021799,P0114,2024-12-25,1,Customer Changed Mind
RET001947,ORD9999999,P0047,2024-09-15,11,Damaged in Transit
RET001948,ORD0021821,P0001,2024-10-18,6,Customer Changed Mind
RET001949,ORD0021824,P0114,2023-02-09,1,Customer Changed Mind
RET001950,ORD0021827,P0151,2023-04-02,1,Wrong Item Delivered
RET001951,ORD0021831,P0124,2023-07-07,2,Wrong Item Delivered
RET001952,ORD0021878,P0079,2024-07-06,19,Wrong Item Delivered
RET001953,ORD0021884,P0021,2023-04-27,1,Other
RET001954,ORD0021890,P0035,2023-10-15,2,Wrong Item Delivered
RET001955,ORD0021890,P0189,2023-09-30,1,Wrong Item Delivered
RET001956,ORD0021899,P0036,2024-03-24,2,Other
RET001957,ORD0021900,P0024,2024-05-30,1,Quality Issue
RET001958,ORD0021910,P0101,2024-12-25,1,Quality Issue
RET001959,ORD0021920,P0165,2023-03-24,1,Quality Issue
RET001960,ORD0021942,P0091,2024-07-07,2,Damaged in Transit
RET001961,ORD0021942,P0157,2024-07-02,2,Damaged in Transit
RET001962,ORD0021965,P0104,2024-07-10,1,Quality Issue
RET001963,ORD0021982,P0124,2023-07-13,2,Customer Changed Mind
RET001964,ORD0021990,P0125,2024-03-21,1,Quality Issue
RET001965,ORD0021993,P0166,2024-04-26,1,Customer Changed Mind
RET001966,ORD0021995,P0104,2024-07-19,1,Other
RET001967,ORD0022022,P0101,2023-07-11,1,Quality Issue
RET001968,ORD0022033,P0129,2024-01-22,1,Quality Issue
RET001969,ORD0022041,P0159,2024-05-26,1,Quality Issue
RET001970,ORD0022052,P0157,2023-01-21,2,Quality Issue
RET001971,ORD0022053,P0094,2023-02-17,1,Damaged in Transit
RET001972,ORD0022064,P0187,2024-03-25,1,Late Delivery
RET001973,ORD0022072,P0029,2024-10-30,1,Late Delivery
RET001974,ORD0022075,P0056,2024-12-17,2,Wrong Item Delivered
RET001975,ORD0022077,P0084,2023-01-18,1,Customer Changed Mind
RET001976,ORD0022086,P0136,2023-12-15,1,Other
RET001977,ORD0022116,P0031,2024-06-24,17,Other
RET001978,ORD0022119,P0192,2024-12-22,5,Late Delivery
RET001979,ORD0022132,P0149,2024-12-04,53,Quality Issue
RET001980,ORD0022137,P0100,2023-10-21,43,Damaged in Transit
RET001981,ORD0022147,P0054,2024-12-08,177,Quality Issue
RET001982,ORD0022151,P0094,2023-12-05,151,Wrong Item Delivered
RET001983,ORD0022152,P0071,2023-12-25,12,Damaged in Transit
RET001984,ORD0022158,P0124,2024-08-01,64,Late Delivery
RET001985,ORD0022178,P0023,2024-01-11,1,Quality Issue
RET001986,ORD0022186,P0050,2024-09-27,5,Quality Issue
RET001987,ORD0022191,P0110,2023-04-20,2,Damaged in Transit
RET001988,ORD0022209,P0119,2024-02-07,2,Customer Changed Mind
RET001989,ORD9999999,P0051,2024-09-25,1,Wrong Item Delivered
RET001990,ORD0022217,P0052,2023-01-23,1,Late Delivery
RET001991,ORD0022222,P0122,2023-04-16,1,Other
RET001992,ORD0022273,P0050,2023-04-08,1,Damaged in Transit
RET001993,ORD0022277,P0015,2023-08-04,1,Wrong Item Delivered
RET001994,ORD0022292,P0159,2024-04-27,1,Customer Changed Mind
RET001995,ORD0022315,P0112,2023-10-01,199,Quality Issue
RET001996,ORD0022360,P0141,2023-02-27,1,Damaged in Transit
RET001997,ORD0022372,P0181,2023-09-30,1,Damaged in Transit
RET001998,ORD0022373,P0142,2023-10-10,1,Late Delivery
RET001999,ORD0022408,P0186,2023-01-31,2,Wrong Item Delivered
RET002000,ORD0022409,P0061,2023-03-25,4,Other
RET002001,ORD0022444,P0016,2023-03-08,1,Wrong Item Delivered
RET002002,ORD0022447,P0031,2023-05-12,2,Quality Issue
RET002003,ORD0022449,P0175,2023-06-27,1,Damaged in Transit
RET002004,ORD0022456,P0037,2023-10-15,1,Quality Issue
RET002005,ORD0022478,P0065,2024-09-29,1,Wrong Item Delivered
RET002006,ORD0022486,P0106,2023-08-24,28,Damaged in Transit
RET002007,ORD0022518,P0158,2024-02-06,1,Damaged in Transit
RET002008,ORD0022520,P0192,2024-05-02,1,Customer Changed Mind
RET002009,ORD0022525,P0110,2024-08-18,1,Late Delivery
RET002010,ORD0022527,P0184,2024-09-15,1,Customer Changed Mind
RET002011,ORD0022528,P0028,2024-09-14,2,Quality Issue
RET002012,ORD0022534,P0200,2024-12-15,1,Damaged in Transit
RET002013,ORD0022548,P0029,2023-11-24,2,Damaged in Transit
RET002014,ORD0022574,P0165,2023-05-24,1,Damaged in Transit
RET002015,ORD0022576,P0104,2023-06-16,1,Damaged in Transit
RET002016,ORD0022577,P0109,2023-06-26,1,Quality Issue
RET002017,ORD0022585,P0084,2023-12-29,1,Wrong Item Delivered
RET002018,ORD0022638,P0032,2024-07-04,1,Quality Issue
RET002019,ORD0022643,P0070,2024-10-21,1,Customer Changed Mind
RET002020,ORD0022653,P0022,2023-06-19,1,Damaged in Transit
RET002021,ORD0022655,P0162,2023-10-15,1,Quality Issue
RET002022,ORD0022664,P0025,2024-06-07,3,Customer Changed Mind
RET002023,ORD0022668,P0019,2024-09-18,1,Damaged in Transit
RET002024,ORD0022671,P0158,2024-12-04,1,Customer Changed Mind
RET002025,ORD0022678,P0121,2023-05-19,2,Damaged in Transit
RET002026,ORD0022698,P0036,2024-10-01,2,Customer Changed Mind
RET002027,ORD0022734,P0128,2024-08-04,1,Wrong Item Delivered
RET002028,ORD0022734,P0031,2024-08-16,1,Wrong Item Delivered
RET002029,ORD9999999,P0010,2023-06-11,1,Damaged in Transit
RET002030,ORD0022760,P0135,2023-07-14,1,Damaged in Transit
RET002031,ORD0022768,P0015,2023-10-27,1,Wrong Item Delivered
RET002032,ORD0022771,P0123,2024-02-06,1,Wrong Item Delivered
RET002033,ORD0022781,P0130,2024-05-21,1,Other
RET002034,ORD0022783,P0179,2024-07-05,1,Other
RET002035,ORD0022806,P0023,2023-10-18,1,Damaged in Transit
RET002036,ORD0022809,P0076,2024-02-07,1,Wrong Item Delivered
RET002037,ORD0022849,P0149,2024-03-01,1,Wrong Item Delivered
RET002038,ORD0022870,P0035,2023-04-13,3,Customer Changed Mind
RET002039,ORD0022898,P0142,2023-06-14,1,Quality Issue
RET002040,ORD0022899,P0086,2023-06-12,2,Wrong Item Delivered
RET002041,ORD0022907,P0003,2023-09-07,2,Damaged in Transit
RET002042,ORD0022920,P0093,2024-04-09,1,Damaged in Transit
RET002043,ORD0022926,P0109,2024-07-11,2,Quality Issue
RET002044,ORD0022943,P0005,2023-03-28,1,Damaged in Transit
RET002045,ORD0022943,P0174,2023-03-17,4,Damaged in Transit
RET002046,ORD0022945,P0129,2023-04-15,1,Late Delivery
RET002047,ORD0022952,P0183,2024-01-02,3,Late Delivery
RET002048,ORD0022956,P0103,2024-04-05,3,Late Delivery
RET002049,ORD0022974,P0112,2023-01-28,1,Damaged in Transit
RET002050,ORD0023001,P0137,2024-07-11,2,Quality Issue
RET002051,ORD0023011,P0098,2024-11-17,1,Quality Issue
RET002052,ORD0023020,P0032,2023-07-17,2,Damaged in Transit
RET002053,ORD0023021,P0153,2023-08-11,1,Late Delivery
RET002054,ORD0023035,P0195,2023-03-21,1,Wrong Item Delivered
RET002055,ORD0023037,P0030,2023-04-26,2,Other
RET002056,ORD0023043,P0022,2023-10-07,2,Damaged in Transit
RET002057,ORD0023048,P0159,2024-03-17,2,Quality Issue
RET002058,ORD0023062,P0112,2023-04-14,1,Quality Issue
RET002059,ORD0023066,P0028,2023-06-11,4,Customer Changed Mind
RET002060,ORD0023076,P0127,2024-05-14,1,Customer Changed Mind
RET002061,ORD0023082,P0196,2024-11-04,2,Damaged in Transit
RET002062,ORD0023124,P0122,2024-04-08,158,Damaged in Transit
RET002063,ORD0023130,P0049,2023-03-10,4,Quality Issue
RET002064,ORD0023142,P0026,2023-11-22,1,Wrong Item Delivered
RET002065,ORD0023153,P0195,2024-07-20,5,Late Delivery
RET002066,ORD0023173,P0135,2023-08-10,1,Wrong Item Delivered
RET002067,ORD0023202,P0160,2023-02-21,2,Customer Changed Mind
RET002068,ORD0023216,P0079,2024-04-16,2,Wrong Item Delivered
RET002069,ORD0023228,P0028,2023-03-29,1,Damaged in Transit
RET002070,ORD0023242,P0059,2024-06-24,1,Late Delivery
RET002071,ORD0023246,P0122,2024-12-09,1,Damaged in Transit
RET002072,ORD0023248,P0103,2023-04-29,1,Quality Issue
RET002073,ORD0023258,P0023,2024-04-07,1,Damaged in Transit
RET002074,ORD0023264,P0200,2024-11-05,1,Late Delivery
RET002075,ORD0023268,P0111,2023-02-06,1,Damaged in Transit
RET002076,ORD0023270,P0149,2023-02-10,1,Damaged in Transit
RET002077,ORD0023272,P0168,2023-04-22,1,Late Delivery
RET002078,ORD0023290,P0187,2024-04-27,1,Late Delivery
RET002079,ORD0023314,P0196,2024-08-04,1,Wrong Item Delivered
RET002080,ORD0023320,P0087,2023-05-31,36,Quality Issue
RET002081,ORD0023321,P0109,2023-07-28,169,Other
RET002082,ORD0023323,P0031,2023-10-06,143,Quality Issue
RET002083,ORD0023326,P0122,2024-06-24,266,Late Delivery
RET002084,ORD0023327,P0150,2024-08-29,95,Customer Changed Mind
RET002085,ORD0023333,P0181,2023-11-06,231,Customer Changed Mind
RET002086,ORD0023336,P0192,2024-04-26,64,Customer Changed Mind
RET002087,ORD0023353,P0008,2023-12-31,116,Damaged in Transit
RET002088,ORD0023367,P0099,2023-06-22,17,Late Delivery
RET002089,ORD0023377,P0052,2024-11-21,53,Quality Issue
RET002090,ORD0023381,P0188,2023-04-23,1,Quality Issue
RET002091,ORD9999999,P0015,2023-06-16,1,Late Delivery
RET002092,ORD0023394,P0121,2023-10-26,1,Other
RET002093,ORD0023397,P0001,2023-12-09,1,Damaged in Transit
RET002094,ORD0023418,P0074,2023-02-01,1,Damaged in Transit
RET002095,ORD0023432,P0136,2024-02-07,1,Customer Changed Mind
RET002096,ORD0023433,P0145,2024-02-16,2,Customer Changed Mind
RET002097,ORD0023459,P0162,2023-02-22,2,Wrong Item Delivered
RET002098,ORD0023467,P0068,2023-11-14,41,Customer Changed Mind
RET002099,ORD0023468,P0038,2023-11-20,19,Quality Issue
RET002100,ORD0023479,P0168,2024-10-21,8,Late Delivery
RET002101,ORD0023516,P0021,2023-09-19,1,Late Delivery
RET002102,ORD0023531,P0045,2024-07-03,1,Wrong Item Delivered
RET002103,ORD0023537,P0183,2024-11-02,2,Damaged in Transit
RET002104,ORD0023564,P0150,2023-01-25,1,Quality Issue
RET002105,ORD0023602,P0105,2024-12-15,1,Late Delivery
RET002106,ORD0023608,P0095,2023-04-18,2,Wrong Item Delivered
RET002107,ORD0023622,P0064,2023-10-08,2,Damaged in Transit
RET002108,ORD0023622,P0031,2023-10-12,1,Damaged in Transit
RET002109,ORD0023644,P0187,2023-07-07,102,Quality Issue
RET002110,ORD0023649,P0185,2024-03-08,53,Other
RET002111,ORD0023663,P0004,2023-10-17,40,Quality Issue
RET002112,ORD0023672,P0093,2024-09-04,6,Wrong Item Delivered
RET002113,ORD0023673,P0077,2024-11-07,40,Customer Changed Mind
RET002114,ORD0023689,P0182,2024-07-17,1,Damaged in Transit
RET002115,ORD0023698,P0095,2023-07-02,2,Other
RET002116,ORD0023707,P0093,2024-07-20,1,Wrong Item Delivered
RET002117,ORD0023709,P0095,2024-08-11,1,Quality Issue
RET002118,ORD0023719,P0029,2023-02-25,1,Wrong Item Delivered
RET002119,ORD0023722,P0182,2023-04-26,1,Quality Issue
RET002120,ORD0023727,P0165,2023-10-22,1,Wrong Item Delivered
RET002121,ORD0023733,P0137,2023-12-14,1,Quality Issue
RET002122,ORD0023751,P0004,2024-09-18,1,Customer Changed Mind
RET002123,ORD0023751,P0157,2024-09-21,1,Damaged in Transit
RET002124,ORD0023800,P0068,2023-06-27,1,Customer Changed Mind
RET002125,ORD0023803,P0177,2023-06-25,3,Customer Changed Mind
RET002126,ORD0023812,P0158,2024-01-09,1,Wrong Item Delivered
RET002127,ORD0023814,P0162,2024-02-23,1,Late Delivery
RET002128,ORD0023829,P0111,2023-09-19,4,Wrong Item Delivered
RET002129,ORD0023830,P0116,2023-12-17,1,Late Delivery
RET002130,ORD0023838,P0001,2024-06-16,1,Wrong Item Delivered
RET002131,ORD0023845,P0179,2024-09-07,1,Other
RET002132,ORD0023866,P0092,2023-11-15,1,Quality Issue
RET002133,ORD0023876,P0154,2024-08-22,1,Late Delivery
RET002134,ORD0023889,P0115,2023-03-05,1,Quality Issue
RET002135,ORD0023916,P0177,2024-08-11,1,Damaged in Transit
RET002136,ORD0023928,P0063,2023-07-07,1,Quality Issue
RET002137,ORD0023934,P0179,2023-12-04,1,Damaged in Transit
RET002138,ORD0023941,P0108,2024-05-15,1,Quality Issue
RET002139,ORD0023952,P0074,2024-12-09,1,Wrong Item Delivered
RET002140,ORD0023964,P0075,2024-04-29,229,Wrong Item Delivered
RET002141,ORD0023971,P0162,2023-01-30,1,Wrong Item Delivered
RET002142,ORD0023979,P0056,2023-11-10,1,Damaged in Transit
RET002143,ORD0023979,P0020,2023-10-27,2,Damaged in Transit
RET002144,ORD0023996,P0091,2023-02-01,5,Quality Issue
RET002145,ORD0024014,P0101,2024-10-28,1,Wrong Item Delivered
RET002146,ORD0024034,P0167,2024-09-09,4,Other
RET002147,ORD0024037,P0083,2024-12-24,3,Quality Issue
RET002148,ORD0024049,P0195,2023-09-18,3,Customer Changed Mind
RET002149,ORD0024050,P0075,2023-09-25,1,Customer Changed Mind
RET002150,ORD0024051,P0059,2023-12-11,3,Damaged in Transit
RET002151,ORD0024060,P0168,2024-05-01,1,Quality Issue
RET002152,ORD0024075,P0028,2023-03-10,1,Other
RET002153,ORD0024076,P0094,2023-03-18,1,Wrong Item Delivered
RET002154,ORD0024082,P0069,2023-04-20,1,Damaged in Transit
RET002155,ORD0024088,P0119,2023-06-29,1,Quality Issue
RET002156,ORD0024090,P0162,2023-07-06,1,Wrong Item Delivered
RET002157,ORD0024090,P0034,2023-07-02,1,Quality Issue
RET002158,ORD0024111,P0189,2024-11-13,1,Damaged in Transit
RET002159,ORD0024119,P0050,2023-07-03,16,Other
RET002160,ORD0024120,P0068,2023-10-06,15,Other
RET002161,ORD0024129,P0174,2024-07-14,9,Wrong Item Delivered
RET002162,ORD0024158,P0079,2024-04-20,1,Damaged in Transit
RET002163,ORD0024166,P0124,2024-10-07,1,Quality Issue
RET002164,ORD0024184,P0129,2024-05-31,4,Customer Changed Mind
RET002165,ORD0024188,P0114,2024-08-09,3,Damaged in Transit
RET002166,ORD0024195,P0089,2023-01-15,1,Quality Issue
RET002167,ORD0024215,P0063,2023-10-12,1,Damaged in Transit
RET002168,ORD9999999,P0114,2024-09-03,2,Late Delivery
RET002169,ORD0024239,P0140,2024-09-02,1,Quality Issue
RET002170,ORD0024247,P0005,2023-02-11,1,Damaged in Transit
RET002171,ORD0024256,P0016,2023-06-13,1,Customer Changed Mind
RET002172,ORD0024266,P0038,2023-10-21,1,Quality Issue
RET002173,ORD0024267,P0092,2023-10-24,1,Late Delivery
RET002174,ORD0024270,P0138,2024-01-05,1,Wrong Item Delivered
RET002175,ORD0024274,P0163,2024-01-22,1,Customer Changed Mind
RET002176,ORD0024286,P0064,2024-09-23,1,Wrong Item Delivered
RET002177,ORD0024297,P0003,2023-02-18,2,Quality Issue
RET002178,ORD0024310,P0027,2023-09-27,1,Customer Changed Mind
RET002179,ORD0024316,P0179,2023-12-11,1,Late Delivery
RET002180,ORD0024321,P0103,2024-03-24,1,Damaged in Transit
RET002181,ORD0024323,P0004,2024-04-26,2,Wrong Item Delivered
RET002182,ORD0024377,P0027,2024-12-14,1,Damaged in Transit
RET002183,ORD0024379,P0116,2023-02-17,1,Damaged in Transit
RET002184,ORD0024380,P0157,2023-03-03,1,Quality Issue
RET002185,ORD0024388,P0106,2023-06-29,2,Quality Issue
RET002186,ORD0024398,P0100,2024-04-02,5,Wrong Item Delivered
RET002187,ORD0024404,P0169,2024-10-14,1,Damaged in Transit
RET002188,ORD0024407,P0111,2024-12-13,3,Customer Changed Mind
RET002189,ORD0024424,P0001,2024-08-21,1,Damaged in Transit
RET002190,ORD0024447,P0020,2024-03-11,1,Customer Changed Mind
RET002191,ORD0024452,P0083,2024-07-13,3,Damaged in Transit
RET002192,ORD0024453,P0124,2024-08-07,1,Quality Issue
RET002193,ORD0024464,P0144,2023-08-16,1,Wrong Item Delivered
RET002194,ORD0024473,P0031,2024-01-25,1,Customer Changed Mind
RET002195,ORD0024488,P0002,2024-11-27,3,Damaged in Transit
RET002196,ORD0024488,P0049,2024-11-30,1,Damaged in Transit
RET002197,ORD0024492,P0128,2023-05-01,149,Customer Changed Mind
RET002198,ORD0024496,P0068,2024-02-23,160,Quality Issue
RET002199,ORD0024505,P0088,2023-03-09,1,Damaged in Transit
RET002200,ORD0024516,P0019,2023-10-22,1,Damaged in Transit
RET002201,ORD0024517,P0011,2023-11-08,1,Other
RET002202,ORD0024518,P0061,2023-11-02,1,Quality Issue
RET002203,ORD0024533,P0129,2024-08-18,1,Damaged in Transit
RET002204,ORD0024543,P0137,2024-12-20,1,Late Delivery
RET002205,ORD0024563,P0093,2023-02-18,2,Other
RET002206,ORD0024569,P0138,2023-07-15,1,Customer Changed Mind
RET002207,ORD0024579,P0162,2024-05-22,1,Quality Issue
RET002208,ORD0024594,P0037,2024-04-15,10,Customer Changed Mind
RET002209,ORD0024611,P0106,2023-08-28,6,Quality Issue
RET002210,ORD0024624,P0036,2024-12-27,29,Damaged in Transit
RET002211,ORD0024632,P0106,2023-04-26,1,Customer Changed Mind
RET002212,ORD0024636,P0001,2023-07-29,1,Damaged in Transit
RET002213,ORD0024647,P0095,2024-01-16,1,Customer Changed Mind
RET002214,ORD0024669,P0177,2023-09-04,15,Quality Issue
RET002215,ORD0024694,P0023,2023-06-23,25,Late Delivery
RET002216,ORD0024705,P0107,2023-10-14,28,Quality Issue
RET002217,ORD0024709,P0111,2024-02-02,16,Customer Changed Mind
RET002218,ORD0024752,P0106,2024-05-31,2,Other
RET002219,ORD0024766,P0024,2023-05-08,1,Quality Issue
RET002220,ORD0024767,P0076,2023-06-27,2,Late Delivery
RET002221,ORD0024779,P0012,2024-01-20,5,Wrong Item Delivered
RET002222,ORD0024785,P0027,2024-11-30,1,Damaged in Transit
RET002223,ORD0024790,P0049,2023-09-06,3,Customer Changed Mind
RET002224,ORD0024795,P0175,2023-10-11,2,Quality Issue
RET002225,ORD0024808,P0051,2023-02-11,1,Other
RET002226,ORD0024810,P0135,2023-03-10,1,Damaged in Transit
RET002227,ORD0024822,P0003,2024-06-13,3,Late Delivery
RET002228,ORD0024843,P0152,2023-08-26,1,Customer Changed Mind
RET002229,ORD0024892,P0162,2024-09-30,1,Damaged in Transit
RET002230,ORD0024898,P0174,2024-11-20,1,Customer Changed Mind
RET002231,ORD0024903,P0024,2023-03-21,1,Wrong Item Delivered
RET002232,ORD0024909,P0035,2023-07-20,1,Late Delivery
RET002233,ORD0024911,P0134,2023-08-08,1,Quality Issue
RET002234,ORD0024943,P0001,2023-03-15,3,Customer Changed Mind
RET002235,ORD0024954,P0047,2023-09-17,1,Customer Changed Mind
RET002236,ORD0024958,P0186,2023-11-30,2,Customer Changed Mind
RET002237,ORD0024970,P0008,2023-03-04,2,Wrong Item Delivered
RET002238,ORD0024986,P0149,2024-01-20,1,Wrong Item Delivered
RET002239,ORD0024988,P0022,2024-01-16,1,Customer Changed Mind
RET002240,ORD0024990,P0043,2024-02-24,1,Customer Changed Mind
RET002241,ORD0024993,P0102,2024-03-27,1,Customer Changed Mind
RET002242,ORD0024997,P0055,2024-06-12,1,Quality Issue
RET002243,ORD0025014,P0150,2023-04-05,1,Wrong Item Delivered
RET002244,ORD0025019,P0051,2023-06-13,1,Customer Changed Mind
RET002245,ORD0025024,P0032,2023-08-22,1,Late Delivery
RET002246,ORD0025030,P0162,2024-04-01,1,Customer Changed Mind
RET002247,ORD0025033,P0191,2024-03-31,1,Damaged in Transit
RET002248,ORD0025033,P0087,2024-04-08,1,Damaged in Transit
RET002249,ORD0025041,P0022,2024-09-17,1,Late Delivery
RET002250,ORD0025043,P0061,2024-10-20,1,Wrong Item Delivered
RET002251,ORD0025055,P0068,2023-07-11,1,Damaged in Transit
RET002252,ORD0025066,P0159,2024-05-30,1,Customer Changed Mind
RET002253,ORD0025072,P0037,2024-09-12,2,Quality Issue
RET002254,ORD0025074,P0159,2023-02-24,1,Damaged in Transit
RET002255,ORD0025089,P0169,2023-08-25,1,Damaged in Transit
RET002256,ORD0025092,P0170,2023-09-08,1,Late Delivery
RET002257,ORD0025144,P0131,2024-11-15,1,Wrong Item Delivered
RET002258,ORD9999999,P0084,2023-02-08,1,Customer Changed Mind
RET002259,ORD0025176,P0083,2024-06-17,2,Wrong Item Delivered
RET002260,ORD0025176,P0109,2024-06-08,55,Quality Issue
RET002261,ORD0025176,P0137,2024-06-14,72,Quality Issue
RET002262,ORD0025203,P0131,2024-09-26,2,Late Delivery
RET002263,ORD0025208,P0017,2024-12-26,1,Wrong Item Delivered
RET002264,ORD0025210,P0188,2023-06-02,40,Other
RET002265,ORD0025222,P0174,2024-11-27,29,Damaged in Transit
RET002266,ORD0025248,P0181,2024-03-17,1,Wrong Item Delivered
RET002267,ORD0025255,P0106,2024-07-23,1,Quality Issue
RET002268,ORD0025256,P0019,2024-07-31,1,Quality Issue
RET002269,ORD0025259,P0001,2024-09-28,1,Damaged in Transit
RET002270,ORD0025260,P0074,2024-11-08,1,Late Delivery
RET002271,ORD0025268,P0029,2023-05-21,2,Other
RET002272,ORD0025282,P0153,2024-05-05,1,Damaged in Transit
RET002273,ORD0025302,P0194,2023-11-25,1,Customer Changed Mind
RET002274,ORD0025311,P0028,2024-06-08,3,Customer Changed Mind
RET002275,ORD0025320,P0152,2023-03-01,1,Customer Changed Mind
RET002276,ORD0025332,P0025,2024-03-09,1,Customer Changed Mind
RET002277,ORD0025333,P0005,2024-04-29,2,Damaged in Transit
RET002278,ORD0025346,P0136,2023-04-30,1,Wrong Item Delivered
RET002279,ORD0025346,P0104,2023-04-25,1,Wrong Item Delivered
RET002280,ORD0025358,P0083,2024-08-27,2,Quality Issue
RET002281,ORD0025373,P0079,2023-08-28,1,Customer Changed Mind
RET002282,ORD0025373,P0092,2023-09-07,1,Wrong Item Delivered
RET002283,ORD0025376,P0192,2023-12-07,1,Customer Changed Mind
RET002284,ORD0025379,P0153,2024-01-25,1,Quality Issue
RET002285,ORD0025382,P0083,2024-02-18,2,Quality Issue
RET002286,ORD0025389,P0058,2024-08-04,2,Wrong Item Delivered
RET002287,ORD0025401,P0083,2023-04-05,322,Wrong Item Delivered
RET002288,ORD0025408,P0111,2023-10-18,144,Customer Changed Mind
RET002289,ORD0025427,P0132,2023-10-12,1,Damaged in Transit
RET002290,ORD0025443,P0190,2024-10-06,1,Customer Changed Mind
RET002291,ORD0025448,P0098,2023-03-07,4,Quality Issue
RET002292,ORD0025458,P0008,2024-03-10,47,Quality Issue
RET002293,ORD0025472,P0040,2023-11-11,221,Damaged in Transit
RET002294,ORD0025504,P0034,2023-06-05,237,Customer Changed Mind
RET002295,ORD0025557,P0068,2024-07-17,1,Other
RET002296,ORD0025571,P0122,2023-02-26,4,Customer Changed Mind
RET002297,ORD0025577,P0143,2023-10-04,1,Late Delivery
RET002298,ORD0025582,P0053,2024-01-10,1,Wrong Item Delivered
RET002299,ORD0025614,P0111,2024-09-23,2,Damaged in Transit
RET002300,ORD0025614,P0165,2024-09-20,1,Damaged in Transit
RET002301,ORD0025623,P0149,2024-12-19,2,Damaged in Transit
RET002302,ORD9999999,P0131,2023-12-25,1,Other
RET002303,ORD0025661,P0058,2024-08-19,1,Customer Changed Mind
RET002304,ORD0025671,P0162,2024-04-11,70,Damaged in Transit
RET002305,ORD0025682,P0196,2023-07-08,205,Wrong Item Delivered
RET002306,ORD0025685,P0103,2023-10-30,25,Customer Changed Mind
RET002307,ORD0025693,P0089,2024-09-19,122,Damaged in Transit
RET002308,ORD0025703,P0146,2024-06-29,125,Wrong Item Delivered
RET002309,ORD0025707,P0010,2023-01-21,1,Damaged in Transit
RET002310,ORD0025707,P0076,2023-01-16,1,Damaged in Transit
RET002311,ORD0025710,P0009,2023-04-19,4,Damaged in Transit
RET002312,ORD0025715,P0047,2023-09-22,4,Quality Issue
RET002313,ORD0025722,P0134,2024-05-08,1,Customer Changed Mind
RET002314,ORD0025739,P0195,2023-04-11,1,Wrong Item Delivered
RET002315,ORD0025750,P0184,2024-01-19,5,Wrong Item Delivered
RET002316,ORD0025751,P0028,2024-02-23,1,Late Delivery
RET002317,ORD0025756,P0013,2024-05-25,2,Wrong Item Delivered
RET002318,ORD0025771,P0126,2023-01-16,9,Damaged in Transit
RET002319,ORD0025772,P0068,2023-01-25,59,Customer Changed Mind
RET002320,ORD0025776,P0050,2023-05-08,115,Damaged in Transit
RET002321,ORD0025781,P0001,2024-08-12,144,Damaged in Transit
RET002322,ORD0025784,P0130,2023-02-24,1,Damaged in Transit
RET002323,ORD0025789,P0078,2023-09-16,1,Wrong Item Delivered
RET002324,ORD0025789,P0088,2023-09-17,4,Wrong Item Delivered
RET002325,ORD0025794,P0074,2023-12-26,2,Quality Issue
RET002326,ORD0025799,P0174,2024-04-13,1,Quality Issue
RET002327,ORD0025804,P0199,2024-12-31,1,Other
RET002328,ORD0025811,P0111,2023-11-29,1,Damaged in Transit
RET002329,ORD0025815,P0093,2024-02-01,2,Wrong Item Delivered
RET002330,ORD0025816,P0034,2024-02-06,1,Customer Changed Mind
RET002331,ORD0025818,P0050,2024-03-08,1,Wrong Item Delivered
RET002332,ORD0025879,P0023,2023-02-17,2,Customer Changed Mind
RET002333,ORD0025902,P0109,2023-11-06,1,Quality Issue
RET002334,ORD0025903,P0007,2023-11-26,1,Quality Issue
RET002335,ORD0025907,P0001,2024-02-14,1,Damaged in Transit
RET002336,ORD0025943,P0052,2024-05-11,1,Damaged in Transit
RET002337,ORD0025949,P0004,2024-08-21,1,Wrong Item Delivered
RET002338,ORD0025956,P0169,2024-11-10,1,Wrong Item Delivered
RET002339,ORD9999999,P0170,2023-11-29,1,Quality Issue
RET002340,ORD0025979,P0158,2024-02-17,1,Damaged in Transit
RET002341,ORD0025979,P0200,2024-02-02,2,Damaged in Transit
RET002342,ORD0025984,P0157,2024-06-16,2,Wrong Item Delivered
RET002343,ORD0026016,P0106,2023-12-01,1,Wrong Item Delivered
RET002344,ORD0026027,P0089,2024-10-07,1,Wrong Item Delivered
RET002345,ORD0026074,P0085,2024-10-14,37,Customer Changed Mind
RET002346,ORD0026076,P0048,2024-12-14,52,Customer Changed Mind
RET002347,ORD0026084,P0126,2023-07-25,1,Customer Changed Mind
RET002348,ORD0026093,P0012,2023-08-26,1,Customer Changed Mind
RET002349,ORD0026132,P0107,2023-07-09,10,Late Delivery
RET002350,ORD0026135,P0110,2023-09-14,6,Customer Changed Mind
RET002351,ORD0026138,P0094,2023-12-15,52,Quality Issue
RET002352,ORD0026143,P0019,2024-09-11,18,Quality Issue
RET002353,ORD0026152,P0030,2023-04-09,1,Customer Changed Mind
RET002354,ORD0026160,P0073,2023-09-24,1,Customer Changed Mind
RET002355,ORD0026161,P0039,2023-10-20,1,Quality Issue
RET002356,ORD0026164,P0039,2023-11-28,1,Wrong Item Delivered
RET002357,ORD0026164,P0023,2023-12-01,1,Wrong Item Delivered
RET002358,ORD0026166,P0165,2024-02-14,1,Customer Changed Mind
RET002359,ORD0026202,P0169,2024-10-31,4,Customer Changed Mind
RET002360,ORD0026205,P0089,2023-04-07,77,Late Delivery
RET002361,ORD0026214,P0099,2024-03-31,107,Customer Changed Mind
RET002362,ORD0026219,P0109,2024-10-11,36,Quality Issue
RET002363,ORD0026226,P0008,2023-03-20,1,Wrong Item Delivered
RET002364,ORD0026245,P0146,2024-01-21,2,Customer Changed Mind
RET002365,ORD0026262,P0011,2024-08-01,1,Customer Changed Mind
RET002366,ORD0026266,P0149,2024-11-04,1,Damaged in Transit
RET002367,ORD0026267,P0007,2024-11-17,1,Other
RET002368,ORD0026273,P0119,2023-04-30,2,Late Delivery
RET002369,ORD0026281,P0028,2024-01-11,2,Wrong Item Delivered
RET002370,ORD0026296,P0120,2023-03-04,1,Customer Changed Mind
RET002371,ORD0026350,P0101,2023-12-02,5,Wrong Item Delivered
RET002372,ORD0026356,P0165,2024-10-16,41,Quality Issue
RET002373,ORD0026368,P0062,2023-07-30,1,Late Delivery
RET002374,ORD0026371,P0111,2023-09-15,1,Damaged in Transit
RET002375,ORD0026388,P0109,2023-05-17,1,Wrong Item Delivered
RET002376,ORD0026402,P0134,2024-01-21,1,Damaged in Transit
RET002377,ORD0026402,P0048,2024-01-21,2,Damaged in Transit
RET002378,ORD0026402,P0093,2024-01-18,1,Damaged in Transit
RET002379,ORD0026407,P0094,2024-03-03,1,Wrong Item Delivered
RET002380,ORD0026409,P0010,2024-04-09,2,Quality Issue
RET002381,ORD0026447,P0037,2024-07-10,61,Damaged in Transit
RET002382,ORD0026453,P0187,2023-05-17,74,Quality Issue
RET002383,ORD0026462,P0012,2024-07-09,4,Quality Issue
RET002384,ORD0026478,P0113,2023-10-31,16,Damaged in Transit
RET002385,ORD0026478,P0165,2023-11-02,27,Damaged in Transit
RET002386,ORD0026487,P0146,2024-08-30,26,Customer Changed Mind
RET002387,ORD0026487,P0008,2024-08-29,19,Late Delivery
RET002388,ORD0026491,P0168,2023-07-18,145,Quality Issue
RET002389,ORD0026527,P0031,2023-08-20,1,Damaged in Transit
RET002390,ORD0026535,P0158,2023-12-14,2,Damaged in Transit
RET002391,ORD0026538,P0177,2024-01-26,1,Customer Changed Mind
RET002392,ORD0026541,P0094,2024-02-09,1,Quality Issue
RET002393,ORD0026547,P0170,2024-07-05,1,Customer Changed Mind
RET002394,ORD0026571,P0134,2024-02-20,1,Customer Changed Mind
RET002395,ORD0026581,P0114,2023-01-24,159,Wrong Item Delivered
RET002396,ORD0026594,P0056,2023-03-03,1,Customer Changed Mind
RET002397,ORD0026597,P0170,2023-06-01,1,Damaged in Transit
RET002398,ORD0026607,P0194,2023-10-16,1,Quality Issue
RET002399,ORD0026630,P0047,2024-11-19,1,Late Delivery
RET002400,ORD0026648,P0159,2023-08-27,2,Damaged in Transit
RET002401,ORD0026656,P0187,2024-04-05,1,Customer Changed Mind
RET002402,ORD0026685,P0111,2023-08-17,2,Late Delivery
RET002403,ORD0026689,P0124,2023-10-12,1,Wrong Item Delivered
RET002404,ORD0026709,P0094,2024-10-28,1,Quality Issue
RET002405,ORD0026733,P0170,2023-11-27,1,Quality Issue
RET002406,ORD0026738,P0010,2024-02-13,1,Wrong Item Delivered
RET002407,ORD0026744,P0167,2024-08-18,1,Damaged in Transit
RET002408,ORD0026744,P0078,2024-08-14,2,Damaged in Transit
RET002409,ORD0026745,P0066,2024-08-28,1,Customer Changed Mind
RET002410,ORD0026760,P0001,2023-02-25,1,Quality Issue
RET002411,ORD0026767,P0160,2023-10-22,1,Damaged in Transit
RET002412,ORD0026779,P0155,2024-09-14,1,Damaged in Transit
RET002413,ORD0026799,P0177,2023-12-11,1,Wrong Item Delivered
RET002414,ORD0026806,P0056,2024-05-14,1,Wrong Item Delivered
RET002415,ORD0026826,P0039,2023-05-09,1,Quality Issue
RET002416,ORD0026827,P0044,2023-07-03,1,Quality Issue
RET002417,ORD0026830,P0075,2023-07-20,1,Customer Changed Mind
RET002418,ORD0026837,P0065,2023-11-09,2,Damaged in Transit
RET002419,ORD0026842,P0070,2024-03-26,1,Customer Changed Mind
RET002420,ORD0026857,P0132,2023-12-22,258,Quality Issue
RET002421,ORD0026859,P0046,2024-02-17,298,Damaged in Transit
RET002422,ORD0026884,P0078,2024-01-04,1,Other
RET002423,ORD0026906,P0037,2023-06-11,1,Damaged in Transit
RET002424,ORD0026913,P0029,2024-02-25,1,Customer Changed Mind
RET002425,ORD0026937,P0154,2023-03-01,2,Other
RET002426,ORD9999999,P0127,2023-06-09,2,Customer Changed Mind
RET002427,ORD0026959,P0013,2024-01-05,1,Customer Changed Mind
RET002428,ORD0026969,P0037,2024-12-01,5,Customer Changed Mind
RET002429,ORD0026970,P0180,2023-02-04,4,Quality Issue
RET002430,ORD0026985,P0111,2024-10-06,8,Late Delivery
RET002431,ORD0027015,P0145,2023-05-09,1,Customer Changed Mind
RET002432,ORD0027017,P0044,2023-06-09,1,Customer Changed Mind
RET002433,ORD0027030,P0005,2024-03-19,1,Customer Changed Mind
RET002434,ORD0027036,P0106,2024-06-30,1,Damaged in Transit
RET002435,ORD0027042,P0167,2024-12-03,1,Customer Changed Mind
RET002436,ORD0027052,P0058,2024-01-03,1,Quality Issue
RET002437,ORD0027059,P0069,2024-06-26,2,Customer Changed Mind
RET002438,ORD0027075,P0029,2023-06-28,3,Damaged in Transit
RET002439,ORD0027084,P0049,2024-02-17,2,Customer Changed Mind
RET002440,ORD0027103,P0166,2023-04-18,1,Customer Changed Mind
RET002441,ORD0027110,P0044,2023-10-07,1,Late Delivery
RET002442,ORD0027110,P0015,2023-09-30,2,Quality Issue
RET002443,ORD0027151,P0185,2023-04-03,1,Damaged in Transit
RET002444,ORD0027162,P0084,2023-10-23,1,Customer Changed Mind
RET002445,ORD0027183,P0051,2024-07-18,1,Late Delivery
RET002446,ORD0027190,P0127,2024-12-17,1,Quality Issue
RET002447,ORD0027204,P0195,2023-09-10,4,Wrong Item Delivered
RET002448,ORD0027208,P0016,2023-12-26,1,Customer Changed Mind
RET002449,ORD0027228,P0194,2024-11-18,1,Wrong Item Delivered
RET002450,ORD0027249,P0111,2023-06-24,2,Quality Issue
RET002451,ORD0027254,P0102,2024-03-26,2,Customer Changed Mind
RET002452,ORD0027256,P0128,2024-04-19,3,Other
RET002453,ORD0027268,P0029,2023-01-27,37,Wrong Item Delivered
RET002454,ORD0027274,P0060,2023-10-30,15,Customer Changed Mind
RET002455,ORD0027314,P0178,2024-11-16,1,Wrong Item Delivered
RET002456,ORD0027320,P0182,2023-03-12,1,Wrong Item Delivered
RET002457,ORD0027331,P0095,2023-07-27,1,Late Delivery
RET002458,ORD0027381,P0155,2023-01-31,1,Quality Issue
RET002459,ORD0027386,P0126,2023-05-05,1,Customer Changed Mind
RET002460,ORD0027387,P0131,2023-05-21,1,Customer Changed Mind
RET002461,ORD0027387,P0083,2023-05-19,1,Other
RET002462,ORD0027388,P0088,2023-06-12,2,Quality Issue
RET002463,ORD0027390,P0149,2023-07-02,2,Wrong Item Delivered
RET002464,ORD0027423,P0143,2023-09-05,40,Damaged in Transit
RET002465,ORD0027423,P0177,2023-09-14,24,Damaged in Transit
RET002466,ORD0027424,P0048,2023-09-19,10,Quality Issue
RET002467,ORD0027428,P0104,2024-02-24,19,Customer Changed Mind
RET002468,ORD0027440,P0094,2023-10-29,8,Quality Issue
RET002469,ORD0027444,P0048,2024-06-03,15,Other
RET002470,ORD0027447,P0104,2024-09-28,6,Customer Changed Mind
RET002471,ORD0027452,P0035,2023-01-21,1,Customer Changed Mind
RET002472,ORD0027453,P0034,2023-03-14,4,Quality Issue
RET002473,ORD0027467,P0008,2024-04-30,1,Other
RET002474,ORD0027470,P0034,2024-08-08,4,Wrong Item Delivered
RET002475,ORD0027483,P0184,2023-02-23,1,Wrong Item Delivered
RET002476,ORD0027512,P0091,2024-05-11,1,Damaged in Transit
RET002477,ORD0027512,P0059,2024-05-10,1,Damaged in Transit
RET002478,ORD0027527,P0083,2024-11-09,1,Customer Changed Mind
RET002479,ORD0027561,P0065,2024-12-03,1,Damaged in Transit
RET002480,ORD0027574,P0014,2024-02-07,2,Customer Changed Mind
RET002481,ORD0027602,P0058,2023-11-01,2,Late Delivery
RET002482,ORD0027618,P0111,2024-07-25,2,Damaged in Transit
RET002483,ORD0027637,P0001,2023-07-21,4,Late Delivery
RET002484,ORD0027638,P0094,2023-08-01,6,Other
RET002485,ORD0027650,P0026,2024-03-22,39,Quality Issue
RET002486,ORD0027651,P0084,2024-04-20,47,Quality Issue
RET002487,ORD0027657,P0050,2023-03-01,9,Quality Issue
RET002488,ORD0027661,P0158,2024-01-27,2,Quality Issue
RET002489,ORD0027684,P0127,2023-10-12,1,Wrong Item Delivered
RET002490,ORD0027684,P0022,2023-10-20,1,Wrong Item Delivered
RET002491,ORD0027691,P0113,2024-01-12,1,Wrong Item Delivered
RET002492,ORD0027708,P0080,2024-10-21,2,Late Delivery
RET002493,ORD0027721,P0045,2023-11-19,2,Damaged in Transit
RET002494,ORD0027735,P0101,2023-01-23,1,Damaged in Transit
RET002495,ORD0027737,P0129,2023-04-03,1,Damaged in Transit
RET002496,ORD0027760,P0125,2024-06-15,1,Late Delivery
RET002497,ORD0027799,P0118,2024-07-10,2,Damaged in Transit
RET002498,ORD0027807,P0036,2023-01-17,1,Damaged in Transit
RET002499,ORD0027814,P0195,2023-03-28,1,Quality Issue
RET002500,ORD0027849,P0168,2024-08-12,1,Customer Changed Mind
RET002501,ORD0027861,P0055,2023-03-10,1,Wrong Item Delivered
RET002502,ORD0027870,P0064,2023-06-28,5,Quality Issue
RET002503,ORD0027887,P0123,2024-11-15,5,Other
RET002504,ORD0027900,P0104,2023-05-02,1,Damaged in Transit
RET002505,ORD0027909,P0161,2023-09-04,1,Wrong Item Delivered
RET002506,ORD0027910,P0121,2023-08-28,1,Damaged in Transit
RET002507,ORD0027932,P0146,2023-01-23,2,Late Delivery
RET002508,ORD0027933,P0060,2023-01-26,1,Damaged in Transit
RET002509,ORD0027933,P0157,2023-01-19,1,Damaged in Transit
RET002510,ORD0027939,P0144,2023-07-02,1,Damaged in Transit
RET002511,ORD0027939,P0115,2023-07-03,4,Customer Changed Mind
RET002512,ORD0027940,P0047,2023-08-28,1,Customer Changed Mind
RET002513,ORD0027957,P0007,2024-07-27,1,Wrong Item Delivered
RET002514,ORD0027995,P0123,2024-10-23,1,Wrong Item Delivered
RET002515,ORD0027998,P0029,2024-11-12,1,Wrong Item Delivered
RET002516,ORD0028006,P0130,2023-05-05,3,Quality Issue
RET002517,ORD0028014,P0171,2024-07-17,27,Quality Issue
RET002518,ORD0028021,P0094,2024-12-15,9,Customer Changed Mind
RET002519,ORD0028029,P0179,2023-05-30,2,Quality Issue
RET002520,ORD0028037,P0126,2024-02-20,1,Late Delivery
RET002521,ORD0028061,P0012,2024-06-23,228,Wrong Item Delivered
RET002522,ORD0028062,P0101,2024-07-31,160,Other
RET002523,ORD0028079,P0144,2024-02-26,2,Customer Changed Mind
RET002524,ORD0028083,P0079,2024-09-07,2,Damaged in Transit
RET002525,ORD0028083,P0042,2024-09-01,1,Damaged in Transit
RET002526,ORD0028150,P0162,2023-09-18,1,Damaged in Transit
RET002527,ORD0028156,P0053,2023-10-29,4,Quality Issue
RET002528,ORD0028161,P0045,2024-02-29,2,Quality Issue
RET002529,ORD0028176,P0074,2023-02-16,1,Customer Changed Mind
RET002530,ORD0028183,P0070,2023-06-18,1,Late Delivery
RET002531,ORD0028198,P0003,2024-09-03,1,Customer Changed Mind
RET002532,ORD0028218,P0007,2023-09-14,1,Late Delivery
RET002533,ORD0028219,P0181,2023-09-19,5,Damaged in Transit
RET002534,ORD0028219,P0159,2023-09-29,1,Damaged in Transit
RET002535,ORD0028227,P0109,2024-08-11,2,Quality Issue
RET002536,ORD0028229,P0195,2024-09-27,1,Wrong Item Delivered
RET002537,ORD0028262,P0168,2024-02-10,2,Customer Changed Mind
RET002538,ORD0028269,P0126,2024-03-21,1,Late Delivery
RET002539,ORD0028270,P0032,2024-03-31,1,Quality Issue
RET002540,ORD0028292,P0107,2024-06-15,3,Quality Issue
RET002541,ORD0028295,P0033,2023-02-02,2,Customer Changed Mind
RET002542,ORD0028298,P0108,2023-05-01,1,Customer Changed Mind
RET002543,ORD0028301,P0168,2023-06-18,1,Other
RET002544,ORD0028306,P0074,2023-10-21,1,Damaged in Transit
RET002545,ORD0028306,P0031,2023-10-21,1,Damaged in Transit
RET002546,ORD0028356,P0071,2024-05-03,124,Other
RET002547,ORD0028363,P0195,2023-02-23,1,Other
RET002548,ORD0028366,P0078,2023-04-20,1,Other
RET002549,ORD0028374,P0048,2023-09-05,2,Wrong Item Delivered
RET002550,ORD0028378,P0004,2023-10-12,1,Damaged in Transit
RET002551,ORD0028402,P0047,2023-02-08,2,Wrong Item Delivered
RET002552,ORD0028411,P0126,2023-10-06,1,Customer Changed Mind
RET002553,ORD0028411,P0088,2023-09-29,1,Customer Changed Mind
RET002554,ORD0028417,P0177,2024-03-09,1,Quality Issue
RET002555,ORD0028435,P0083,2023-03-21,1,Customer Changed Mind
RET002556,ORD9999999,P0029,2023-05-06,3,Late Delivery
RET002557,ORD0028454,P0194,2024-05-15,1,Quality Issue
RET002558,ORD0028457,P0107,2024-07-28,2,Customer Changed Mind
RET002559,ORD0028458,P0127,2024-08-22,1,Quality Issue
RET002560,ORD0028462,P0074,2024-12-01,3,Wrong Item Delivered
RET002561,ORD9999999,P0010,2023-05-17,1,Quality Issue
RET002562,ORD0028476,P0189,2023-08-10,1,Damaged in Transit
RET002563,ORD0028482,P0144,2023-10-22,1,Customer Changed Mind
RET002564,ORD0028487,P0146,2024-04-23,1,Customer Changed Mind
RET002565,ORD0028499,P0146,2024-07-06,1,Damaged in Transit
RET002566,ORD0028499,P0104,2024-06-26,2,Damaged in Transit
RET002567,ORD0028501,P0132,2024-08-29,2,Customer Changed Mind
RET002568,ORD0028512,P0096,2023-04-19,37,Customer Changed Mind
RET002569,ORD0028531,P0163,2024-09-01,52,Other
RET002570,ORD0028545,P0104,2023-08-26,1,Late Delivery
RET002571,ORD0028576,P0111,2023-02-27,291,Damaged in Transit
RET002572,ORD0028576,P0183,2023-03-05,49,Damaged in Transit
RET002573,ORD0028601,P0189,2023-08-18,1,Quality Issue
RET002574,ORD0028632,P0027,2024-09-10,1,Damaged in Transit
RET002575,ORD0028659,P0095,2023-03-03,163,Other
RET002576,ORD0028663,P0055,2023-06-22,4,Wrong Item Delivered
RET002577,ORD0028696,P0028,2024-12-23,1,Late Delivery
RET002578,ORD0028700,P0006,2023-04-16,1,Damaged in Transit
RET002579,ORD0028714,P0089,2023-11-22,1,Late Delivery
RET002580,ORD0028726,P0152,2024-06-25,1,Quality Issue
RET002581,ORD0028734,P0164,2024-10-09,1,Late Delivery
RET002582,ORD0028754,P0199,2023-06-30,1,Late Delivery
RET002583,ORD0028768,P0084,2024-03-14,1,Customer Changed Mind
RET002584,ORD0028776,P0022,2024-08-29,5,Customer Changed Mind
RET002585,ORD0028786,P0141,2023-05-09,1,Damaged in Transit
RET002586,ORD0028798,P0015,2024-06-19,1,Customer Changed Mind
RET002587,ORD0028825,P0085,2023-09-25,1,Damaged in Transit
RET002588,ORD0028840,P0180,2024-05-18,1,Customer Changed Mind
RET002589,ORD0028845,P0049,2024-08-05,1,Late Delivery
RET002590,ORD0028873,P0098,2024-01-15,2,Quality Issue
RET002591,ORD0028880,P0150,2024-04-30,2,Wrong Item Delivered
RET002592,ORD0028881,P0028,2024-05-19,5,Damaged in Transit
RET002593,ORD0028885,P0122,2024-09-02,2,Quality Issue
RET002594,ORD0028891,P0162,2023-04-25,1,Quality Issue
RET002595,ORD0028891,P0034,2023-04-20,1,Customer Changed Mind
RET002596,ORD0028898,P0001,2023-08-09,3,Customer Changed Mind
RET002597,ORD0028923,P0036,2023-09-27,1,Late Delivery
RET002598,ORD0028928,P0158,2024-01-16,2,Quality Issue
RET002599,ORD0028953,P0016,2023-11-09,53,Customer Changed Mind
RET002600,ORD0028964,P0017,2024-10-05,11,Other
RET002601,ORD0028973,P0179,2023-09-12,199,Late Delivery
RET002602,ORD0028985,P0062,2023-03-26,77,Late Delivery
RET002603,ORD9999999,P0188,2023-03-16,1,Wrong Item Delivered
RET002604,ORD0028998,P0149,2023-03-21,1,Wrong Item Delivered
RET002605,ORD0029029,P0006,2024-09-05,1,Late Delivery
RET002606,ORD0029037,P0188,2023-02-20,1,Wrong Item Delivered
RET002607,ORD0029059,P0083,2024-06-04,1,Quality Issue
RET002608,ORD0029078,P0084,2023-09-14,1,Customer Changed Mind
RET002609,ORD0029108,P0001,2023-10-06,1,Late Delivery
RET002610,ORD0029126,P0107,2024-07-21,1,Customer Changed Mind
RET002611,ORD0029163,P0007,2024-10-26,2,Other
RET002612,ORD0029175,P0186,2023-07-07,1,Customer Changed Mind
RET002613,ORD0029216,P0183,2023-06-22,1,Quality Issue
RET002614,ORD0029219,P0079,2023-10-04,2,Quality Issue
RET002615,ORD0029227,P0050,2024-01-28,5,Wrong Item Delivered
RET002616,ORD0029229,P0048,2024-02-18,1,Customer Changed Mind
RET002617,ORD0029232,P0176,2024-03-06,2,Customer Changed Mind
RET002618,ORD0029237,P0035,2024-04-29,2,Customer Changed Mind
RET002619,ORD0029238,P0003,2024-05-10,3,Quality Issue
RET002620,ORD0029260,P0198,2023-08-30,1,Damaged in Transit
RET002621,ORD0029263,P0034,2023-10-09,1,Quality Issue
RET002622,ORD0029289,P0025,2023-09-27,49,Damaged in Transit
RET002623,ORD0029289,P0159,2023-09-22,346,Damaged in Transit
RET002624,ORD0029291,P0083,2023-11-13,25,Quality Issue
RET002625,ORD0029298,P0189,2024-10-12,28,Late Delivery
RET002626,ORD0029321,P0198,2024-10-05,2,Customer Changed Mind
RET002627,ORD0029330,P0101,2023-07-21,111,Late Delivery
RET002628,ORD0029353,P0198,2024-01-04,1,Quality Issue
RET002629,ORD0029366,P0141,2023-07-25,2,Damaged in Transit
RET002630,ORD0029401,P0025,2024-01-01,1,Quality Issue
RET002631,ORD0029413,P0159,2024-08-29,2,Quality Issue
RET002632,ORD0029462,P0155,2023-06-23,204,Wrong Item Delivered
RET002633,ORD0029464,P0137,2024-04-05,78,Customer Changed Mind
RET002634,ORD9999999,P0029,2023-08-06,1,Other
RET002635,ORD0029478,P0001,2023-09-16,3,Other
RET002636,ORD0029481,P0154,2023-11-07,1,Damaged in Transit
RET002637,ORD0029503,P0145,2023-08-09,60,Quality Issue
RET002638,ORD0029513,P0030,2024-01-22,16,Damaged in Transit
RET002639,ORD0029523,P0104,2023-05-27,2,Customer Changed Mind
RET002640,ORD0029556,P0132,2024-02-11,4,Late Delivery
RET002641,ORD0029588,P0151,2023-11-30,1,Damaged in Transit
RET002642,ORD0029588,P0009,2023-12-02,5,Damaged in Transit
RET002643,ORD0029596,P0157,2024-05-01,1,Wrong Item Delivered
RET002644,ORD0029606,P0179,2023-02-11,1,Customer Changed Mind
RET002645,ORD0029628,P0166,2024-06-14,1,Wrong Item Delivered
RET002646,ORD0029637,P0029,2023-05-09,1,Customer Changed Mind
RET002647,ORD0029700,P0177,2024-07-30,1,Damaged in Transit
RET002648,ORD9999999,P0080,2024-04-01,23,Other
RET002649,ORD0029721,P0031,2024-05-02,42,Damaged in Transit
RET002650,ORD0029723,P0048,2024-07-15,29,Wrong Item Delivered
RET002651,ORD0029726,P0034,2024-09-17,3,Damaged in Transit
RET002652,ORD0029738,P0138,2023-10-26,1,Wrong Item Delivered
RET002653,ORD0029746,P0060,2024-09-12,3,Other
RET002654,ORD0029749,P0061,2024-10-27,1,Customer Changed Mind
RET002655,ORD0029750,P0105,2023-01-23,2,Late Delivery
RET002656,ORD0029762,P0132,2023-08-01,1,Wrong Item Delivered
RET002657,ORD0029813,P0107,2024-01-27,1,Damaged in Transit
RET002658,ORD0029816,P0187,2024-04-07,1,Damaged in Transit
RET002659,ORD0029820,P0004,2024-06-25,1,Customer Changed Mind
RET002660,ORD0029825,P0031,2024-12-06,1,Wrong Item Delivered
RET002661,ORD0029838,P0047,2023-06-27,1,Wrong Item Delivered
RET002662,ORD0029841,P0087,2023-08-03,1,Customer Changed Mind
RET002663,ORD0029848,P0195,2023-11-05,1,Quality Issue
RET002664,ORD0029868,P0166,2024-09-13,1,Wrong Item Delivered
RET002665,ORD0029874,P0064,2024-11-05,1,Quality Issue
RET002666,ORD0029876,P0016,2024-11-30,1,Damaged in Transit
RET002667,ORD0029894,P0011,2023-07-01,1,Late Delivery
RET002668,ORD0029896,P0065,2023-10-03,1,Damaged in Transit
RET002669,ORD0029913,P0149,2023-05-02,5,Late Delivery
RET002670,ORD0029933,P0091,2024-08-02,3,Customer Changed Mind
RET002671,ORD0029942,P0061,2023-02-21,1,Wrong Item Delivered
RET002672,ORD0029942,P0110,2023-02-19,1,Wrong Item Delivered
RET002673,ORD0029952,P0108,2023-05-13,2,Wrong Item Delivered
RET002674,ORD0030001,P0028,2023-09-21,2,Damaged in Transit
RET002675,ORD0030014,P0149,2024-03-21,1,Damaged in Transit
RET002676,ORD0030014,P0126,2024-03-18,1,Damaged in Transit
RET002677,ORD0030017,P0162,2024-05-14,1,Wrong Item Delivered
RET002678,ORD0030046,P0106,2024-02-02,1,Quality Issue
RET002679,ORD0030046,P0024,2024-02-01,2,Damaged in Transit
RET002680,ORD0030104,P0077,2023-02-14,1,Wrong Item Delivered
RET002681,ORD0030104,P0089,2023-02-10,1,Customer Changed Mind
RET002682,ORD0030121,P0137,2023-12-05,1,Quality Issue
RET002683,ORD0030123,P0032,2023-11-30,1,Wrong Item Delivered
RET002684,ORD0030175,P0022,2023-11-22,1,Customer Changed Mind
RET002685,ORD0030214,P0111,2024-06-04,1,Damaged in Transit
RET002686,ORD0030231,P0008,2023-07-13,1,Damaged in Transit
RET002687,ORD0030260,P0109,2023-03-17,1,Customer Changed Mind
RET002688,ORD0030271,P0016,2023-11-17,1,Damaged in Transit
RET002689,ORD0030301,P0032,2023-09-16,1,Damaged in Transit
RET002690,ORD0030311,P0078,2024-04-04,2,Quality Issue
RET002691,ORD0030312,P0023,2024-05-10,2,Damaged in Transit
RET002692,ORD0030317,P0096,2024-07-11,2,Customer Changed Mind
RET002693,ORD0030320,P0168,2024-07-25,1,Customer Changed Mind
RET002694,ORD0030325,P0162,2024-12-24,1,Late Delivery
RET002695,ORD0030342,P0131,2023-02-23,1,Quality Issue
RET002696,ORD0030353,P0030,2023-09-19,2,Wrong Item Delivered
RET002697,ORD0030373,P0044,2024-11-06,1,Wrong Item Delivered
RET002698,ORD0030389,P0181,2023-09-01,1,Customer Changed Mind
RET002699,ORD0030397,P0132,2024-05-09,1,Wrong Item Delivered
RET002700,ORD0030402,P0107,2024-06-26,1,Wrong Item Delivered
RET002701,ORD0030420,P0131,2023-07-03,1,Quality Issue
RET002702,ORD0030424,P0027,2023-07-09,1,Wrong Item Delivered
RET002703,ORD0030483,P0191,2023-11-11,1,Damaged in Transit
RET002704,ORD0030483,P0019,2023-11-16,1,Damaged in Transit
RET002705,ORD0030510,P0134,2023-06-15,1,Damaged in Transit
RET002706,ORD0030522,P0049,2024-10-30,1,Damaged in Transit
RET002707,ORD0030522,P0031,2024-10-30,26,Damaged in Transit
RET002708,ORD0030528,P0179,2023-04-12,1,Late Delivery
RET002709,ORD0030538,P0147,2023-12-02,2,Damaged in Transit
RET002710,ORD0030540,P0029,2024-03-19,3,Wrong Item Delivered
RET002711,ORD0030541,P0161,2024-03-22,4,Damaged in Transit
RET002712,ORD0030545,P0157,2024-07-29,1,Quality Issue
RET002713,ORD0030560,P0188,2023-02-23,1,Quality Issue
RET002714,ORD0030564,P0157,2023-04-13,1,Damaged in Transit
RET002715,ORD0030571,P0031,2023-11-04,1,Damaged in Transit
RET002716,ORD0030571,P0189,2023-11-09,1,Damaged in Transit
RET002717,ORD0030598,P0031,2023-08-22,1,Damaged in Transit
RET002718,ORD0030602,P0162,2023-12-05,1,Wrong Item Delivered
RET002719,ORD0030603,P0126,2024-02-19,1,Customer Changed Mind
RET002720,ORD0030611,P0065,2024-06-01,1,Customer Changed Mind
RET002721,ORD0030612,P0177,2024-06-13,1,Damaged in Transit
RET002722,ORD0030617,P0189,2024-09-16,2,Quality Issue
RET002723,ORD0030621,P0109,2024-10-16,1,Damaged in Transit
RET002724,ORD0030642,P0181,2024-09-05,1,Other
RET002725,ORD0030645,P0118,2024-10-02,5,Customer Changed Mind
RET002726,ORD0030649,P0045,2024-11-16,1,Wrong Item Delivered
RET002727,ORD0030656,P0028,2023-07-04,1,Quality Issue
RET002728,ORD0030725,P0140,2023-01-30,1,Customer Changed Mind
RET002729,ORD0030736,P0130,2024-08-24,1,Late Delivery
RET002730,ORD0030740,P0082,2024-10-22,1,Wrong Item Delivered
RET002731,ORD0030753,P0012,2024-04-22,32,Damaged in Transit
RET002732,ORD0030767,P0159,2023-04-06,1,Customer Changed Mind
RET002733,ORD0030768,P0048,2023-04-30,1,Quality Issue
RET002734,ORD0030808,P0103,2024-08-04,77,Wrong Item Delivered
RET002735,ORD0030836,P0109,2023-12-24,1,Damaged in Transit
RET002736,ORD0030836,P0173,2023-12-25,1,Damaged in Transit
RET002737,ORD0030840,P0069,2024-02-13,1,Damaged in Transit
RET002738,ORD0030846,P0121,2024-07-06,1,Damaged in Transit
RET002739,ORD0030856,P0079,2024-11-26,1,Late Delivery
RET002740,ORD0030886,P0035,2024-05-08,1,Quality Issue
RET002741,ORD0030902,P0134,2023-05-07,1,Wrong Item Delivered
RET002742,ORD0030902,P0106,2023-05-06,1,Wrong Item Delivered
RET002743,ORD0030908,P0172,2023-10-17,1,Damaged in Transit
RET002744,ORD0030915,P0059,2024-03-18,2,Customer Changed Mind
RET002745,ORD0030946,P0103,2024-03-08,242,Customer Changed Mind
RET002746,ORD0030952,P0128,2023-03-02,5,Damaged in Transit
RET002747,ORD0030968,P0038,2023-03-21,1,Wrong Item Delivered
RET002748,ORD0030971,P0036,2023-05-02,1,Wrong Item Delivered
RET002749,ORD0030972,P0051,2023-05-02,1,Customer Changed Mind
RET002750,ORD0030981,P0048,2023-11-02,1,Damaged in Transit
RET002751,ORD0030993,P0189,2024-04-09,1,Other
RET002752,ORD0031020,P0078,2023-05-12,1,Customer Changed Mind
RET002753,ORD0031021,P0187,2023-05-23,2,Wrong Item Delivered
RET002754,ORD0031024,P0107,2023-07-08,1,Customer Changed Mind
RET002755,ORD0031028,P0134,2023-08-17,1,Damaged in Transit
RET002756,ORD0031046,P0086,2024-05-07,1,Customer Changed Mind
RET002757,ORD0031058,P0018,2024-11-14,1,Customer Changed Mind
RET002758,ORD0031125,P0095,2024-10-01,1,Damaged in Transit
RET002759,ORD0031129,P0066,2024-12-06,2,Other
RET002760,ORD0031134,P0166,2023-03-17,1,Wrong Item Delivered
RET002761,ORD0031141,P0087,2023-08-15,1,Damaged in Transit
RET002762,ORD0031164,P0167,2023-05-29,5,Damaged in Transit
RET002763,ORD0031164,P0031,2023-05-17,2,Damaged in Transit
RET002764,ORD0031170,P0068,2023-10-22,1,Customer Changed Mind
RET002765,ORD0031171,P0159,2023-10-30,1,Customer Changed Mind
RET002766,ORD0031180,P0160,2024-11-24,1,Customer Changed Mind
RET002767,ORD0031192,P0027,2023-08-11,1,Other
RET002768,ORD0031222,P0008,2024-08-26,1,Other
RET002769,ORD0031230,P0129,2024-12-28,1,Wrong Item Delivered
RET002770,ORD0031249,P0149,2023-04-12,1,Damaged in Transit
RET002771,ORD0031253,P0044,2023-06-24,1,Quality Issue
RET002772,ORD0031258,P0111,2023-10-21,1,Late Delivery
RET002773,ORD0031265,P0190,2024-03-03,1,Late Delivery
RET002774,ORD0031276,P0052,2024-06-02,1,Other
RET002775,ORD0031279,P0003,2024-06-27,1,Damaged in Transit
RET002776,ORD0031291,P0107,2024-12-09,1,Quality Issue
RET002777,ORD0031292,P0136,2024-12-18,1,Wrong Item Delivered
RET002778,ORD0031318,P0196,2023-12-19,1,Damaged in Transit
RET002779,ORD0031323,P0142,2024-03-31,1,Quality Issue
RET002780,ORD0031337,P0102,2024-10-25,1,Late Delivery
RET002781,ORD0031343,P0099,2024-11-27,1,Wrong Item Delivered
RET002782,ORD0031382,P0135,2024-11-05,2,Other
RET002783,ORD0031386,P0132,2023-02-18,1,Wrong Item Delivered
RET002784,ORD0031386,P0173,2023-02-18,1,Wrong Item Delivered
RET002785,ORD0031405,P0029,2023-12-18,1,Other
RET002786,ORD9999999,P0004,2023-08-02,2,Customer Changed Mind
RET002787,ORD0031439,P0144,2024-03-07,4,Wrong Item Delivered
RET002788,ORD0031452,P0042,2023-04-16,39,Wrong Item Delivered
RET002789,ORD0031452,P0003,2023-04-25,96,Wrong Item Delivered
RET002790,ORD0031456,P0132,2024-01-04,8,Late Delivery
RET002791,ORD0031458,P0190,2024-02-27,64,Wrong Item Delivered
RET002792,ORD0031473,P0093,2023-11-19,2,Damaged in Transit
RET002793,ORD0031512,P0010,2023-12-17,2,Quality Issue
RET002794,ORD0031523,P0159,2024-11-01,1,Customer Changed Mind
RET002795,ORD0031532,P0196,2023-06-02,1,Quality Issue
RET002796,ORD0031538,P0011,2023-10-14,1,Other
RET002797,ORD0031546,P0165,2024-03-08,1,Other
RET002798,ORD0031550,P0128,2024-04-08,1,Customer Changed Mind
RET002799,ORD0031559,P0177,2024-09-26,1,Damaged in Transit
RET002800,ORD0031559,P0048,2024-09-28,1,Damaged in Transit
RET002801,ORD0031571,P0003,2023-05-11,1,Quality Issue
RET002802,ORD0031581,P0136,2023-08-31,1,Damaged in Transit
RET002803,ORD0031597,P0142,2024-11-20,1,Customer Changed Mind
RET002804,ORD0031600,P0198,2023-02-02,1,Customer Changed Mind
RET002805,ORD0031602,P0022,2023-04-22,1,Other
RET002806,ORD0031620,P0168,2024-08-15,3,Late Delivery
RET002807,ORD0031623,P0111,2024-12-29,1,Damaged in Transit
RET002808,ORD0031627,P0047,2023-05-08,1,Wrong Item Delivered
RET002809,ORD0031640,P0001,2024-02-15,2,Quality Issue
RET002810,ORD0031659,P0131,2023-12-29,1,Quality Issue
RET002811,ORD0031661,P0053,2024-01-23,2,Customer Changed Mind
RET002812,ORD0031688,P0186,2023-09-24,1,Quality Issue
RET002813,ORD0031689,P0102,2024-01-20,2,Wrong Item Delivered
RET002814,ORD0031694,P0008,2024-06-07,1,Damaged in Transit
RET002815,ORD0031706,P0170,2023-02-27,1,Customer Changed Mind
RET002816,ORD0031707,P0003,2023-04-02,1,Customer Changed Mind
RET002817,ORD0031714,P0179,2023-08-10,1,Wrong Item Delivered
RET002818,ORD0031739,P0154,2024-07-30,1,Quality Issue
RET002819,ORD0031743,P0176,2024-10-21,2,Wrong Item Delivered
RET002820,ORD0031765,P0121,2024-03-11,39,Other
RET002821,ORD0031780,P0174,2024-04-19,2,Customer Changed Mind
RET002822,ORD0031780,P0083,2024-04-10,5,Customer Changed Mind
RET002823,ORD0031788,P0113,2023-05-14,3,Wrong Item Delivered
RET002824,ORD0031794,P0050,2023-10-13,1,Wrong Item Delivered
RET002825,ORD0031803,P0040,2024-08-05,1,Other
RET002826,ORD0031863,P0112,2023-03-01,1,Other
RET002827,ORD0031917,P0148,2024-02-05,189,Late Delivery
RET002828,ORD0031921,P0133,2024-06-23,31,Other
RET002829,ORD0031931,P0014,2023-08-10,9,Quality Issue
RET002830,ORD0031945,P0110,2024-08-13,11,Damaged in Transit
RET002831,ORD0031950,P0038,2023-02-28,2,Wrong Item Delivered
RET002832,ORD0031952,P0150,2023-06-22,2,Quality Issue
RET002833,ORD0031953,P0194,2023-07-13,1,Customer Changed Mind
RET002834,ORD0031956,P0019,2023-10-02,2,Wrong Item Delivered
RET002835,ORD0031971,P0135,2024-09-29,1,Damaged in Transit
RET002836,ORD0031989,P0031,2023-01-20,1,Late Delivery
RET002837,ORD0031998,P0198,2023-06-04,1,Late Delivery
RET002838,ORD0032003,P0094,2023-09-08,1,Customer Changed Mind
RET002839,ORD0032010,P0035,2024-01-21,1,Customer Changed Mind
RET002840,ORD0032015,P0194,2024-03-06,1,Wrong Item Delivered
RET002841,ORD0032032,P0074,2024-09-19,1,Damaged in Transit
RET002842,ORD0032037,P0030,2024-12-24,1,Quality Issue
RET002843,ORD0032048,P0107,2023-06-06,1,Damaged in Transit
RET002844,ORD0032048,P0030,2023-06-08,1,Damaged in Transit
RET002845,ORD0032076,P0017,2024-06-19,1,Late Delivery
RET002846,ORD0032081,P0024,2024-09-17,1,Damaged in Transit
RET002847,ORD0032093,P0019,2023-03-07,2,Damaged in Transit
RET002848,ORD0032106,P0016,2024-07-01,1,Damaged in Transit
RET002849,ORD0032112,P0093,2024-09-15,4,Customer Changed Mind
RET002850,ORD0032118,P0165,2023-04-02,1,Late Delivery
RET002851,ORD0032120,P0031,2023-06-06,1,Customer Changed Mind
RET002852,ORD0032152,P0044,2024-08-13,1,Customer Changed Mind
RET002853,ORD0032166,P0172,2023-07-10,1,Other
RET002854,ORD0032175,P0052,2023-10-30,1,Damaged in Transit
RET002855,ORD0032178,P0086,2023-12-15,2,Damaged in Transit
RET002856,ORD0032207,P0031,2023-05-21,1,Customer Changed Mind
RET002857,ORD0032214,P0140,2023-12-01,1,Customer Changed Mind
RET002858,ORD0032220,P0087,2024-05-05,3,Other
RET002859,ORD0032261,P0085,2023-09-12,1,Wrong Item Delivered
RET002860,ORD0032270,P0126,2024-04-25,1,Late Delivery
RET002861,ORD0032272,P0152,2024-05-21,1,Customer Changed Mind
RET002862,ORD0032277,P0087,2024-09-04,1,Wrong Item Delivered
RET002863,ORD0032277,P0027,2024-09-02,1,Wrong Item Delivered
RET002864,ORD0032278,P0187,2024-09-09,1,Quality Issue
RET002865,ORD0032319,P0152,2023-08-17,1,Customer Changed Mind
RET002866,ORD0032329,P0092,2024-03-02,4,Customer Changed Mind
RET002867,ORD0032345,P0158,2023-01-26,3,Damaged in Transit
RET002868,ORD0032367,P0047,2024-11-13,2,Damaged in Transit
RET002869,ORD0032374,P0195,2023-03-28,1,Customer Changed Mind
RET002870,ORD0032397,P0106,2024-04-18,1,Quality Issue
RET002871,ORD0032398,P0167,2024-04-09,1,Quality Issue
RET002872,ORD0032406,P0074,2024-11-23,1,Customer Changed Mind
RET002873,ORD0032442,P0144,2024-06-10,1,Quality Issue
RET002874,ORD0032453,P0156,2024-11-28,1,Damaged in Transit
RET002875,ORD0032466,P0112,2023-08-27,1,Wrong Item Delivered
RET002876,ORD0032469,P0165,2023-08-16,1,Wrong Item Delivered
RET002877,ORD0032496,P0133,2024-10-11,2,Customer Changed Mind
RET002878,ORD0032501,P0051,2024-11-15,1,Damaged in Transit
RET002879,ORD0032502,P0159,2024-11-22,1,Other
RET002880,ORD0032512,P0183,2023-06-17,2,Quality Issue
RET002881,ORD0032520,P0179,2024-01-24,2,Other
RET002882,ORD0032528,P0057,2024-07-04,1,Damaged in Transit
RET002883,ORD0032531,P0015,2024-11-18,1,Damaged in Transit
RET002884,ORD0032548,P0024,2023-08-17,1,Customer Changed Mind
RET002885,ORD0032565,P0165,2024-08-15,2,Quality Issue
RET002886,ORD0032594,P0083,2024-03-13,1,Quality Issue
RET002887,ORD0032598,P0079,2024-04-26,1,Wrong Item Delivered
RET002888,ORD0032606,P0109,2024-07-13,1,Customer Changed Mind
RET002889,ORD0032610,P0180,2024-10-22,1,Wrong Item Delivered
RET002890,ORD0032612,P0124,2024-11-08,1,Damaged in Transit
RET002891,ORD0032617,P0110,2023-04-04,1,Customer Changed Mind
RET002892,ORD0032626,P0087,2023-07-08,1,Customer Changed Mind
RET002893,ORD0032626,P0043,2023-07-11,1,Customer Changed Mind
RET002894,ORD0032639,P0126,2024-02-11,2,Damaged in Transit
RET002895,ORD0032665,P0122,2023-04-25,15,Damaged in Transit
RET002896,ORD0032666,P0162,2023-06-25,1,Wrong Item Delivered
RET002897,ORD0032680,P0181,2023-01-25,2,Customer Changed Mind
RET002898,ORD0032680,P0028,2023-01-28,1,Customer Changed Mind
RET002899,ORD0032687,P0065,2023-10-02,2,Damaged in Transit
RET002900,ORD0032697,P0032,2024-03-04,2,Wrong Item Delivered
RET002901,ORD0032697,P0023,2024-03-01,1,Customer Changed Mind
RET002902,ORD0032712,P0092,2023-02-19,1,Customer Changed Mind
RET002903,ORD0032717,P0182,2023-05-27,1,Damaged in Transit
RET002904,ORD0032721,P0033,2023-09-16,1,Damaged in Transit
RET002905,ORD0032721,P0125,2023-09-10,1,Damaged in Transit
RET002906,ORD0032729,P0169,2024-01-14,1,Wrong Item Delivered
RET002907,ORD0032735,P0192,2024-04-17,2,Late Delivery
RET002908,ORD0032741,P0051,2024-12-02,1,Wrong Item Delivered
RET002909,ORD0032742,P0083,2024-12-09,1,Quality Issue
RET002910,ORD0032745,P0043,2023-01-20,1,Other
RET002911,ORD0032762,P0037,2024-01-02,2,Other
RET002912,ORD0032768,P0188,2024-05-05,1,Wrong Item Delivered
RET002913,ORD0032781,P0132,2023-09-17,73,Other
RET002914,ORD0032798,P0140,2023-06-19,1,Customer Changed Mind
RET002915,ORD0032800,P0005,2023-08-28,1,Quality Issue
RET002916,ORD0032833,P0001,2024-06-02,1,Customer Changed Mind
RET002917,ORD0032839,P0033,2023-02-25,3,Late Delivery
RET002918,ORD0032856,P0094,2024-01-30,2,Damaged in Transit
RET002919,ORD0032859,P0095,2024-06-02,1,Customer Changed Mind
RET002920,ORD0032864,P0035,2024-11-08,1,Damaged in Transit
RET002921,ORD0032877,P0101,2023-07-15,1,Other
RET002922,ORD0032885,P0019,2023-10-22,1,Quality Issue
RET002923,ORD0032896,P0169,2024-04-10,1,Wrong Item Delivered
RET002924,ORD0032900,P0125,2024-04-24,1,Wrong Item Delivered
RET002925,ORD0032906,P0152,2024-08-05,1,Quality Issue
RET002926,ORD0032935,P0129,2024-07-15,1,Customer Changed Mind
RET002927,ORD0032947,P0110,2023-05-23,1,Wrong Item Delivered
RET002928,ORD0032963,P0005,2023-12-14,1,Quality Issue
RET002929,ORD9999999,P0036,2024-07-05,1,Damaged in Transit
RET002930,ORD0032985,P0023,2024-08-25,1,Wrong Item Delivered
RET002931,ORD0032987,P0110,2024-10-12,1,Damaged in Transit
RET002932,ORD0033011,P0106,2023-12-22,1,Late Delivery
RET002933,ORD0033011,P0144,2023-12-25,1,Damaged in Transit
RET002934,ORD0033022,P0149,2024-08-24,5,Damaged in Transit
RET002935,ORD0033028,P0065,2023-02-24,1,Damaged in Transit
RET002936,ORD0033033,P0093,2023-05-25,1,Late Delivery
RET002937,ORD0033036,P0129,2023-07-13,1,Other
RET002938,ORD0033051,P0181,2024-03-29,1,Wrong Item Delivered
RET002939,ORD0033065,P0183,2023-02-22,3,Damaged in Transit
RET002940,ORD0033075,P0196,2023-08-31,1,Wrong Item Delivered
RET002941,ORD0033081,P0036,2024-01-09,2,Quality Issue
RET002942,ORD0033087,P0191,2024-05-31,1,Damaged in Transit
RET002943,ORD0033098,P0050,2023-06-09,35,Other
RET002944,ORD0033102,P0132,2023-11-07,62,Late Delivery
RET002945,ORD0033105,P0174,2024-04-02,14,Wrong Item Delivered
RET002946,ORD0033121,P0037,2023-07-31,2,Other
RET002947,ORD0033127,P0149,2023-10-29,1,Wrong Item Delivered
RET002948,ORD0033130,P0003,2023-11-03,1,Wrong Item Delivered
RET002949,ORD0033147,P0164,2024-08-21,1,Other
RET002950,ORD0033151,P0073,2024-12-30,1,Customer Changed Mind
RET002951,ORD0033184,P0137,2024-11-08,1,Customer Changed Mind
RET002952,ORD0033195,P0194,2023-06-19,1,Damaged in Transit
RET002953,ORD0033195,P0061,2023-06-11,1,Damaged in Transit
RET002954,ORD0033205,P0037,2024-02-29,1,Late Delivery
RET002955,ORD0033212,P0165,2024-10-10,4,Damaged in Transit
RET002956,ORD0033221,P0087,2024-03-15,1,Customer Changed Mind
RET002957,ORD0033228,P0034,2024-08-21,1,Damaged in Transit
RET002958,ORD0033228,P0005,2024-08-27,1,Damaged in Transit
RET002959,ORD0033231,P0056,2024-10-03,5,Quality Issue
RET002960,ORD0033235,P0004,2023-03-03,1,Customer Changed Mind
RET002961,ORD0033258,P0071,2023-06-24,2,Quality Issue
RET002962,ORD0033287,P0095,2024-08-17,1,Late Delivery
RET002963,ORD0033307,P0082,2023-12-30,2,Wrong Item Delivered
RET002964,ORD0033308,P0182,2024-02-27,1,Quality Issue
RET002965,ORD0033313,P0140,2024-05-14,1,Customer Changed Mind
RET002966,ORD0033315,P0164,2024-06-11,1,Damaged in Transit
RET002967,ORD0033318,P0004,2024-07-07,1,Customer Changed Mind
RET002968,ORD0033319,P0110,2024-06-23,1,Other
RET002969,ORD0033322,P0195,2024-08-29,1,Wrong Item Delivered
RET002970,ORD0033324,P0051,2024-10-01,1,Other
RET002971,ORD0033340,P0060,2023-06-16,1,Quality Issue
RET002972,ORD0033345,P0019,2023-08-20,1,Wrong Item Delivered
RET002973,ORD0033365,P0015,2024-07-09,1,Damaged in Transit
RET002974,ORD0033376,P0173,2024-11-29,1,Customer Changed Mind
RET002975,ORD9999999,P0113,2024-04-14,1,Customer Changed Mind
RET002976,ORD0033409,P0107,2024-11-07,239,Customer Changed Mind
RET002977,ORD0033416,P0121,2023-06-07,1,Damaged in Transit
RET002978,ORD0033446,P0149,2023-03-17,1,Damaged in Transit
RET002979,ORD0033453,P0195,2023-10-17,4,Late Delivery
RET002980,ORD0033455,P0023,2024-01-29,1,Wrong Item Delivered
RET002981,ORD0033485,P0053,2024-06-24,1,Late Delivery
RET002982,ORD0033492,P0123,2024-10-11,1,Wrong Item Delivered
RET002983,ORD0033522,P0008,2023-04-05,158,Customer Changed Mind
RET002984,ORD0033541,P0032,2023-04-22,37,Late Delivery
RET002985,ORD0033550,P0124,2024-02-24,30,Customer Changed Mind
RET002986,ORD0033558,P0198,2024-10-02,5,Wrong Item Delivered
RET002987,ORD0033560,P0095,2024-10-07,35,Damaged in Transit
RET002988,ORD0033571,P0075,2024-04-19,2,Quality Issue
RET002989,ORD0033592,P0023,2024-07-05,199,Customer Changed Mind
RET002990,ORD0033603,P0190,2023-08-28,2,Late Delivery
RET002991,ORD0033624,P0053,2023-08-19,7,Wrong Item Delivered
RET002992,ORD0033645,P0116,2023-02-24,1,Quality Issue
RET002993,ORD0033669,P0097,2023-05-24,238,Customer Changed Mind
RET002994,ORD0033670,P0119,2023-08-05,11,Customer Changed Mind
RET002995,ORD0033683,P0048,2023-04-19,1,Customer Changed Mind
RET002996,ORD0033687,P0184,2023-07-22,2,Damaged in Transit
RET002997,ORD0033692,P0122,2023-09-17,1,Wrong Item Delivered
RET002998,ORD0033701,P0107,2023-11-28,1,Other
RET002999,ORD0033704,P0104,2024-02-09,1,Quality Issue
RET003000,ORD0033709,P0148,2024-05-16,1,Other
RET003001,ORD0033730,P0149,2023-02-10,2,Customer Changed Mind
RET003002,ORD0033741,P0064,2023-07-18,2,Quality Issue
RET003003,ORD0033744,P0189,2023-08-11,2,Other
RET003004,ORD0033745,P0025,2023-08-29,1,Customer Changed Mind
RET003005,ORD0033752,P0029,2023-10-14,1,Customer Changed Mind
RET003006,ORD0033762,P0044,2024-03-07,2,Damaged in Transit
RET003007,ORD0033767,P0140,2024-04-20,1,Customer Changed Mind
RET003008,ORD0033839,P0079,2023-05-02,5,Quality Issue
RET003009,ORD0033841,P0131,2023-07-10,1,Customer Changed Mind
RET003010,ORD9999999,P0049,2024-03-13,1,Quality Issue
RET003011,ORD0033852,P0070,2024-10-14,1,Quality Issue
RET003012,ORD0033857,P0148,2024-12-26,1,Quality Issue
RET003013,ORD0033866,P0062,2023-09-24,1,Damaged in Transit
RET003014,ORD0033870,P0085,2023-11-25,2,Customer Changed Mind
RET003015,ORD0033890,P0185,2024-03-10,311,Late Delivery
RET003016,ORD0033894,P0157,2024-08-04,43,Damaged in Transit
RET003017,ORD0033896,P0095,2024-11-21,194,Customer Changed Mind
RET003018,ORD0033901,P0126,2023-02-22,3,Quality Issue
RET003019,ORD0033936,P0029,2023-08-18,1,Damaged in Transit
RET003020,ORD0033952,P0198,2024-08-26,1,Other
RET003021,ORD0033966,P0196,2023-08-28,1,Quality Issue
RET003022,ORD0033985,P0048,2024-06-11,1,Quality Issue
RET003023,ORD0033996,P0003,2024-10-15,1,Customer Changed Mind
RET003024,ORD0034008,P0141,2023-06-16,81,Late Delivery
RET003025,ORD0034009,P0191,2023-07-21,27,Other
RET003026,ORD0034017,P0040,2024-05-14,20,Quality Issue
RET003027,ORD0034033,P0182,2023-02-13,2,Damaged in Transit
RET003028,ORD0034041,P0079,2023-07-23,1,Damaged in Transit
RET003029,ORD0034055,P0111,2024-02-18,1,Quality Issue
RET003030,ORD0034058,P0052,2024-03-11,2,Quality Issue
RET003031,ORD0034092,P0147,2024-08-18,1,Customer Changed Mind
RET003032,ORD0034117,P0157,2024-05-01,1,Quality Issue
RET003033,ORD0034121,P0037,2024-07-25,1,Customer Changed Mind
RET003034,ORD0034130,P0177,2023-05-16,29,Damaged in Transit
RET003035,ORD0034142,P0100,2024-09-26,15,Wrong Item Delivered
RET003036,ORD0034142,P0027,2024-09-19,54,Wrong Item Delivered
RET003037,ORD0034142,P0195,2024-09-22,7,Wrong Item Delivered
RET003038,ORD0034149,P0155,2023-04-19,1,Quality Issue
RET003039,ORD0034151,P0198,2023-05-06,1,Wrong Item Delivered
RET003040,ORD0034156,P0035,2023-09-28,1,Quality Issue
RET003041,ORD0034162,P0027,2024-03-26,1,Damaged in Transit
RET003042,ORD0034166,P0114,2024-06-08,1,Other
RET003043,ORD0034195,P0075,2024-09-08,1,Quality Issue
RET003044,ORD0034200,P0136,2023-02-06,1,Damaged in Transit
RET003045,ORD0034235,P0093,2024-12-29,2,Wrong Item Delivered
RET003046,ORD0034237,P0123,2023-01-15,1,Customer Changed Mind
RET003047,ORD0034248,P0190,2023-08-27,1,Wrong Item Delivered
RET003048,ORD0034249,P0027,2023-09-22,1,Wrong Item Delivered
RET003049,ORD0034254,P0087,2024-01-14,1,Wrong Item Delivered
RET003050,ORD0034285,P0094,2024-12-24,1,Damaged in Transit
RET003051,ORD0034290,P0182,2023-04-04,1,Quality Issue
RET003052,ORD0034294,P0008,2023-04-26,2,Customer Changed Mind
RET003053,ORD0034339,P0111,2023-04-15,2,Damaged in Transit
RET003054,ORD0034347,P0012,2023-08-10,3,Late Delivery
RET003055,ORD0034360,P0027,2024-07-09,1,Damaged in Transit
RET003056,ORD0034368,P0137,2023-01-30,2,Other
RET003057,ORD0034381,P0198,2024-03-26,1,Customer Changed Mind
RET003058,ORD0034385,P0159,2024-11-08,1,Customer Changed Mind
RET003059,ORD0034386,P0093,2024-12-08,1,Quality Issue
RET003060,ORD0034390,P0094,2023-04-19,14,Damaged in Transit
RET003061,ORD0034399,P0126,2024-02-27,22,Customer Changed Mind
RET003062,ORD0034410,P0037,2023-02-15,3,Wrong Item Delivered
RET003063,ORD0034440,P0186,2024-12-25,3,Customer Changed Mind
RET003064,ORD0034441,P0052,2023-01-16,1,Other
RET003065,ORD0034449,P0148,2023-05-22,1,Customer Changed Mind
RET003066,ORD0034452,P0118,2023-08-22,1,Wrong Item Delivered
RET003067,ORD0034481,P0106,2024-11-06,1,Quality Issue
RET003068,ORD0034484,P0083,2023-01-26,1,Damaged in Transit
RET003069,ORD0034488,P0005,2023-02-11,1,Late Delivery
RET003070,ORD0034489,P0127,2023-03-21,1,Damaged in Transit
RET003071,ORD0034494,P0133,2023-07-20,1,Late Delivery
RET003072,ORD0034514,P0028,2024-09-09,1,Wrong Item Delivered
RET003073,ORD0034516,P0180,2024-11-18,1,Wrong Item Delivered
RET003074,ORD0034520,P0175,2024-12-28,1,Damaged in Transit
RET003075,ORD0034529,P0111,2023-02-26,1,Quality Issue
RET003076,ORD0034553,P0081,2024-04-08,1,Other
RET003077,ORD0034570,P0083,2024-09-17,1,Damaged in Transit
RET003078,ORD0034579,P0182,2023-03-25,1,Damaged in Transit
RET003079,ORD0034585,P0103,2023-10-04,1,Wrong Item Delivered
RET003080,ORD0034607,P0155,2024-11-01,3,Customer Changed Mind
RET003081,ORD0034622,P0049,2024-02-04,2,Customer Changed Mind
RET003082,ORD0034628,P0182,2024-09-29,5,Late Delivery
RET003083,ORD0034635,P0068,2023-04-13,1,Quality Issue
RET003084,ORD0034651,P0189,2023-12-31,1,Wrong Item Delivered
RET003085,ORD0034651,P0183,2023-12-30,1,Wrong Item Delivered
RET003086,ORD0034670,P0052,2024-12-03,1,Wrong Item Delivered
RET003087,ORD0034675,P0074,2023-03-03,1,Damaged in Transit
RET003088,ORD9999999,P0090,2023-03-29,1,Wrong Item Delivered
RET003089,ORD0034698,P0037,2024-03-18,1,Wrong Item Delivered
RET003090,ORD0034707,P0074,2024-08-08,1,Damaged in Transit
RET003091,ORD0034712,P0044,2024-10-04,1,Wrong Item Delivered
RET003092,ORD0034732,P0170,2024-08-31,35,Customer Changed Mind
RET003093,ORD0034734,P0168,2024-09-30,19,Late Delivery
RET003094,ORD0034743,P0094,2023-08-26,2,Damaged in Transit
RET003095,ORD0034743,P0194,2023-08-21,2,Damaged in Transit
RET003096,ORD0034744,P0067,2023-10-06,5,Customer Changed Mind
RET003097,ORD0034756,P0174,2024-08-03,1,Customer Changed Mind
RET003098,ORD0034775,P0118,2023-11-28,3,Late Delivery
RET003099,ORD0034785,P0088,2024-07-08,1,Wrong Item Delivered
RET003100,ORD0034790,P0089,2024-12-05,1,Damaged in Transit
RET003101,ORD0034793,P0059,2023-06-03,33,Damaged in Transit
RET003102,ORD0034803,P0171,2024-07-15,3,Late Delivery
RET003103,ORD0034824,P0008,2023-09-13,1,Late Delivery
RET003104,ORD0034830,P0142,2023-11-25,1,Customer Changed Mind
RET003105,ORD0034831,P0148,2023-12-10,1,Damaged in Transit
RET003106,ORD0034852,P0195,2024-11-23,1,Damaged in Transit
RET003107,ORD0034853,P0117,2024-11-30,1,Damaged in Transit
RET003108,ORD0034859,P0049,2023-06-16,1,Damaged in Transit
RET003109,ORD0034890,P0108,2023-03-13,5,Late Delivery
RET003110,ORD0034899,P0135,2023-12-13,1,Wrong Item Delivered
RET003111,ORD0034907,P0126,2024-06-30,1,Damaged in Transit
RET003112,ORD0034913,P0197,2024-11-06,3,Other
RET003113,ORD0034920,P0091,2023-03-26,2,Damaged in Transit
RET003114,ORD0034921,P0123,2023-03-30,1,Damaged in Transit
RET003115,ORD0034962,P0085,2023-08-13,1,Customer Changed Mind
RET003116,ORD0034964,P0042,2023-09-26,1,Quality Issue
RET003117,ORD0034966,P0122,2023-10-22,1,Late Delivery
RET003118,ORD0034979,P0041,2024-03-30,2,Late Delivery
RET003119,ORD0034981,P0183,2024-05-19,1,Wrong Item Delivered
RET003120,ORD0034981,P0071,2024-05-17,1,Wrong Item Delivered
RET003121,ORD0035039,P0157,2024-03-19,23,Wrong Item Delivered
RET003122,ORD0035042,P0095,2024-09-09,101,Wrong Item Delivered
RET003123,ORD0035047,P0200,2023-02-18,5,Quality Issue
RET003124,ORD0035049,P0149,2023-05-24,2,Other
RET003125,ORD0035051,P0134,2023-07-30,1,Damaged in Transit
RET003126,ORD0035057,P0111,2024-01-14,2,Customer Changed Mind
RET003127,ORD0035073,P0093,2023-02-17,1,Quality Issue
RET003128,ORD0035084,P0024,2023-07-17,1,Damaged in Transit
RET003129,ORD0035113,P0169,2023-06-01,1,Late Delivery
RET003130,ORD0035128,P0197,2024-07-31,1,Quality Issue
RET003131,ORD0035151,P0016,2023-05-19,44,Customer Changed Mind
RET003132,ORD0035155,P0078,2023-10-23,45,Customer Changed Mind
RET003133,ORD0035166,P0109,2023-07-24,4,Wrong Item Delivered
RET003134,ORD0035206,P0076,2023-08-04,1,Quality Issue
RET003135,ORD0035216,P0005,2024-02-12,1,Late Delivery
RET003136,ORD0035222,P0101,2024-05-13,1,Quality Issue
RET003137,ORD0035223,P0162,2024-05-26,2,Quality Issue
RET003138,ORD0035226,P0126,2024-06-23,1,Damaged in Transit
RET003139,ORD0035245,P0023,2023-04-26,3,Damaged in Transit
RET003140,ORD0035246,P0038,2023-05-21,3,Late Delivery
RET003141,ORD0035250,P0068,2023-09-01,3,Customer Changed Mind
RET003142,ORD0035261,P0117,2024-06-09,1,Customer Changed Mind
RET003143,ORD0035268,P0036,2024-12-10,3,Wrong Item Delivered
RET003144,ORD0035272,P0020,2023-03-17,1,Wrong Item Delivered
RET003145,ORD0035291,P0022,2024-03-17,1,Other
RET003146,ORD0035292,P0038,2024-04-21,2,Damaged in Transit
RET003147,ORD0035294,P0022,2024-04-24,1,Damaged in Transit
RET003148,ORD0035298,P0094,2024-09-08,1,Wrong Item Delivered
RET003149,ORD0035334,P0194,2024-01-15,2,Other
RET003150,ORD0035352,P0146,2024-11-12,2,Other
RET003151,ORD0035362,P0138,2023-05-31,2,Damaged in Transit
RET003152,ORD0035366,P0091,2023-07-31,2,Damaged in Transit
RET003153,ORD0035385,P0021,2023-04-02,153,Damaged in Transit
RET003154,ORD0035388,P0091,2023-09-03,28,Customer Changed Mind
RET003155,ORD0035392,P0056,2024-01-01,221,Quality Issue
RET003156,ORD0035395,P0004,2024-03-11,11,Customer Changed Mind
RET003157,ORD0035400,P0062,2023-03-02,1,Customer Changed Mind
RET003158,ORD0035427,P0179,2023-02-02,1,Late Delivery
RET003159,ORD0035444,P0105,2023-11-08,1,Damaged in Transit
RET003160,ORD0035453,P0085,2024-02-22,1,Wrong Item Delivered
RET003161,ORD0035455,P0114,2024-04-24,1,Quality Issue
RET003162,ORD0035457,P0070,2024-07-12,1,Other
RET003163,ORD0035490,P0001,2024-11-21,6,Quality Issue
RET003164,ORD0035501,P0032,2023-11-15,7,Customer Changed Mind
RET003165,ORD0035514,P0193,2023-08-31,1,Quality Issue
RET003166,ORD0035521,P0085,2024-02-21,3,Quality Issue
RET003167,ORD0035528,P0037,2024-09-11,1,Wrong Item Delivered
RET003168,ORD0035547,P0083,2024-03-14,38,Late Delivery
RET003169,ORD0035555,P0179,2023-01-19,1,Customer Changed Mind
RET003170,ORD0035559,P0090,2023-06-08,1,Late Delivery
RET003171,ORD0035567,P0024,2023-10-10,1,Customer Changed Mind
RET003172,ORD0035629,P0011,2024-09-26,1,Customer Changed Mind
RET003173,ORD0035642,P0111,2023-09-22,1,Quality Issue
RET003174,ORD0035648,P0197,2023-11-29,1,Wrong Item Delivered
RET003175,ORD0035649,P0060,2023-12-14,1,Customer Changed Mind
RET003176,ORD0035670,P0136,2024-11-30,1,Late Delivery
RET003177,ORD0035674,P0042,2023-03-18,1,Customer Changed Mind
RET003178,ORD0035683,P0165,2023-05-30,1,Customer Changed Mind
RET003179,ORD0035690,P0071,2023-09-13,1,Damaged in Transit
RET003180,ORD0035692,P0152,2023-10-29,1,Quality Issue
RET003181,ORD0035693,P0058,2023-10-24,1,Damaged in Transit
RET003182,ORD0035693,P0146,2023-10-22,1,Damaged in Transit
RET003183,ORD0035714,P0158,2024-08-14,1,Quality Issue
RET003184,ORD0035728,P0010,2023-04-06,1,Other
RET003185,ORD0035752,P0032,2024-07-18,1,Damaged in Transit
RET003186,ORD0035758,P0152,2024-11-27,1,Customer Changed Mind
RET003187,ORD0035767,P0188,2023-10-04,1,Wrong Item Delivered
RET003188,ORD0035793,P0124,2023-06-15,2,Damaged in Transit
RET003189,ORD0035793,P0047,2023-06-06,1,Damaged in Transit
RET003190,ORD0035804,P0198,2023-10-17,1,Wrong Item Delivered
RET003191,ORD0035832,P0034,2023-02-05,2,Customer Changed Mind
RET003192,ORD0035836,P0060,2023-03-25,1,Late Delivery
RET003193,ORD0035850,P0098,2023-12-17,3,Other
RET003194,ORD0035852,P0083,2024-05-03,2,Quality Issue
RET003195,ORD0035870,P0186,2023-03-15,1,Damaged in Transit
RET003196,ORD0035871,P0196,2023-03-11,2,Wrong Item Delivered
RET003197,ORD0035874,P0160,2023-08-01,2,Damaged in Transit
RET003198,ORD0035880,P0103,2024-01-20,2,Damaged in Transit
RET003199,ORD0035890,P0003,2024-11-26,4,Wrong Item Delivered
RET003200,ORD0035899,P0077,2023-07-24,1,Quality Issue
RET003201,ORD0035909,P0154,2023-12-04,1,Wrong Item Delivered
RET003202,ORD0035910,P0161,2024-01-22,1,Wrong Item Delivered
RET003203,ORD0035919,P0116,2024-04-25,1,Other
RET003204,ORD0035928,P0051,2024-09-11,1,Customer Changed Mind
RET003205,ORD0035987,P0027,2024-02-04,1,Wrong Item Delivered
RET003206,ORD0035995,P0110,2024-09-20,1,Wrong Item Delivered
RET003207,ORD0035997,P0194,2023-01-23,1,Quality Issue
RET003208,ORD0036002,P0167,2023-09-02,1,Wrong Item Delivered
RET003209,ORD0036005,P0191,2024-01-20,1,Wrong Item Delivered
RET003210,ORD0036007,P0196,2024-02-20,3,Other
RET003211,ORD0036012,P0023,2024-11-15,3,Other
RET003212,ORD0036020,P0001,2023-04-12,1,Late Delivery
RET003213,ORD0036025,P0044,2023-08-25,2,Customer Changed Mind
RET003214,ORD0036037,P0140,2024-12-29,1,Customer Changed Mind
RET003215,ORD0036071,P0166,2023-07-06,2,Damaged in Transit
RET003216,ORD0036079,P0139,2024-05-07,3,Late Delivery
RET003217,ORD0036091,P0195,2023-04-14,3,Late Delivery
RET003218,ORD0036107,P0032,2024-08-16,1,Late Delivery
RET003219,ORD0036116,P0109,2024-02-16,247,Quality Issue
RET003220,ORD0036132,P0082,2023-05-27,1,Quality Issue
RET003221,ORD0036133,P0123,2023-06-22,1,Damaged in Transit
RET003222,ORD0036159,P0069,2024-07-23,1,Customer Changed Mind
RET003223,ORD0036165,P0044,2024-11-06,1,Damaged in Transit
RET003224,ORD0036165,P0111,2024-11-11,1,Damaged in Transit
RET003225,ORD0036173,P0115,2023-04-06,1,Quality Issue
RET003226,ORD0036175,P0047,2023-07-07,1,Wrong Item Delivered
RET003227,ORD0036176,P0048,2023-07-24,1,Wrong Item Delivered
RET003228,ORD0036205,P0194,2024-07-17,1,Quality Issue
RET003229,ORD0036227,P0094,2023-07-09,1,Customer Changed Mind
RET003230,ORD0036238,P0013,2023-11-22,1,Late Delivery
RET003231,ORD0036248,P0142,2024-06-30,1,Damaged in Transit
RET003232,ORD0036249,P0037,2024-08-06,1,Customer Changed Mind
RET003233,ORD0036250,P0051,2024-09-06,1,Wrong Item Delivered
RET003234,ORD0036257,P0166,2023-03-16,2,Customer Changed Mind
RET003235,ORD0036259,P0023,2023-05-19,2,Quality Issue
RET003236,ORD0036261,P0159,2023-07-06,1,Quality Issue
RET003237,ORD0036273,P0036,2024-01-26,1,Customer Changed Mind
RET003238,ORD0036310,P0084,2023-10-26,1,Damaged in Transit
RET003239,ORD0036338,P0184,2023-01-27,1,Customer Changed Mind
RET003240,ORD0036339,P0049,2023-02-06,1,Wrong Item Delivered
RET003241,ORD0036359,P0067,2023-12-24,1,Damaged in Transit
RET003242,ORD0036368,P0116,2024-03-01,1,Damaged in Transit
RET003243,ORD0036368,P0174,2024-03-12,1,Damaged in Transit
RET003244,ORD0036372,P0108,2024-04-18,2,Other
RET003245,ORD0036393,P0047,2023-05-04,1,Wrong Item Delivered
RET003246,ORD0036417,P0198,2024-03-24,1,Quality Issue
RET003247,ORD0036443,P0028,2024-07-09,20,Quality Issue
RET003248,ORD0036454,P0078,2023-03-21,159,Wrong Item Delivered
RET003249,ORD0036455,P0192,2023-03-29,50,Customer Changed Mind
RET003250,ORD0036476,P0010,2023-07-10,1,Customer Changed Mind
RET003251,ORD0036488,P0099,2024-06-24,3,Late Delivery
RET003252,ORD0036492,P0058,2024-09-20,1,Wrong Item Delivered
RET003253,ORD0036493,P0057,2024-12-14,1,Damaged in Transit
RET003254,ORD0036493,P0023,2024-12-14,1,Damaged in Transit
RET003255,ORD0036496,P0116,2023-02-11,2,Customer Changed Mind
RET003256,ORD0036524,P0187,2024-03-17,1,Customer Changed Mind
RET003257,ORD0036528,P0183,2024-05-13,2,Quality Issue
RET003258,ORD0036549,P0142,2023-04-26,1,Wrong Item Delivered
RET003259,ORD0036562,P0034,2023-09-25,1,Damaged in Transit
RET003260,ORD0036569,P0140,2023-12-15,1,Wrong Item Delivered
RET003261,ORD0036614,P0182,2024-05-07,1,Damaged in Transit
RET003262,ORD0036641,P0094,2024-09-30,117,Customer Changed Mind
RET003263,ORD0036649,P0027,2023-08-09,2,Other
RET003264,ORD0036651,P0107,2023-12-08,1,Customer Changed Mind
RET003265,ORD0036671,P0157,2023-07-24,2,Wrong Item Delivered
RET003266,ORD0036677,P0002,2024-02-02,4,Wrong Item Delivered
RET003267,ORD0036684,P0123,2024-10-22,1,Quality Issue
RET003268,ORD0036697,P0063,2023-11-08,22,Damaged in Transit
RET003269,ORD0036701,P0158,2024-03-15,33,Quality Issue
RET003270,ORD0036702,P0047,2024-04-28,35,Customer Changed Mind
RET003271,ORD0036743,P0200,2024-05-12,1,Customer Changed Mind
RET003272,ORD0036754,P0007,2024-10-23,1,Customer Changed Mind
RET003273,ORD0036754,P0045,2024-10-15,1,Late Delivery
RET003274,ORD0036771,P0049,2024-07-07,225,Wrong Item Delivered
RET003275,ORD0036796,P0001,2024-04-10,3,Late Delivery
RET003276,ORD0036809,P0027,2023-01-17,2,Wrong Item Delivered
RET003277,ORD0036810,P0149,2023-03-18,1,Late Delivery
RET003278,ORD0036818,P0016,2023-07-10,2,Other
RET003279,ORD0036836,P0030,2024-10-17,4,Damaged in Transit
RET003280,ORD0036837,P0004,2024-11-15,1,Damaged in Transit
RET003281,ORD0036848,P0122,2023-04-28,1,Damaged in Transit
RET003282,ORD0036852,P0186,2023-06-08,1,Customer Changed Mind
RET003283,ORD0036861,P0099,2023-08-26,1,Customer Changed Mind
RET003284,ORD0036863,P0133,2023-10-03,1,Customer Changed Mind
RET003285,ORD0036864,P0133,2023-12-24,1,Damaged in Transit
RET003286,ORD0036885,P0030,2023-03-25,2,Other
RET003287,ORD0036896,P0031,2023-10-04,1,Damaged in Transit
RET003288,ORD0036897,P0104,2023-11-15,1,Customer Changed Mind
RET003289,ORD0036904,P0058,2024-03-04,2,Quality Issue
RET003290,ORD0036906,P0056,2024-05-19,1,Quality Issue
RET003291,ORD0036921,P0200,2023-06-10,1,Damaged in Transit
RET003292,ORD0036921,P0194,2023-05-28,1,Damaged in Transit
RET003293,ORD0036934,P0165,2023-11-10,1,Damaged in Transit
RET003294,ORD0036956,P0030,2024-09-30,1,Damaged in Transit
RET003295,ORD0036963,P0061,2023-01-31,73,Customer Changed Mind
RET003296,ORD0036968,P0134,2023-11-02,15,Wrong Item Delivered
RET003297,ORD0036973,P0068,2024-09-04,84,Customer Changed Mind
RET003298,ORD0036980,P0035,2024-12-23,50,Quality Issue
RET003299,ORD0036986,P0011,2023-05-21,1,Quality Issue
RET003300,ORD0037003,P0194,2024-02-14,1,Damaged in Transit
RET003301,ORD0037006,P0109,2024-02-27,1,Customer Changed Mind
RET003302,ORD0037019,P0085,2024-10-09,1,Wrong Item Delivered
RET003303,ORD0037043,P0078,2024-06-16,1,Wrong Item Delivered
RET003304,ORD0037045,P0181,2024-07-23,1,Quality Issue
RET003305,ORD0037046,P0071,2024-07-09,1,Late Delivery
RET003306,ORD0037055,P0166,2023-03-10,1,Customer Changed Mind
RET003307,ORD0037071,P0122,2023-10-06,1,Quality Issue
RET003308,ORD0037072,P0195,2023-11-11,1,Quality Issue
RET003309,ORD0037082,P0075,2024-06-13,2,Quality Issue
RET003310,ORD0037090,P0101,2024-11-28,1,Customer Changed Mind
RET003311,ORD0037098,P0113,2023-10-02,33,Wrong Item Delivered
RET003312,ORD0037100,P0036,2024-06-21,270,Damaged in Transit
RET003313,ORD0037109,P0139,2024-03-01,145,Damaged in Transit
RET003314,ORD0037110,P0157,2024-03-05,96,Damaged in Transit
RET003315,ORD0037116,P0100,2023-03-27,1,Damaged in Transit
RET003316,ORD0037138,P0031,2024-10-16,1,Other
RET003317,ORD0037148,P0142,2023-01-26,44,Wrong Item Delivered
RET003318,ORD0037166,P0121,2024-08-11,42,Customer Changed Mind
RET003319,ORD0037176,P0004,2023-04-10,2,Wrong Item Delivered
RET003320,ORD0037185,P0131,2024-03-07,1,Customer Changed Mind
RET003321,ORD0037199,P0149,2023-02-01,1,Wrong Item Delivered
RET003322,ORD0037201,P0137,2023-01-24,1,Damaged in Transit
RET003323,ORD0037202,P0037,2023-03-01,1,Customer Changed Mind
RET003324,ORD0037215,P0200,2023-10-03,1,Damaged in Transit
RET003325,ORD0037247,P0189,2023-01-31,1,Damaged in Transit
RET003326,ORD0037249,P0102,2023-04-24,1,Other
RET003327,ORD0037252,P0157,2023-07-13,1,Quality Issue
RET003328,ORD0037261,P0144,2024-04-18,1,Wrong Item Delivered
RET003329,ORD0037263,P0041,2024-06-14,3,Damaged in Transit
RET003330,ORD0037267,P0039,2024-08-30,1,Customer Changed Mind
RET003331,ORD0037300,P0183,2024-08-04,5,Wrong Item Delivered
RET003332,ORD0037323,P0029,2024-09-30,4,Late Delivery
RET003333,ORD0037340,P0126,2023-12-13,121,Customer Changed Mind
RET003334,ORD0037350,P0059,2023-01-27,1,Quality Issue
RET003335,ORD0037355,P0144,2023-06-16,4,Quality Issue
RET003336,ORD0037355,P0028,2023-06-29,1,Late Delivery
RET003337,ORD0037367,P0182,2024-09-12,3,Wrong Item Delivered
RET003338,ORD0037371,P0131,2023-04-30,108,Damaged in Transit
RET003339,ORD0037382,P0068,2024-06-20,25,Damaged in Transit
RET003340,ORD0037383,P0146,2024-08-11,146,Late Delivery
RET003341,ORD0037403,P0026,2024-06-11,1,Wrong Item Delivered
RET003342,ORD0037409,P0003,2023-01-30,3,Damaged in Transit
RET003343,ORD0037419,P0101,2023-09-28,1,Quality Issue
RET003344,ORD9999999,P0037,2023-10-22,1,Wrong Item Delivered
RET003345,ORD0037421,P0031,2023-10-23,1,Wrong Item Delivered
RET003346,ORD0037434,P0137,2024-07-28,1,Damaged in Transit
RET003347,ORD0037442,P0004,2024-12-31,1,Damaged in Transit
RET003348,ORD0037447,P0187,2023-03-26,1,Damaged in Transit
RET003349,ORD0037454,P0179,2023-06-02,1,Wrong Item Delivered
RET003350,ORD0037501,P0058,2024-08-10,113,Wrong Item Delivered
RET003351,ORD0037518,P0049,2023-09-30,1,Damaged in Transit
RET003352,ORD0037530,P0028,2024-04-10,1,Wrong Item Delivered
RET003353,ORD0037542,P0157,2024-11-01,1,Damaged in Transit
RET003354,ORD0037582,P0103,2024-11-07,1,Damaged in Transit
RET003355,ORD0037622,P0159,2024-04-14,1,Wrong Item Delivered
RET003356,ORD0037622,P0027,2024-04-15,2,Wrong Item Delivered
RET003357,ORD0037667,P0024,2023-03-29,4,Late Delivery
RET003358,ORD0037708,P0166,2024-01-08,2,Quality Issue
RET003359,ORD0037723,P0036,2024-09-21,1,Customer Changed Mind
RET003360,ORD0037744,P0158,2023-12-17,1,Quality Issue
RET003361,ORD0037760,P0175,2024-10-02,1,Other
RET003362,ORD0037770,P0136,2023-04-22,1,Wrong Item Delivered
RET003363,ORD0037779,P0104,2023-09-04,1,Damaged in Transit
RET003364,ORD0037783,P0109,2023-10-22,1,Other
RET003365,ORD0037802,P0021,2024-09-14,2,Wrong Item Delivered
RET003366,ORD0037824,P0157,2023-10-18,1,Customer Changed Mind
RET003367,ORD0037826,P0028,2023-11-22,2,Customer Changed Mind
RET003368,ORD0037852,P0004,2023-04-14,1,Damaged in Transit
RET003369,ORD0037857,P0069,2023-10-30,1,Customer Changed Mind
RET003370,ORD0037867,P0094,2024-05-29,2,Late Delivery
RET003371,ORD9999999,P0029,2023-11-23,3,Damaged in Transit
RET003372,ORD0037896,P0085,2023-11-27,1,Damaged in Transit
RET003373,ORD0037897,P0122,2024-01-10,1,Late Delivery
RET003374,ORD0037900,P0087,2024-06-13,3,Customer Changed Mind
RET003375,ORD0037957,P0091,2023-12-08,44,Quality Issue
RET003376,ORD0037963,P0036,2023-02-13,212,Quality Issue
RET003377,ORD0037967,P0179,2023-11-25,56,Damaged in Transit
RET003378,ORD0037992,P0194,2024-10-13,1,Quality Issue
RET003379,ORD0037997,P0094,2023-02-16,1,Damaged in Transit
RET003380,ORD0037997,P0048,2023-02-13,1,Damaged in Transit
RET003381,ORD0038000,P0035,2023-05-23,4,Wrong Item Delivered
RET003382,ORD0038011,P0049,2024-02-24,1,Damaged in Transit
RET003383,ORD0038046,P0026,2024-07-31,1,Customer Changed Mind
RET003384,ORD0038054,P0061,2024-10-08,2,Wrong Item Delivered
RET003385,ORD0038063,P0084,2023-02-19,2,Customer Changed Mind
RET003386,ORD0038066,P0146,2023-04-07,1,Other
RET003387,ORD0038080,P0047,2024-02-29,1,Customer Changed Mind
RET003388,ORD0038083,P0182,2024-03-29,1,Damaged in Transit
RET003389,ORD0038087,P0003,2024-04-27,1,Late Delivery
RET003390,ORD0038094,P0039,2024-09-10,1,Customer Changed Mind
RET003391,ORD0038103,P0198,2024-11-30,1,Damaged in Transit
RET003392,ORD0038117,P0048,2023-11-29,1,Damaged in Transit
RET003393,ORD0038119,P0189,2024-02-01,3,Damaged in Transit
RET003394,ORD0038139,P0101,2023-05-25,10,Other
RET003395,ORD0038146,P0140,2023-10-28,12,Damaged in Transit
RET003396,ORD0038146,P0049,2023-10-30,29,Damaged in Transit
RET003397,ORD0038153,P0050,2024-07-11,4,Wrong Item Delivered
RET003398,ORD0038160,P0131,2024-12-06,3,Damaged in Transit
RET003399,ORD0038161,P0179,2023-01-24,47,Quality Issue
RET003400,ORD0038162,P0106,2023-02-18,38,Damaged in Transit
RET003401,ORD0038198,P0008,2024-06-20,1,Late Delivery
RET003402,ORD0038250,P0029,2024-04-29,48,Wrong Item Delivered
RET003403,ORD0038262,P0103,2023-04-18,1,Wrong Item Delivered
RET003404,ORD0038277,P0135,2024-04-13,1,Customer Changed Mind
RET003405,ORD0038284,P0055,2024-06-17,1,Quality Issue
RET003406,ORD0038303,P0049,2023-02-10,1,Damaged in Transit
RET003407,ORD0038310,P0180,2023-05-23,1,Quality Issue
RET003408,ORD0038348,P0023,2024-03-03,1,Damaged in Transit
RET003409,ORD0038354,P0122,2024-05-27,1,Customer Changed Mind
RET003410,ORD0038364,P0101,2023-07-08,2,Wrong Item Delivered
RET003411,ORD0038396,P0196,2023-04-13,71,Quality Issue
RET003412,ORD0038415,P0163,2023-04-26,1,Other
RET003413,ORD0038426,P0109,2024-01-24,1,Quality Issue
RET003414,ORD0038431,P0173,2024-03-13,1,Late Delivery
RET003415,ORD0038432,P0139,2024-03-29,2,Late Delivery
RET003416,ORD0038435,P0170,2024-04-30,2,Quality Issue
RET003417,ORD0038440,P0154,2024-12-15,2,Quality Issue
RET003418,ORD0038444,P0073,2023-01-18,1,Quality Issue
RET003419,ORD0038452,P0024,2023-06-02,1,Wrong Item Delivered
RET003420,ORD0038462,P0037,2023-09-27,1,Quality Issue
RET003421,ORD0038469,P0095,2024-02-19,1,Customer Changed Mind
RET003422,ORD0038490,P0049,2023-03-27,2,Customer Changed Mind
RET003423,ORD0038491,P0074,2023-05-09,1,Damaged in Transit
RET003424,ORD0038491,P0164,2023-05-18,1,Damaged in Transit
RET003425,ORD0038498,P0003,2023-11-24,1,Wrong Item Delivered
RET003426,ORD0038532,P0179,2023-09-04,1,Customer Changed Mind
RET003427,ORD0038534,P0095,2023-10-26,1,Damaged in Transit
RET003428,ORD0038563,P0137,2023-04-27,2,Quality Issue
RET003429,ORD0038576,P0088,2023-10-17,1,Damaged in Transit
RET003430,ORD0038617,P0007,2023-10-12,1,Damaged in Transit
RET003431,ORD0038684,P0115,2024-02-25,2,Quality Issue
RET003432,ORD0038688,P0015,2024-05-14,1,Damaged in Transit
RET003433,ORD0038697,P0121,2024-11-03,1,Other
RET003434,ORD0038726,P0189,2024-12-20,1,Damaged in Transit
RET003435,ORD0038739,P0049,2023-08-10,1,Damaged in Transit
RET003436,ORD0038744,P0187,2023-10-19,1,Wrong Item Delivered
RET003437,ORD0038753,P0078,2024-06-16,1,Late Delivery
RET003438,ORD0038764,P0071,2023-03-12,4,Customer Changed Mind
RET003439,ORD0038782,P0127,2024-12-12,1,Damaged in Transit
RET003440,ORD0038785,P0117,2023-02-03,1,Late Delivery
RET003441,ORD0038786,P0118,2023-01-30,1,Quality Issue
RET003442,ORD0038787,P0116,2023-02-24,2,Late Delivery
RET003443,ORD0038799,P0179,2023-08-23,2,Late Delivery
RET003444,ORD0038815,P0043,2024-06-21,1,Customer Changed Mind
RET003445,ORD0038851,P0051,2024-04-21,2,Damaged in Transit
RET003446,ORD0038857,P0115,2024-07-17,1,Damaged in Transit
RET003447,ORD0038876,P0003,2024-02-15,4,Quality Issue
RET003448,ORD0038880,P0099,2024-05-14,1,Customer Changed Mind
RET003449,ORD0038885,P0182,2024-12-19,1,Damaged in Transit
RET003450,ORD0038910,P0050,2024-07-04,3,Quality Issue
RET003451,ORD0038913,P0047,2024-09-27,2,Quality Issue
RET003452,ORD0038917,P0100,2024-12-09,1,Late Delivery
RET003453,ORD0038932,P0003,2024-01-03,2,Damaged in Transit
RET003454,ORD0038937,P0142,2024-04-06,1,Customer Changed Mind
RET003455,ORD0038960,P0154,2023-02-27,1,Quality Issue
RET003456,ORD0038969,P0031,2023-07-19,1,Damaged in Transit
RET003457,ORD0038973,P0041,2023-10-20,1,Customer Changed Mind
RET003458,ORD0038975,P0065,2023-11-23,1,Customer Changed Mind
RET003459,ORD0038976,P0049,2023-12-23,1,Damaged in Transit
RET003460,ORD0038976,P0030,2023-12-23,1,Damaged in Transit
RET003461,ORD0038998,P0095,2024-11-15,1,Damaged in Transit
RET003462,ORD0039019,P0119,2023-08-17,2,Damaged in Transit
RET003463,ORD0039019,P0183,2023-08-13,1,Damaged in Transit
RET003464,ORD0039026,P0058,2023-11-29,1,Customer Changed Mind
RET003465,ORD0039035,P0091,2024-05-26,1,Damaged in Transit
RET003466,ORD0039042,P0036,2024-11-22,1,Damaged in Transit
RET003467,ORD0039049,P0088,2023-09-19,149,Customer Changed Mind
RET003468,ORD0039055,P0093,2024-12-10,123,Wrong Item Delivered
RET003469,ORD0039069,P0197,2024-01-18,1,Other
RET003470,ORD0039084,P0194,2024-11-03,1,Damaged in Transit
RET003471,ORD0039084,P0132,2024-11-10,1,Damaged in Transit
RET003472,ORD0039089,P0119,2023-03-30,2,Other
RET003473,ORD0039090,P0165,2023-05-27,2,Other
RET003474,ORD0039154,P0119,2024-09-19,1,Wrong Item Delivered
RET003475,ORD0039167,P0093,2023-08-07,1,Damaged in Transit
RET003476,ORD0039176,P0014,2023-12-26,1,Quality Issue
RET003477,ORD0039212,P0040,2023-11-17,3,Quality Issue
RET003478,ORD0039221,P0058,2024-09-14,1,Damaged in Transit
RET003479,ORD0039241,P0094,2023-12-02,2,Quality Issue
RET003480,ORD0039275,P0171,2024-04-01,1,Quality Issue
RET003481,ORD0039280,P0107,2024-08-07,1,Wrong Item Delivered
RET003482,ORD0039285,P0126,2024-10-26,3,Damaged in Transit
RET003483,ORD0039298,P0005,2023-09-02,3,Damaged in Transit
RET003484,ORD0039313,P0181,2024-12-01,1,Damaged in Transit
RET003485,ORD0039320,P0024,2023-09-16,14,Customer Changed Mind
RET003486,ORD0039332,P0079,2023-03-26,1,Customer Changed Mind
RET003487,ORD0039336,P0070,2023-08-04,1,Damaged in Transit
RET003488,ORD0039354,P0085,2024-04-05,1,Late Delivery
RET003489,ORD0039366,P0168,2024-12-10,1,Late Delivery
RET003490,ORD0039371,P0039,2023-04-19,2,Customer Changed Mind
RET003491,ORD0039375,P0004,2023-12-13,1,Damaged in Transit
RET003492,ORD0039393,P0020,2023-08-02,5,Quality Issue
RET003493,ORD0039400,P0126,2023-11-25,2,Other
RET003494,ORD0039415,P0126,2023-03-02,1,Wrong Item Delivered
RET003495,ORD0039420,P0113,2023-08-17,3,Other
RET003496,ORD0039440,P0074,2023-06-04,2,Wrong Item Delivered
RET003497,ORD0039441,P0045,2023-07-17,4,Customer Changed Mind
RET003498,ORD0039461,P0040,2023-01-19,5,Damaged in Transit
RET003499,ORD0039461,P0101,2023-01-25,4,Damaged in Transit
RET003500,ORD0039468,P0189,2023-05-30,3,Wrong Item Delivered
RET003501,ORD0039487,P0164,2024-09-21,3,Customer Changed Mind
RET003502,ORD0039491,P0074,2023-04-04,36,Customer Changed Mind
RET003503,ORD0039508,P0168,2023-02-14,2,Damaged in Transit
RET003504,ORD0039513,P0057,2023-04-10,1,Other
RET003505,ORD0039524,P0028,2024-02-26,1,Quality Issue
RET003506,ORD0039525,P0181,2024-05-13,1,Other
RET003507,ORD0039540,P0148,2023-02-07,1,Customer Changed Mind
RET003508,ORD0039543,P0185,2023-03-20,1,Late Delivery
RET003509,ORD0039556,P0094,2023-10-03,1,Wrong Item Delivered
RET003510,ORD0039565,P0182,2024-03-18,2,Late Delivery
RET003511,ORD0039568,P0008,2024-04-24,1,Damaged in Transit
RET003512,ORD0039572,P0185,2024-06-19,1,Damaged in Transit
RET003513,ORD0039603,P0049,2024-06-16,129,Wrong Item Delivered
RET003514,ORD0039603,P0082,2024-06-16,140,Wrong Item Delivered
RET003515,ORD0039610,P0090,2023-05-08,43,Damaged in Transit
RET003516,ORD0039610,P0141,2023-05-11,69,Damaged in Transit
RET003517,ORD0039614,P0168,2023-08-02,284,Quality Issue
RET003518,ORD0039624,P0198,2023-09-08,87,Quality Issue
RET003519,ORD0039625,P0182,2023-10-17,20,Customer Changed Mind
RET003520,ORD0039637,P0125,2023-04-12,2,Damaged in Transit
RET003521,ORD0039654,P0074,2024-02-10,1,Other
RET003522,ORD0039673,P0180,2024-09-07,1,Wrong Item Delivered
RET003523,ORD0039677,P0191,2024-12-07,1,Customer Changed Mind
RET003524,ORD0039690,P0004,2023-06-18,1,Other
RET003525,ORD0039706,P0170,2024-02-13,1,Wrong Item Delivered
RET003526,ORD0039706,P0088,2024-02-17,1,Wrong Item Delivered
RET003527,ORD0039712,P0052,2024-04-19,1,Wrong Item Delivered
RET003528,ORD0039716,P0101,2024-07-10,1,Damaged in Transit
RET003529,ORD0039720,P0064,2024-10-02,1,Customer Changed Mind
RET003530,ORD0039736,P0198,2023-07-07,3,Customer Changed Mind
RET003531,ORD0039738,P0125,2023-10-12,3,Damaged in Transit
RET003532,ORD0039762,P0027,2024-02-13,121,Damaged in Transit
RET003533,ORD0039797,P0059,2023-12-01,1,Wrong Item Delivered
RET003534,ORD0039820,P0200,2023-04-29,1,Damaged in Transit
RET003535,ORD0039829,P0079,2023-12-08,1,Customer Changed Mind
RET003536,ORD0039834,P0099,2024-02-19,1,Quality Issue
RET003537,ORD0039850,P0047,2024-10-01,2,Damaged in Transit
RET003538,ORD0039856,P0149,2023-03-21,10,Damaged in Transit
RET003539,ORD0039860,P0123,2024-02-11,6,Quality Issue
RET003540,ORD0039875,P0119,2023-05-21,1,Customer Changed Mind
RET003541,ORD0039889,P0079,2023-12-29,1,Customer Changed Mind
RET003542,ORD0039906,P0029,2023-07-26,1,Other
RET003543,ORD0039911,P0174,2023-09-20,1,Other
RET003544,ORD0039921,P0098,2024-04-02,1,Other
RET003545,ORD0039932,P0004,2024-09-22,1,Damaged in Transit
RET003546,ORD0039932,P0136,2024-09-12,1,Damaged in Transit
RET003547,ORD0039936,P0162,2024-11-07,1,Damaged in Transit
RET003548,ORD0039958,P0122,2024-04-19,1,Quality Issue
RET003549,ORD0039974,P0091,2023-05-31,1,Damaged in Transit
RET003550,ORD0040018,P0189,2024-02-24,3,Quality Issue
RET003551,ORD0040053,P0191,2024-03-24,1,Damaged in Transit
RET003552,ORD0040075,P0086,2023-10-05,3,Damaged in Transit
RET003553,ORD0040086,P0180,2024-03-18,4,Customer Changed Mind
RET003554,ORD0040103,P0073,2023-05-08,1,Wrong Item Delivered
RET003555,ORD0040119,P0094,2024-07-09,3,Damaged in Transit
RET003556,ORD0040125,P0194,2024-09-26,3,Damaged in Transit
RET003557,ORD0040152,P0104,2024-03-27,1,Wrong Item Delivered
RET003558,ORD0040163,P0021,2024-07-24,1,Damaged in Transit
RET003559,ORD0040166,P0129,2024-09-10,1,Wrong Item Delivered
RET003560,ORD0040182,P0181,2023-05-04,1,Wrong Item Delivered
RET003561,ORD0040203,P0196,2024-10-07,1,Quality Issue
RET003562,ORD0040207,P0186,2024-11-11,1,Quality Issue
RET003563,ORD0040219,P0083,2024-01-27,15,Customer Changed Mind
RET003564,ORD0040221,P0042,2024-03-10,83,Quality Issue
RET003565,ORD0040223,P0197,2024-05-28,28,Customer Changed Mind
RET003566,ORD0040237,P0186,2024-08-09,278,Damaged in Transit
RET003567,ORD0040239,P0005,2024-09-16,66,Customer Changed Mind
RET003568,ORD0040245,P0051,2023-01-28,1,Customer Changed Mind
RET003569,ORD0040257,P0170,2023-11-21,1,Quality Issue
RET003570,ORD0040259,P0001,2023-12-27,1,Damaged in Transit
RET003571,ORD0040272,P0029,2024-07-07,1,Customer Changed Mind
RET003572,ORD0040275,P0020,2024-11-29,2,Other
RET003573,ORD0040294,P0164,2023-11-18,1,Damaged in Transit
RET003574,ORD0040305,P0124,2024-04-14,2,Customer Changed Mind
RET003575,ORD0040305,P0107,2024-04-17,1,Late Delivery
RET003576,ORD0040335,P0159,2024-04-19,1,Other
RET003577,ORD0040342,P0059,2024-10-10,1,Customer Changed Mind
RET003578,ORD0040353,P0007,2023-08-05,118,Customer Changed Mind
RET003579,ORD0040362,P0027,2023-01-28,1,Wrong Item Delivered
RET003580,ORD0040404,P0034,2024-10-08,1,Damaged in Transit
RET003581,ORD0040407,P0131,2024-10-28,1,Damaged in Transit
RET003582,ORD0040411,P0094,2024-12-22,2,Customer Changed Mind
RET003583,ORD0040415,P0165,2023-03-28,1,Quality Issue
RET003584,ORD0040420,P0038,2023-07-09,1,Quality Issue
RET003585,ORD0040458,P0182,2023-08-15,1,Quality Issue
RET003586,ORD0040461,P0131,2023-09-24,1,Damaged in Transit
RET003587,ORD0040468,P0187,2023-12-22,2,Damaged in Transit
RET003588,ORD0040536,P0016,2024-07-28,1,Quality Issue
RET003589,ORD0040552,P0087,2023-04-19,1,Damaged in Transit
RET003590,ORD0040562,P0134,2023-11-09,1,Quality Issue
RET003591,ORD0040568,P0106,2024-04-19,1,Customer Changed Mind
RET003592,ORD0040576,P0024,2024-08-06,1,Quality Issue
RET003593,ORD0040585,P0200,2024-11-17,1,Late Delivery
RET003594,ORD0040597,P0074,2023-08-11,212,Customer Changed Mind
RET003595,ORD0040600,P0008,2024-01-03,22,Wrong Item Delivered
RET003596,ORD0040626,P0021,2023-12-21,1,Quality Issue
RET003597,ORD0040627,P0169,2024-01-14,1,Other
RET003598,ORD0040638,P0031,2024-07-10,1,Quality Issue
RET003599,ORD0040640,P0179,2024-10-29,1,Damaged in Transit
RET003600,ORD0040661,P0030,2024-02-16,1,Customer Changed Mind
RET003601,ORD0040746,P0023,2024-03-13,1,Wrong Item Delivered
RET003602,ORD0040750,P0095,2024-04-11,1,Late Delivery
RET003603,ORD0040767,P0149,2023-07-09,2,Damaged in Transit
RET003604,ORD0040774,P0050,2023-11-06,1,Damaged in Transit
RET003605,ORD0040774,P0074,2023-10-27,1,Damaged in Transit
RET003606,ORD0040799,P0037,2023-12-07,115,Wrong Item Delivered
RET003607,ORD0040801,P0109,2024-01-17,258,Customer Changed Mind
RET003608,ORD0040829,P0005,2024-06-20,3,Customer Changed Mind
RET003609,ORD0040833,P0001,2024-10-03,3,Damaged in Transit
RET003610,ORD0040852,P0111,2023-07-07,1,Quality Issue
RET003611,ORD0040852,P0026,2023-07-20,1,Damaged in Transit
RET003612,ORD0040857,P0149,2023-11-11,1,Customer Changed Mind
RET003613,ORD0040859,P0109,2023-12-11,2,Customer Changed Mind
RET003614,ORD0040875,P0015,2024-07-15,1,Damaged in Transit
RET003615,ORD0040886,P0033,2023-05-29,2,Quality Issue
RET003616,ORD0040894,P0149,2023-08-13,1,Customer Changed Mind
RET003617,ORD0040908,P0004,2024-03-29,1,Customer Changed Mind
RET003618,ORD0040914,P0002,2024-06-30,1,Wrong Item Delivered
RET003619,ORD0040921,P0075,2024-12-09,1,Quality Issue
RET003620,ORD0040929,P0177,2023-10-08,25,Damaged in Transit
RET003621,ORD0040929,P0095,2023-09-22,21,Damaged in Transit
RET003622,ORD0040951,P0050,2023-11-29,2,Customer Changed Mind
RET003623,ORD0040958,P0048,2024-09-09,1,Customer Changed Mind
RET003624,ORD0041029,P0093,2023-05-22,49,Late Delivery
RET003625,ORD0041046,P0059,2024-06-15,37,Quality Issue
RET003626,ORD0041061,P0165,2024-03-14,1,Customer Changed Mind
RET003627,ORD0041061,P0110,2024-03-18,1,Late Delivery
RET003628,ORD0041066,P0026,2024-06-30,1,Wrong Item Delivered
RET003629,ORD0041069,P0050,2024-08-31,1,Wrong Item Delivered
RET003630,ORD0041072,P0159,2024-10-31,4,Quality Issue
RET003631,ORD0041078,P0049,2023-06-20,1,Damaged in Transit
RET003632,ORD0041086,P0137,2024-01-13,1,Other
RET003633,ORD0041096,P0192,2024-07-04,1,Late Delivery
RET003634,ORD0041107,P0160,2023-02-27,1,Customer Changed Mind
RET003635,ORD0041110,P0005,2023-04-04,1,Customer Changed Mind
RET003636,ORD0041138,P0004,2024-08-18,2,Customer Changed Mind
RET003637,ORD0041148,P0131,2024-12-23,1,Other
RET003638,ORD0041154,P0189,2023-05-09,1,Quality Issue
RET003639,ORD0041159,P0198,2023-10-01,1,Late Delivery
RET003640,ORD0041172,P0132,2024-08-16,1,Customer Changed Mind
RET003641,ORD0041174,P0159,2024-09-16,1,Wrong Item Delivered
RET003642,ORD0041187,P0063,2023-10-21,78,Customer Changed Mind
RET003643,ORD0041194,P0105,2023-07-06,49,Customer Changed Mind
RET003644,ORD0041198,P0128,2023-09-13,38,Customer Changed Mind
RET003645,ORD0041200,P0079,2023-10-21,48,Customer Changed Mind
RET003646,ORD0041226,P0043,2023-11-02,2,Quality Issue
RET003647,ORD0041256,P0043,2023-08-29,1,Customer Changed Mind
RET003648,ORD0041263,P0051,2024-04-14,1,Damaged in Transit
RET003649,ORD0041274,P0107,2023-03-14,1,Damaged in Transit
RET003650,ORD0041294,P0194,2024-03-27,1,Wrong Item Delivered
RET003651,ORD0041307,P0031,2023-02-02,1,Damaged in Transit
RET003652,ORD0041307,P0191,2023-02-03,1,Damaged in Transit
RET003653,ORD0041327,P0131,2024-03-08,1,Damaged in Transit
RET003654,ORD0041331,P0125,2024-08-20,2,Late Delivery
RET003655,ORD0041332,P0050,2024-09-01,2,Customer Changed Mind
RET003656,ORD0041334,P0196,2024-10-22,2,Quality Issue
RET003657,ORD0041351,P0042,2023-09-05,2,Late Delivery
RET003658,ORD0041356,P0011,2023-10-28,1,Quality Issue
RET003659,ORD0041363,P0191,2023-12-07,1,Late Delivery
RET003660,ORD0041365,P0042,2024-02-09,1,Customer Changed Mind
RET003661,ORD0041378,P0044,2024-09-15,1,Other
RET003662,ORD0041413,P0132,2024-09-16,39,Damaged in Transit
RET003663,ORD0041413,P0043,2024-09-27,21,Damaged in Transit
RET003664,ORD0041422,P0094,2023-07-30,1,Other
RET003665,ORD0041427,P0095,2023-09-21,1,Damaged in Transit
RET003666,ORD0041449,P0156,2024-08-21,1,Customer Changed Mind
RET003667,ORD0041456,P0044,2024-11-06,2,Late Delivery
RET003668,ORD0041459,P0061,2024-11-26,1,Late Delivery
RET003669,ORD0041463,P0039,2023-02-03,1,Wrong Item Delivered
RET003670,ORD0041467,P0034,2023-08-28,3,Other
RET003671,ORD0041476,P0113,2024-01-21,3,Late Delivery
RET003672,ORD0041486,P0029,2024-07-01,1,Customer Changed Mind
RET003673,ORD0041494,P0144,2024-11-04,1,Quality Issue
RET003674,ORD0041496,P0044,2023-02-02,3,Quality Issue
RET003675,ORD0041509,P0148,2024-01-08,1,Late Delivery
RET003676,ORD0041517,P0189,2024-10-06,1,Other
RET003677,ORD0041542,P0087,2024-06-05,1,Other
RET003678,ORD0041550,P0023,2023-02-05,1,Damaged in Transit
RET003679,ORD0041552,P0038,2023-03-13,3,Quality Issue
RET003680,ORD0041558,P0125,2023-06-17,1,Damaged in Transit
RET003681,ORD0041559,P0063,2023-06-24,4,Other
RET003682,ORD0041571,P0010,2024-04-01,4,Damaged in Transit
RET003683,ORD0041585,P0007,2023-03-15,1,Late Delivery
RET003684,ORD0041594,P0109,2023-07-05,3,Damaged in Transit
RET003685,ORD0041618,P0005,2023-08-23,1,Customer Changed Mind
RET003686,ORD0041630,P0112,2024-09-18,2,Wrong Item Delivered
RET003687,ORD0041637,P0146,2024-12-30,1,Quality Issue
RET003688,ORD0041641,P0189,2023-11-21,257,Customer Changed Mind
RET003689,ORD0041642,P0037,2023-12-17,66,Wrong Item Delivered
RET003690,ORD0041660,P0021,2023-05-25,1,Other
RET003691,ORD0041665,P0180,2023-09-15,1,Quality Issue
RET003692,ORD0041687,P0051,2023-05-01,1,Wrong Item Delivered
RET003693,ORD0041695,P0179,2023-09-10,1,Damaged in Transit
RET003694,ORD0041752,P0182,2024-04-01,1,Other
RET003695,ORD0041775,P0079,2023-05-13,3,Wrong Item Delivered
RET003696,ORD0041776,P0111,2023-05-28,3,Damaged in Transit
RET003697,ORD0041782,P0198,2024-01-16,1,Customer Changed Mind
RET003698,ORD0041787,P0022,2024-03-20,2,Late Delivery
RET003699,ORD0041790,P0003,2024-09-03,2,Late Delivery
RET003700,ORD0041814,P0111,2024-05-02,2,Damaged in Transit
RET003701,ORD0041839,P0142,2023-10-10,2,Quality Issue
RET003702,ORD0041840,P0065,2023-10-28,1,Quality Issue
RET003703,ORD0041857,P0057,2024-07-21,1,Late Delivery
RET003704,ORD0041869,P0139,2023-07-25,18,Customer Changed Mind
RET003705,ORD0041887,P0063,2023-12-22,3,Wrong Item Delivered
RET003706,ORD0041895,P0149,2024-09-12,2,Customer Changed Mind
RET003707,ORD0041903,P0050,2023-03-13,1,Wrong Item Delivered
RET003708,ORD0041911,P0012,2023-07-20,1,Customer Changed Mind
RET003709,ORD0041913,P0157,2023-08-28,1,Damaged in Transit
RET003710,ORD0041920,P0070,2023-12-11,1,Customer Changed Mind
RET003711,ORD0041920,P0036,2023-12-15,1,Late Delivery
RET003712,ORD0041942,P0169,2024-11-25,1,Late Delivery
RET003713,ORD0041943,P0015,2024-12-02,1,Late Delivery
RET003714,ORD0041946,P0191,2023-02-18,1,Other
RET003715,ORD0041950,P0004,2023-03-17,1,Quality Issue
RET003716,ORD0041951,P0068,2023-03-28,1,Late Delivery
RET003717,ORD0041956,P0047,2023-05-19,1,Customer Changed Mind
RET003718,ORD0041957,P0181,2023-06-22,1,Customer Changed Mind
RET003719,ORD0041984,P0145,2024-08-26,1,Wrong Item Delivered
RET003720,ORD0042003,P0028,2024-08-24,7,Quality Issue
RET003721,ORD0042007,P0115,2023-03-17,1,Quality Issue
RET003722,ORD0042010,P0001,2023-05-10,3,Customer Changed Mind
RET003723,ORD0042036,P0075,2023-06-22,1,Quality Issue
RET003724,ORD0042064,P0051,2024-08-05,2,Wrong Item Delivered
RET003725,ORD0042082,P0008,2023-08-02,2,Quality Issue
RET003726,ORD0042142,P0144,2024-08-12,1,Other
RET003727,ORD0042174,P0200,2023-11-02,1,Wrong Item Delivered
RET003728,ORD0042214,P0032,2024-06-21,1,Damaged in Transit
RET003729,ORD0042215,P0111,2024-07-14,1,Damaged in Transit
RET003730,ORD0042219,P0095,2024-10-11,2,Damaged in Transit
RET003731,ORD0042220,P0198,2024-11-01,1,Damaged in Transit
RET003732,ORD0042231,P0149,2023-12-10,40,Damaged in Transit
RET003733,ORD0042231,P0116,2023-12-11,78,Damaged in Transit
RET003734,ORD0042231,P0123,2023-12-09,308,Damaged in Transit
RET003735,ORD0042236,P0060,2024-07-12,147,Quality Issue
RET003736,ORD0042241,P0090,2023-02-15,1,Damaged in Transit
RET003737,ORD0042241,P0179,2023-02-19,1,Damaged in Transit
RET003738,ORD0042282,P0111,2023-06-04,1,Damaged in Transit
RET003739,ORD0042291,P0133,2023-12-17,2,Wrong Item Delivered
RET003740,ORD0042291,P0182,2023-12-19,1,Wrong Item Delivered
RET003741,ORD0042291,P0025,2023-12-26,1,Wrong Item Delivered
RET003742,ORD0042318,P0181,2023-05-04,1,Quality Issue
RET003743,ORD0042321,P0198,2023-05-30,1,Quality Issue
RET003744,ORD0042357,P0169,2023-04-04,2,Quality Issue
RET003745,ORD0042360,P0044,2023-04-13,1,Quality Issue
RET003746,ORD0042369,P0148,2023-08-16,1,Other
RET003747,ORD0042377,P0117,2024-02-24,1,Wrong Item Delivered
RET003748,ORD0042377,P0173,2024-02-24,1,Wrong Item Delivered
RET003749,ORD0042384,P0165,2024-05-09,1,Late Delivery
RET003750,ORD0042403,P0074,2023-04-29,1,Customer Changed Mind
RET003751,ORD0042424,P0183,2023-05-29,2,Customer Changed Mind
RET003752,ORD0042426,P0106,2023-08-18,1,Quality Issue
RET003753,ORD0042430,P0028,2023-09-05,2,Damaged in Transit
RET003754,ORD0042454,P0112,2024-12-10,1,Damaged in Transit
RET003755,ORD0042454,P0040,2024-12-05,3,Damaged in Transit
RET003756,ORD0042465,P0172,2023-09-16,1,Quality Issue
RET003757,ORD9999999,P0028,2023-12-05,2,Damaged in Transit
RET003758,ORD0042487,P0137,2024-09-18,1,Late Delivery
RET003759,ORD0042516,P0094,2023-06-27,1,Customer Changed Mind
RET003760,ORD0042525,P0053,2023-12-03,1,Wrong Item Delivered
RET003761,ORD0042526,P0039,2023-12-18,1,Damaged in Transit
RET003762,ORD0042526,P0129,2023-12-07,1,Damaged in Transit
RET003763,ORD0042532,P0195,2024-03-03,1,Wrong Item Delivered
RET003764,ORD0042551,P0001,2023-02-26,9,Quality Issue
RET003765,ORD0042559,P0005,2024-01-22,64,Quality Issue
RET003766,ORD0042579,P0107,2023-06-02,1,Customer Changed Mind
RET003767,ORD0042611,P0016,2023-02-18,2,Customer Changed Mind
RET003768,ORD0042615,P0170,2023-04-30,1,Customer Changed Mind
RET003769,ORD0042638,P0059,2024-04-18,1,Other
RET003770,ORD0042646,P0059,2024-06-27,2,Customer Changed Mind
RET003771,ORD0042667,P0050,2023-05-15,1,Wrong Item Delivered
RET003772,ORD0042674,P0151,2023-11-09,1,Quality Issue
RET003773,ORD0042679,P0109,2024-01-11,1,Quality Issue
RET003774,ORD0042683,P0152,2024-01-30,1,Customer Changed Mind
RET003775,ORD0042687,P0160,2024-04-26,1,Wrong Item Delivered
RET003776,ORD0042696,P0019,2024-08-22,1,Other
RET003777,ORD0042710,P0122,2023-04-05,1,Customer Changed Mind
RET003778,ORD0042711,P0107,2023-04-17,1,Quality Issue
RET003779,ORD0042719,P0077,2023-12-26,1,Late Delivery
RET003780,ORD0042727,P0056,2024-05-04,1,Customer Changed Mind
RET003781,ORD0042728,P0019,2024-04-30,1,Quality Issue
RET003782,ORD0042746,P0101,2023-02-14,1,Damaged in Transit
RET003783,ORD0042758,P0057,2023-10-10,1,Damaged in Transit
RET003784,ORD0042772,P0194,2024-03-07,1,Quality Issue
RET003785,ORD0042792,P0151,2023-07-26,1,Quality Issue
RET003786,ORD0042793,P0131,2023-07-24,1,Late Delivery
RET003787,ORD0042804,P0031,2024-01-11,1,Customer Changed Mind
RET003788,ORD0042805,P0051,2024-03-07,1,Quality Issue
RET003789,ORD0042817,P0025,2024-11-01,1,Customer Changed Mind
RET003790,ORD0042828,P0182,2023-05-20,1,Other
RET003791,ORD0042842,P0075,2024-05-21,2,Customer Changed Mind
RET003792,ORD0042856,P0058,2023-04-30,31,Customer Changed Mind
RET003793,ORD0042857,P0013,2023-06-11,76,Late Delivery
RET003794,ORD0042866,P0022,2024-05-30,258,Customer Changed Mind
RET003795,ORD0042905,P0175,2024-04-19,1,Quality Issue
RET003796,ORD0042916,P0165,2024-11-20,1,Late Delivery
RET003797,ORD0042918,P0109,2024-11-16,1,Quality Issue
RET003798,ORD0042934,P0113,2024-06-24,1,Wrong Item Delivered
RET003799,ORD0042939,P0037,2024-10-17,4,Customer Changed Mind
RET003800,ORD0042969,P0132,2024-10-16,2,Other
RET003801,ORD0042990,P0023,2024-05-17,2,Quality Issue
RET003802,ORD0042993,P0057,2024-05-28,1,Wrong Item Delivered
RET003803,ORD0042997,P0131,2024-07-30,1,Damaged in Transit
RET003804,ORD0043009,P0070,2023-02-11,2,Damaged in Transit
RET003805,ORD0043032,P0113,2023-05-01,1,Quality Issue
RET003806,ORD0043051,P0109,2024-06-01,2,Damaged in Transit
RET003807,ORD0043062,P0181,2023-07-01,193,Other
RET003808,ORD0043066,P0051,2024-05-03,119,Damaged in Transit
RET003809,ORD0043068,P0087,2024-08-24,213,Wrong Item Delivered
RET003810,ORD0043070,P0196,2023-03-05,18,Quality Issue
RET003811,ORD0043072,P0157,2023-04-16,3,Wrong Item Delivered
RET003812,ORD0043080,P0083,2024-04-16,7,Damaged in Transit
RET003813,ORD0043088,P0136,2023-07-27,139,Other
RET003814,ORD0043097,P0168,2024-10-16,25,Customer Changed Mind
RET003815,ORD0043100,P0010,2023-06-25,4,Late Delivery
RET003816,ORD0043113,P0007,2024-02-16,1,Quality Issue
RET003817,ORD0043140,P0038,2023-12-06,1,Damaged in Transit
RET003818,ORD0043164,P0068,2023-06-16,1,Damaged in Transit
RET003819,ORD0043181,P0172,2024-05-10,1,Customer Changed Mind
RET003820,ORD0043192,P0042,2024-10-26,1,Customer Changed Mind
RET003821,ORD0043195,P0032,2024-12-09,1,Damaged in Transit
RET003822,ORD0043201,P0147,2023-03-15,1,Customer Changed Mind
RET003823,ORD0043215,P0060,2024-06-11,1,Late Delivery
RET003824,ORD0043227,P0107,2024-11-04,3,Quality Issue
RET003825,ORD0043234,P0188,2023-02-16,1,Customer Changed Mind
RET003826,ORD0043259,P0131,2024-01-30,1,Other
RET003827,ORD0043287,P0028,2023-04-28,2,Customer Changed Mind
RET003828,ORD0043306,P0158,2024-10-09,1,Customer Changed Mind
RET003829,ORD0043317,P0125,2023-02-20,1,Wrong Item Delivered
RET003830,ORD0043333,P0154,2023-09-04,1,Wrong Item Delivered
RET003831,ORD0043346,P0123,2024-06-03,1,Wrong Item Delivered
RET003832,ORD0043354,P0079,2024-07-23,1,Customer Changed Mind
RET003833,ORD0043360,P0035,2024-12-10,1,Quality Issue
RET003834,ORD0043373,P0094,2024-02-14,1,Quality Issue
RET003835,ORD0043385,P0122,2024-12-21,2,Quality Issue
RET003836,ORD0043387,P0014,2024-12-16,2,Damaged in Transit
RET003837,ORD0043397,P0164,2023-07-13,1,Late Delivery
RET003838,ORD0043403,P0073,2023-09-02,1,Quality Issue
RET003839,ORD0043418,P0162,2024-04-28,1,Quality Issue
RET003840,ORD0043424,P0038,2024-08-24,2,Quality Issue
RET003841,ORD0043438,P0144,2023-06-25,1,Quality Issue
RET003842,ORD0043440,P0155,2023-07-29,1,Damaged in Transit
RET003843,ORD0043440,P0006,2023-07-21,2,Damaged in Transit
RET003844,ORD0043460,P0057,2024-09-19,5,Late Delivery
RET003845,ORD0043475,P0010,2024-03-17,23,Other
RET003846,ORD0043494,P0095,2023-09-24,1,Customer Changed Mind
RET003847,ORD0043496,P0133,2023-10-01,1,Other
RET003848,ORD0043530,P0042,2023-09-07,4,Late Delivery
RET003849,ORD0043553,P0050,2023-09-29,1,Customer Changed Mind
RET003850,ORD0043556,P0124,2023-10-29,3,Wrong Item Delivered
RET003851,ORD0043556,P0101,2023-10-23,4,Wrong Item Delivered
RET003852,ORD0043569,P0060,2024-07-25,3,Customer Changed Mind
RET003853,ORD0043593,P0146,2024-02-17,1,Wrong Item Delivered
RET003854,ORD0043599,P0187,2024-10-05,1,Quality Issue
RET003855,ORD0043602,P0022,2024-12-04,2,Customer Changed Mind
RET003856,ORD0043613,P0113,2023-07-06,1,Damaged in Transit
RET003857,ORD0043614,P0188,2023-07-10,1,Quality Issue
RET003858,ORD0043631,P0008,2024-02-05,1,Damaged in Transit
RET003859,ORD0043636,P0044,2024-04-01,1,Customer Changed Mind
RET003860,ORD0043652,P0089,2023-03-04,1,Wrong Item Delivered
RET003861,ORD0043661,P0068,2023-11-18,2,Customer Changed Mind
RET003862,ORD0043662,P0141,2023-12-11,4,Damaged in Transit
RET003863,ORD0043702,P0045,2024-02-11,1,Wrong Item Delivered
RET003864,ORD0043706,P0107,2024-04-23,1,Damaged in Transit
RET003865,ORD0043721,P0198,2023-03-19,1,Quality Issue
RET003866,ORD0043732,P0079,2023-12-11,2,Damaged in Transit
RET003867,ORD0043745,P0007,2023-01-22,1,Wrong Item Delivered
RET003868,ORD0043751,P0024,2023-04-24,1,Quality Issue
RET003869,ORD0043757,P0101,2023-07-25,1,Customer Changed Mind
RET003870,ORD0043766,P0119,2024-01-25,1,Quality Issue
RET003871,ORD0043776,P0021,2024-04-10,1,Customer Changed Mind
RET003872,ORD0043788,P0093,2024-11-21,1,Customer Changed Mind
RET003873,ORD0043791,P0078,2023-01-29,1,Wrong Item Delivered
RET003874,ORD0043795,P0185,2023-04-23,1,Damaged in Transit
RET003875,ORD0043795,P0137,2023-04-24,1,Damaged in Transit
RET003876,ORD0043799,P0037,2023-09-29,1,Quality Issue
RET003877,ORD0043811,P0122,2024-08-09,1,Quality Issue
RET003878,ORD0043813,P0106,2024-10-14,1,Damaged in Transit
RET003879,ORD0043813,P0191,2024-10-09,1,Damaged in Transit
RET003880,ORD0043813,P0035,2024-09-30,1,Damaged in Transit
RET003881,ORD0043821,P0015,2024-12-13,1,Customer Changed Mind
RET003882,ORD0043835,P0185,2023-06-11,1,Quality Issue
RET003883,ORD0043860,P0150,2024-09-12,1,Customer Changed Mind
RET003884,ORD0043862,P0020,2024-09-19,1,Late Delivery
RET003885,ORD0043876,P0077,2023-09-01,2,Quality Issue
RET003886,ORD0043877,P0161,2023-09-03,1,Customer Changed Mind
RET003887,ORD0043881,P0166,2023-10-18,1,Quality Issue
RET003888,ORD0043890,P0001,2024-02-02,1,Quality Issue
RET003889,ORD0043918,P0047,2023-06-26,1,Damaged in Transit
RET003890,ORD0043941,P0195,2023-04-12,3,Quality Issue
RET003891,ORD0043942,P0132,2023-04-11,1,Damaged in Transit
RET003892,ORD9999999,P0133,2023-08-23,1,Wrong Item Delivered
RET003893,ORD0043948,P0168,2023-08-06,2,Wrong Item Delivered
RET003894,ORD0043950,P0155,2023-11-15,4,Customer Changed Mind
RET003895,ORD0043963,P0072,2024-08-26,1,Customer Changed Mind
RET003896,ORD0043970,P0131,2024-12-24,1,Damaged in Transit
RET003897,ORD0043977,P0198,2023-05-02,1,Wrong Item Delivered
RET003898,ORD0043985,P0085,2023-08-04,1,Late Delivery
RET003899,ORD0043996,P0049,2023-10-27,1,Damaged in Transit
RET003900,ORD0044002,P0045,2024-02-28,1,Other
RET003901,ORD0044036,P0098,2024-04-16,3,Wrong Item Delivered
RET003902,ORD0044048,P0044,2023-12-25,172,Customer Changed Mind
RET003903,ORD0044064,P0146,2023-03-10,1,Customer Changed Mind
RET003904,ORD0044083,P0002,2024-05-25,1,Wrong Item Delivered
RET003905,ORD0044084,P0165,2024-06-14,1,Wrong Item Delivered
RET003906,ORD0044105,P0091,2024-02-02,3,Customer Changed Mind
RET003907,ORD0044118,P0183,2024-12-31,1,Customer Changed Mind
RET003908,ORD9999999,P0041,2023-09-04,1,Quality Issue
RET003909,ORD0044197,P0176,2024-01-16,3,Damaged in Transit
RET003910,ORD0044204,P0159,2024-05-15,1,Damaged in Transit
RET003911,ORD0044209,P0133,2024-08-05,1,Customer Changed Mind
RET003912,ORD0044213,P0089,2024-11-11,5,Wrong Item Delivered
RET003913,ORD0044223,P0165,2023-05-21,1,Customer Changed Mind
RET003914,ORD0044231,P0198,2023-12-04,1,Late Delivery
RET003915,ORD0044240,P0007,2024-04-02,1,Damaged in Transit
RET003916,ORD0044242,P0144,2024-05-04,1,Customer Changed Mind
RET003917,ORD0044274,P0124,2024-07-26,3,Late Delivery
RET003918,ORD0044277,P0063,2024-11-01,1,Customer Changed Mind
RET003919,ORD0044281,P0024,2024-12-20,1,Wrong Item Delivered
RET003920,ORD0044283,P0128,2023-03-28,2,Wrong Item Delivered
RET003921,ORD0044284,P0050,2023-04-14,2,Customer Changed Mind
RET003922,ORD0044295,P0121,2023-11-22,1,Late Delivery
RET003923,ORD0044318,P0139,2024-11-10,1,Customer Changed Mind
RET003924,ORD0044326,P0003,2023-05-23,1,Other
RET003925,ORD0044363,P0024,2024-02-25,1,Damaged in Transit
RET003926,ORD0044378,P0090,2024-12-30,1,Damaged in Transit
RET003927,ORD0044392,P0146,2023-06-19,1,Customer Changed Mind
RET003928,ORD0044401,P0114,2023-12-13,1,Other
RET003929,ORD0044408,P0180,2024-06-05,1,Wrong Item Delivered
RET003930,ORD0044413,P0116,2024-08-25,1,Damaged in Transit
RET003931,ORD0044413,P0109,2024-08-20,1,Damaged in Transit
RET003932,ORD0044428,P0137,2023-06-12,1,Wrong Item Delivered
RET003933,ORD0044445,P0167,2024-05-10,1,Damaged in Transit
RET003934,ORD0044445,P0024,2024-05-12,1,Damaged in Transit
RET003935,ORD0044463,P0001,2024-05-14,24,Customer Changed Mind
RET003936,ORD0044469,P0165,2024-11-27,8,Wrong Item Delivered
RET003937,ORD0044474,P0049,2023-03-15,17,Quality Issue
RET003938,ORD0044479,P0113,2023-09-19,51,Customer Changed Mind
RET003939,ORD0044482,P0032,2023-11-07,3,Quality Issue
RET003940,ORD0044512,P0085,2024-05-08,1,Other
RET003941,ORD0044531,P0123,2023-04-19,1,Other
RET003942,ORD0044542,P0032,2023-09-16,1,Damaged in Transit
RET003943,ORD0044556,P0168,2024-03-07,1,Damaged in Transit
RET003944,ORD0044559,P0040,2024-04-16,1,Damaged in Transit
RET003945,ORD0044576,P0047,2023-02-26,2,Customer Changed Mind
RET003946,ORD0044579,P0157,2023-06-01,1,Quality Issue
RET003947,ORD0044589,P0051,2023-10-25,1,Wrong Item Delivered
RET003948,ORD0044592,P0134,2023-12-07,1,Customer Changed Mind
RET003949,ORD0044623,P0122,2024-02-05,1,Quality Issue
RET003950,ORD0044637,P0148,2024-07-23,1,Damaged in Transit
RET003951,ORD0044643,P0001,2024-10-01,1,Wrong Item Delivered
RET003952,ORD0044645,P0174,2024-10-03,1,Damaged in Transit
RET003953,ORD0044658,P0195,2023-12-06,1,Late Delivery
RET003954,ORD0044660,P0100,2023-12-14,2,Damaged in Transit
RET003955,ORD0044672,P0048,2024-07-13,1,Damaged in Transit
RET003956,ORD0044675,P0132,2024-09-30,1,Wrong Item Delivered
RET003957,ORD0044684,P0095,2023-09-15,2,Customer Changed Mind
RET003958,ORD0044690,P0044,2024-02-25,2,Customer Changed Mind
RET003959,ORD0044701,P0172,2024-11-20,3,Quality Issue
RET003960,ORD0044734,P0146,2024-08-18,1,Wrong Item Delivered
RET003961,ORD0044753,P0149,2023-11-07,1,Customer Changed Mind
RET003962,ORD0044780,P0035,2024-10-16,1,Customer Changed Mind
RET003963,ORD0044788,P0106,2023-03-16,1,Customer Changed Mind
RET003964,ORD0044800,P0183,2023-10-11,1,Quality Issue
RET003965,ORD0044823,P0094,2023-03-11,1,Quality Issue
RET003966,ORD0044843,P0181,2024-02-19,1,Wrong Item Delivered
RET003967,ORD0044860,P0019,2023-06-09,3,Quality Issue
RET003968,ORD0044875,P0151,2024-07-31,6,Customer Changed Mind
RET003969,ORD0044884,P0127,2023-04-02,4,Damaged in Transit
RET003970,ORD0044901,P0095,2024-07-26,2,Late Delivery
RET003971,ORD0044909,P0175,2023-02-02,2,Damaged in Transit
RET003972,ORD0044914,P0146,2023-07-25,1,Late Delivery
RET003973,ORD0044928,P0152,2024-09-03,1,Damaged in Transit
RET003974,ORD0044937,P0149,2023-03-25,47,Quality Issue
RET003975,ORD0044943,P0049,2023-10-20,127,Customer Changed Mind
RET003976,ORD0044961,P0074,2024-02-02,1,Customer Changed Mind
RET003977,ORD0044964,P0034,2024-07-25,1,Damaged in Transit
RET003978,ORD0044972,P0131,2023-05-18,1,Wrong Item Delivered
RET003979,ORD0044982,P0079,2023-11-12,1,Wrong Item Delivered
RET003980,ORD0044989,P0137,2024-06-11,2,Customer Changed Mind
RET003981,ORD0044997,P0002,2023-02-15,4,Late Delivery
RET003982,ORD0045008,P0152,2024-01-24,1,Customer Changed Mind
RET003983,ORD0045010,P0036,2024-05-02,1,Damaged in Transit
RET003984,ORD0045012,P0126,2024-05-24,1,Customer Changed Mind
RET003985,ORD0045022,P0182,2023-05-16,1,Customer Changed Mind
RET003986,ORD0045022,P0181,2023-05-19,1,Quality Issue
RET003987,ORD0045027,P0034,2023-06-24,1,Customer Changed Mind
RET003988,ORD0045029,P0003,2023-07-28,1,Customer Changed Mind
RET003989,ORD0045087,P0031,2024-12-11,1,Damaged in Transit
RET003990,ORD0045093,P0165,2023-04-19,5,Damaged in Transit
RET003991,ORD0045096,P0049,2023-05-20,1,Quality Issue
RET003992,ORD0045098,P0090,2023-06-15,1,Damaged in Transit
RET003993,ORD0045098,P0053,2023-06-30,1,Damaged in Transit
RET003994,ORD0045100,P0106,2023-07-19,3,Customer Changed Mind
RET003995,ORD0045104,P0063,2024-01-27,3,Quality Issue
RET003996,ORD0045105,P0125,2024-02-06,1,Damaged in Transit
RET003997,ORD0045108,P0050,2024-04-23,2,Late Delivery
RET003998,ORD0045110,P0111,2024-06-17,1,Quality Issue
RET003999,ORD0045117,P0020,2024-11-16,4,Damaged in Transit
RET004000,ORD0045139,P0072,2024-06-08,1,Quality Issue
RET004001,ORD0045148,P0117,2024-11-27,1,Late Delivery
RET004002,ORD0045156,P0168,2023-02-15,2,Damaged in Transit
RET004003,ORD0045166,P0132,2023-10-30,1,Quality Issue
RET004004,ORD0045212,P0005,2024-11-04,1,Other
RET004005,ORD0045227,P0050,2023-05-05,1,Damaged in Transit
RET004006,ORD0045236,P0195,2023-11-04,2,Wrong Item Delivered
RET004007,ORD0045240,P0022,2023-12-14,1,Late Delivery
RET004008,ORD0045259,P0014,2024-08-14,1,Late Delivery
RET004009,ORD0045260,P0020,2024-08-22,1,Other
RET004010,ORD0045316,P0187,2023-07-15,2,Wrong Item Delivered
RET004011,ORD0045339,P0038,2023-02-18,1,Customer Changed Mind
RET004012,ORD0045344,P0007,2023-03-08,1,Late Delivery
RET004013,ORD0045356,P0038,2024-05-05,3,Late Delivery
RET004014,ORD0045362,P0162,2024-08-16,1,Late Delivery
RET004015,ORD0045369,P0104,2024-11-30,1,Quality Issue
RET004016,ORD0045396,P0110,2024-05-16,1,Quality Issue
RET004017,ORD0045397,P0115,2024-06-28,1,Wrong Item Delivered
RET004018,ORD0045401,P0145,2024-09-26,1,Damaged in Transit
RET004019,ORD0045410,P0164,2023-03-16,1,Damaged in Transit
RET004020,ORD0045411,P0114,2023-04-13,1,Quality Issue
RET004021,ORD0045443,P0015,2023-02-24,1,Customer Changed Mind
RET004022,ORD0045460,P0111,2023-09-25,1,Quality Issue
RET004023,ORD0045501,P0119,2023-10-07,2,Quality Issue
RET004024,ORD0045524,P0013,2024-10-22,1,Customer Changed Mind
RET004025,ORD0045527,P0042,2024-12-30,1,Wrong Item Delivered
RET004026,ORD0045538,P0195,2023-05-25,1,Quality Issue
RET004027,ORD0045543,P0157,2023-08-02,1,Damaged in Transit
RET004028,ORD0045548,P0196,2023-09-21,1,Customer Changed Mind
RET004029,ORD0045551,P0008,2023-10-18,2,Customer Changed Mind
RET004030,ORD0045553,P0156,2023-10-29,1,Late Delivery
RET004031,ORD0045558,P0113,2024-01-19,1,Late Delivery
RET004032,ORD0045560,P0162,2024-02-24,2,Customer Changed Mind
RET004033,ORD0045572,P0062,2024-10-01,1,Quality Issue
RET004034,ORD0045584,P0183,2023-06-12,1,Quality Issue
RET004035,ORD0045598,P0105,2024-01-18,1,Damaged in Transit
RET004036,ORD0045598,P0050,2024-01-20,1,Damaged in Transit
RET004037,ORD0045617,P0196,2024-12-02,1,Wrong Item Delivered
RET004038,ORD0045653,P0128,2023-03-18,10,Late Delivery
RET004039,ORD0045661,P0162,2023-11-22,49,Quality Issue
RET004040,ORD0045664,P0093,2024-03-18,24,Customer Changed Mind
RET004041,ORD0045676,P0082,2023-02-10,1,Damaged in Transit
RET004042,ORD0045688,P0126,2023-09-09,1,Wrong Item Delivered
RET004043,ORD0045700,P0031,2024-01-21,1,Wrong Item Delivered
RET004044,ORD0045705,P0047,2024-03-05,2,Customer Changed Mind
RET004045,ORD0045712,P0117,2024-09-14,1,Damaged in Transit
RET004046,ORD0045715,P0189,2024-10-25,1,Damaged in Transit
RET004047,ORD0045718,P0001,2024-11-11,2,Wrong Item Delivered
RET004048,ORD0045721,P0069,2024-12-13,1,Other
RET004049,ORD0045734,P0192,2024-08-25,283,Quality Issue
RET004050,ORD0045772,P0165,2024-12-23,2,Late Delivery
RET004051,ORD0045780,P0086,2023-05-26,3,Wrong Item Delivered
RET004052,ORD0045781,P0088,2023-06-01,1,Quality Issue
RET004053,ORD0045796,P0146,2024-04-01,2,Wrong Item Delivered
RET004054,ORD0045800,P0013,2024-08-15,1,Quality Issue
RET004055,ORD0045800,P0111,2024-08-20,1,Quality Issue
RET004056,ORD0045816,P0098,2024-02-23,2,Damaged in Transit
RET004057,ORD0045842,P0034,2023-10-22,1,Quality Issue
RET004058,ORD0045863,P0031,2024-08-18,1,Late Delivery
RET004059,ORD0045889,P0117,2024-07-14,5,Quality Issue
RET004060,ORD0045904,P0038,2024-05-19,10,Customer Changed Mind
RET004061,ORD0045906,P0036,2024-08-31,32,Wrong Item Delivered
RET004062,ORD0045907,P0012,2024-10-14,54,Customer Changed Mind
RET004063,ORD0045914,P0191,2023-04-30,2,Quality Issue
RET004064,ORD0045920,P0099,2024-01-16,1,Damaged in Transit
RET004065,ORD0045937,P0141,2023-12-22,58,Customer Changed Mind
RET004066,ORD0045981,P0134,2024-02-19,27,Wrong Item Delivered
RET004067,ORD0045992,P0083,2023-02-07,25,Customer Changed Mind
RET004068,ORD0046016,P0034,2023-02-12,1,Customer Changed Mind
RET004069,ORD0046032,P0137,2024-01-26,1,Quality Issue
RET004070,ORD0046036,P0091,2024-04-17,1,Customer Changed Mind
RET004071,ORD0046043,P0051,2024-08-09,1,Customer Changed Mind
RET004072,ORD0046053,P0088,2024-12-03,1,Wrong Item Delivered
RET004073,ORD0046064,P0116,2023-04-12,1,Customer Changed Mind
RET004074,ORD0046073,P0005,2023-10-06,1,Late Delivery
RET004075,ORD0046078,P0187,2024-02-08,1,Quality Issue
RET004076,ORD0046086,P0160,2024-04-24,2,Quality Issue
RET004077,ORD0046093,P0131,2024-08-09,2,Quality Issue
RET004078,ORD0046106,P0016,2023-04-19,1,Customer Changed Mind
RET004079,ORD0046117,P0095,2023-09-30,2,Quality Issue
RET004080,ORD0046132,P0074,2024-08-07,1,Late Delivery
RET004081,ORD0046135,P0123,2024-09-22,1,Wrong Item Delivered
RET004082,ORD0046146,P0159,2023-06-14,1,Wrong Item Delivered
RET004083,ORD0046150,P0050,2023-09-06,2,Late Delivery
RET004084,ORD0046159,P0158,2023-12-22,1,Late Delivery
RET004085,ORD0046162,P0077,2024-03-10,1,Wrong Item Delivered
RET004086,ORD0046167,P0053,2024-08-18,1,Customer Changed Mind
RET004087,ORD0046183,P0099,2023-10-21,1,Customer Changed Mind
RET004088,ORD0046202,P0103,2023-03-24,72,Damaged in Transit
RET004089,ORD0046208,P0094,2023-11-03,56,Wrong Item Delivered
RET004090,ORD0046214,P0095,2023-03-03,2,Customer Changed Mind
RET004091,ORD0046240,P0131,2024-07-06,1,Quality Issue
RET004092,ORD0046251,P0018,2024-12-05,1,Quality Issue
RET004093,ORD0046251,P0180,2024-11-25,1,Damaged in Transit
RET004094,ORD0046272,P0185,2023-11-03,1,Late Delivery
RET004095,ORD0046296,P0125,2023-05-01,1,Wrong Item Delivered
RET004096,ORD0046302,P0074,2023-09-09,1,Other
RET004097,ORD0046303,P0004,2023-09-11,1,Customer Changed Mind
RET004098,ORD0046310,P0157,2024-02-12,1,Wrong Item Delivered
RET004099,ORD0046314,P0152,2024-04-07,2,Wrong Item Delivered
RET004100,ORD0046319,P0117,2024-10-04,4,Wrong Item Delivered
RET004101,ORD0046324,P0115,2023-02-19,6,Customer Changed Mind
RET004102,ORD0046338,P0047,2024-03-06,16,Quality Issue
RET004103,ORD0046346,P0138,2024-09-07,18,Customer Changed Mind
RET004104,ORD0046364,P0075,2024-01-23,3,Customer Changed Mind
RET004105,ORD0046372,P0034,2024-08-31,1,Other
RET004106,ORD0046380,P0074,2024-01-11,142,Damaged in Transit
RET004107,ORD0046411,P0034,2024-03-14,2,Damaged in Transit
RET004108,ORD0046421,P0173,2024-09-06,1,Quality Issue
RET004109,ORD0046432,P0084,2023-01-21,1,Other
RET004110,ORD0046440,P0078,2023-07-03,1,Damaged in Transit
RET004111,ORD0046464,P0010,2024-09-05,1,Customer Changed Mind
RET004112,ORD0046476,P0019,2023-02-06,1,Customer Changed Mind
RET004113,ORD0046489,P0103,2023-10-31,1,Wrong Item Delivered
RET004114,ORD0046492,P0057,2024-01-04,1,Customer Changed Mind
RET004115,ORD0046500,P0111,2024-06-29,1,Damaged in Transit
RET004116,ORD0046525,P0109,2024-08-17,2,Customer Changed Mind
RET004117,ORD0046537,P0004,2023-08-19,2,Damaged in Transit
RET004118,ORD0046558,P0068,2024-10-30,1,Wrong Item Delivered
RET004119,ORD0046559,P0159,2024-11-17,5,Customer Changed Mind
RET004120,ORD0046560,P0106,2024-12-02,2,Wrong Item Delivered
RET004121,ORD0046572,P0112,2023-03-23,1,Customer Changed Mind
RET004122,ORD0046584,P0092,2023-10-05,1,Quality Issue
RET004123,ORD0046584,P0087,2023-10-13,1,Quality Issue
RET004124,ORD0046594,P0081,2024-03-23,1,Damaged in Transit
RET004125,ORD0046595,P0034,2024-04-21,1,Damaged in Transit
RET004126,ORD0046604,P0120,2024-10-14,2,Damaged in Transit
RET004127,ORD0046626,P0068,2024-03-03,1,Wrong Item Delivered
RET004128,ORD0046630,P0038,2024-05-16,1,Wrong Item Delivered
RET004129,ORD0046635,P0087,2024-08-24,1,Quality Issue
RET004130,ORD0046643,P0148,2024-12-22,2,Customer Changed Mind
RET004131,ORD0046685,P0132,2023-09-25,1,Wrong Item Delivered
RET004132,ORD0046708,P0174,2023-02-16,44,Other
RET004133,ORD0046718,P0137,2024-07-26,205,Customer Changed Mind
RET004134,ORD0046731,P0035,2023-05-16,1,Damaged in Transit
RET004135,ORD0046733,P0179,2023-07-08,1,Wrong Item Delivered
RET004136,ORD0046734,P0051,2023-07-18,1,Wrong Item Delivered
RET004137,ORD0046735,P0107,2023-07-21,1,Customer Changed Mind
RET004138,ORD0046780,P0073,2023-09-08,1,Customer Changed Mind
RET004139,ORD0046793,P0100,2024-04-12,1,Quality Issue
RET004140,ORD0046808,P0059,2023-04-11,1,Quality Issue
RET004141,ORD0046812,P0194,2023-09-24,2,Customer Changed Mind
RET004142,ORD0046889,P0006,2024-06-06,1,Damaged in Transit
RET004143,ORD0046894,P0055,2024-09-12,1,Customer Changed Mind
RET004144,ORD0046907,P0141,2023-04-18,2,Customer Changed Mind
RET004145,ORD0046913,P0009,2023-06-19,1,Wrong Item Delivered
RET004146,ORD0046938,P0168,2024-09-01,2,Quality Issue
RET004147,ORD0046985,P0159,2023-03-24,2,Wrong Item Delivered
RET004148,ORD0047013,P0110,2024-06-23,1,Quality Issue
RET004149,ORD0047042,P0122,2023-10-30,1,Other
RET004150,ORD0047043,P0129,2023-11-28,1,Wrong Item Delivered
RET004151,ORD0047047,P0083,2024-03-17,1,Late Delivery
RET004152,ORD0047057,P0118,2024-11-21,1,Wrong Item Delivered
RET004153,ORD0047069,P0034,2023-12-20,35,Damaged in Transit
RET004154,ORD0047089,P0103,2024-09-09,80,Damaged in Transit
RET004155,ORD0047093,P0109,2024-03-12,52,Customer Changed Mind
RET004156,ORD0047094,P0197,2024-03-16,35,Customer Changed Mind
RET004157,ORD0047100,P0014,2024-08-25,56,Wrong Item Delivered
RET004158,ORD0047117,P0073,2024-04-04,120,Other
RET004159,ORD0047132,P0114,2023-11-14,1,Customer Changed Mind
RET004160,ORD0047135,P0029,2024-02-07,1,Other
RET004161,ORD0047150,P0198,2023-04-19,2,Customer Changed Mind
RET004162,ORD0047151,P0071,2023-05-15,1,Quality Issue
RET004163,ORD0047167,P0010,2024-04-26,1,Damaged in Transit
RET004164,ORD0047182,P0132,2024-12-26,1,Wrong Item Delivered
RET004165,ORD0047185,P0059,2023-03-14,1,Quality Issue
RET004166,ORD0047189,P0150,2023-04-20,3,Customer Changed Mind
RET004167,ORD0047256,P0079,2024-05-20,1,Damaged in Transit
RET004168,ORD0047289,P0037,2024-05-03,2,Damaged in Transit
RET004169,ORD0047292,P0103,2024-08-05,1,Customer Changed Mind
RET004170,ORD0047332,P0150,2024-12-11,4,Wrong Item Delivered
RET004171,ORD0047358,P0180,2024-03-10,1,Damaged in Transit
RET004172,ORD9999999,P0194,2024-05-13,1,Customer Changed Mind
RET004173,ORD0047362,P0187,2024-08-13,1,Damaged in Transit
RET004174,ORD0047371,P0133,2023-03-05,3,Quality Issue
RET004175,ORD0047394,P0005,2024-11-15,1,Damaged in Transit
RET004176,ORD0047398,P0131,2023-09-02,23,Late Delivery
RET004177,ORD0047410,P0051,2023-02-21,1,Customer Changed Mind
RET004178,ORD0047414,P0078,2023-05-02,2,Damaged in Transit
RET004179,ORD0047419,P0183,2023-10-28,2,Other
RET004180,ORD0047428,P0162,2024-02-22,2,Quality Issue
RET004181,ORD0047432,P0085,2024-09-25,1,Damaged in Transit
RET004182,ORD0047434,P0128,2024-11-30,3,Late Delivery
RET004183,ORD0047446,P0187,2023-10-18,1,Late Delivery
RET004184,ORD0047447,P0002,2023-10-24,1,Wrong Item Delivered
RET004185,ORD0047479,P0071,2023-04-28,2,Quality Issue
RET004186,ORD0047479,P0032,2023-04-29,1,Late Delivery
RET004187,ORD0047492,P0028,2023-10-08,1,Quality Issue
RET004188,ORD0047499,P0109,2024-04-03,1,Wrong Item Delivered
RET004189,ORD0047499,P0094,2024-03-19,2,Wrong Item Delivered
RET004190,ORD0047523,P0094,2023-01-21,1,Damaged in Transit
RET004191,ORD0047529,P0182,2023-05-06,2,Customer Changed Mind
RET004192,ORD0047530,P0111,2023-05-12,1,Damaged in Transit
RET004193,ORD0047540,P0118,2023-11-05,1,Damaged in Transit
RET004194,ORD0047578,P0005,2023-09-07,1,Damaged in Transit
RET004195,ORD0047608,P0073,2023-06-16,1,Quality Issue
RET004196,ORD0047619,P0179,2024-03-16,2,Wrong Item Delivered
RET004197,ORD9999999,P0114,2023-04-30,1,Quality Issue
RET004198,ORD0047650,P0010,2023-11-06,1,Wrong Item Delivered
RET004199,ORD0047654,P0132,2024-02-29,1,Late Delivery
RET004200,ORD0047656,P0164,2024-03-14,1,Other
RET004201,ORD0047663,P0012,2024-07-03,2,Wrong Item Delivered
RET004202,ORD0047664,P0027,2024-07-09,1,Damaged in Transit
RET004203,ORD0047678,P0183,2023-01-22,1,Wrong Item Delivered
RET004204,ORD0047686,P0123,2023-07-19,1,Customer Changed Mind
RET004205,ORD0047703,P0074,2024-05-27,1,Quality Issue
RET004206,ORD0047706,P0184,2024-08-05,1,Damaged in Transit
RET004207,ORD0047718,P0013,2023-04-21,3,Quality Issue
RET004208,ORD0047731,P0164,2024-10-11,1,Quality Issue
RET004209,ORD0047732,P0046,2024-10-27,1,Damaged in Transit
RET004210,ORD0047733,P0036,2024-12-10,1,Quality Issue
RET004211,ORD9999999,P0032,2023-10-05,1,Damaged in Transit
RET004212,ORD0047786,P0096,2024-05-22,1,Customer Changed Mind
RET004213,ORD0047787,P0187,2024-06-24,1,Wrong Item Delivered
RET004214,ORD0047801,P0008,2023-02-07,1,Damaged in Transit
RET004215,ORD0047809,P0008,2023-06-16,1,Customer Changed Mind
RET004216,ORD0047820,P0115,2023-10-31,1,Customer Changed Mind
RET004217,ORD0047824,P0177,2024-03-16,2,Quality Issue
RET004218,ORD0047827,P0195,2024-04-01,1,Wrong Item Delivered
RET004219,ORD0047844,P0037,2024-12-11,1,Quality Issue
RET004220,ORD0047850,P0036,2023-04-25,9,Other
RET004221,ORD0047850,P0059,2023-05-05,38,Quality Issue
RET004222,ORD0047853,P0110,2023-11-21,3,Wrong Item Delivered
RET004223,ORD0047854,P0099,2023-12-08,11,Late Delivery
RET004224,ORD0047854,P0048,2023-12-05,3,Wrong Item Delivered
RET004225,ORD0047917,P0083,2023-11-08,1,Late Delivery
RET004226,ORD0047922,P0073,2024-04-30,1,Customer Changed Mind
RET004227,ORD0047931,P0157,2024-08-02,1,Late Delivery
RET004228,ORD0047936,P0111,2024-10-17,1,Customer Changed Mind
RET004229,ORD0047969,P0003,2024-12-17,1,Customer Changed Mind
RET004230,ORD0047981,P0181,2024-01-31,10,Damaged in Transit
RET004231,ORD0047987,P0099,2024-06-14,15,Other
RET004232,ORD0047990,P0194,2024-08-04,60,Customer Changed Mind
RET004233,ORD0048062,P0063,2023-08-29,1,Damaged in Transit
RET004234,ORD0048080,P0053,2024-11-29,4,Wrong Item Delivered
RET004235,ORD0048095,P0008,2023-10-11,1,Damaged in Transit
RET004236,ORD0048103,P0095,2024-05-01,4,Wrong Item Delivered
RET004237,ORD0048107,P0027,2024-09-12,5,Damaged in Transit
RET004238,ORD0048149,P0004,2024-08-05,50,Wrong Item Delivered
RET004239,ORD0048158,P0068,2023-03-05,1,Wrong Item Delivered
RET004240,ORD0048162,P0191,2023-06-01,1,Late Delivery
RET004241,ORD0048163,P0044,2023-07-06,1,Wrong Item Delivered
RET004242,ORD0048172,P0168,2023-11-25,1,Late Delivery
RET004243,ORD0048181,P0047,2024-07-03,2,Customer Changed Mind
RET004244,ORD0048278,P0107,2023-10-10,3,Quality Issue
RET004245,ORD0048294,P0088,2023-03-01,1,Wrong Item Delivered
RET004246,ORD0048303,P0195,2023-08-31,4,Quality Issue
RET004247,ORD0048317,P0061,2024-06-01,1,Quality Issue
RET004248,ORD0048326,P0160,2023-02-12,3,Customer Changed Mind
RET004249,ORD0048332,P0063,2023-05-11,1,Damaged in Transit
RET004250,ORD0048334,P0059,2023-08-17,2,Wrong Item Delivered
RET004251,ORD0048338,P0023,2023-10-09,1,Quality Issue
RET004252,ORD0048339,P0032,2023-10-18,3,Damaged in Transit
RET004253,ORD0048340,P0164,2024-01-03,2,Damaged in Transit
RET004254,ORD0048358,P0038,2023-02-03,2,Other
RET004255,ORD0048376,P0024,2024-03-19,5,Customer Changed Mind
RET004256,ORD0048391,P0162,2023-03-04,252,Wrong Item Delivered
RET004257,ORD0048400,P0010,2024-07-28,40,Wrong Item Delivered
RET004258,ORD0048414,P0026,2023-10-01,1,Other
RET004259,ORD0048419,P0132,2024-02-16,3,Late Delivery
RET004260,ORD0048423,P0079,2024-09-13,3,Wrong Item Delivered
RET004261,ORD0048424,P0169,2024-09-16,2,Wrong Item Delivered
RET004262,ORD0048447,P0149,2024-10-08,2,Quality Issue
RET004263,ORD0048467,P0115,2024-07-05,1,Damaged in Transit
RET004264,ORD0048482,P0162,2024-01-11,2,Damaged in Transit
RET004265,ORD0048482,P0030,2023-12-26,1,Damaged in Transit
RET004266,ORD0048511,P0037,2024-01-14,30,Wrong Item Delivered
RET004267,ORD0048517,P0090,2024-10-04,14,Customer Changed Mind
RET004268,ORD0048521,P0159,2023-02-24,1,Quality Issue
RET004269,ORD0048539,P0175,2024-01-23,2,Customer Changed Mind
RET004270,ORD0048553,P0043,2024-12-30,1,Wrong Item Delivered
RET004271,ORD0048556,P0181,2023-05-04,4,Customer Changed Mind
RET004272,ORD0048584,P0177,2023-01-24,3,Quality Issue
RET004273,ORD0048598,P0029,2024-05-28,1,Customer Changed Mind
RET004274,ORD0048611,P0129,2023-01-24,1,Damaged in Transit
RET004275,ORD0048618,P0101,2023-05-05,2,Wrong Item Delivered
RET004276,ORD0048636,P0133,2024-06-17,1,Wrong Item Delivered
RET004277,ORD0048638,P0104,2024-07-22,1,Wrong Item Delivered
RET004278,ORD0048652,P0057,2023-04-23,2,Quality Issue
RET004279,ORD0048662,P0038,2024-02-04,1,Customer Changed Mind
RET004280,ORD0048668,P0016,2024-06-11,1,Damaged in Transit
RET004281,ORD9999999,P0037,2024-11-28,1,Customer Changed Mind
RET004282,ORD0048728,P0147,2023-11-18,2,Quality Issue
RET004283,ORD0048738,P0105,2024-07-16,1,Wrong Item Delivered
RET004284,ORD0048756,P0131,2023-06-29,1,Quality Issue
RET004285,ORD0048761,P0196,2023-12-26,1,Customer Changed Mind
RET004286,ORD0048788,P0032,2023-10-25,1,Late Delivery
RET004287,ORD0048803,P0107,2023-02-16,2,Late Delivery
RET004288,ORD0048811,P0026,2023-08-21,1,Wrong Item Delivered
RET004289,ORD0048820,P0108,2024-05-03,2,Other
RET004290,ORD0048872,P0146,2024-04-14,1,Wrong Item Delivered
RET004291,ORD0048874,P0073,2024-06-15,2,Wrong Item Delivered
RET004292,ORD0048877,P0131,2024-10-17,1,Quality Issue
RET004293,ORD0048894,P0073,2023-10-03,3,Late Delivery
RET004294,ORD0048896,P0059,2023-12-25,1,Wrong Item Delivered
RET004295,ORD0048956,P0045,2023-09-29,3,Other
RET004296,ORD0048957,P0155,2023-09-27,4,Quality Issue
RET004297,ORD0048960,P0187,2023-12-03,1,Damaged in Transit
RET004298,ORD0048968,P0092,2024-04-13,1,Quality Issue
RET004299,ORD0048984,P0182,2023-04-04,3,Damaged in Transit
RET004300,ORD0048992,P0196,2023-08-11,1,Wrong Item Delivered
RET004301,ORD0049014,P0157,2023-03-10,1,Other
RET004302,ORD0049032,P0115,2023-12-21,2,Other
RET004303,ORD0049042,P0137,2024-06-11,1,Quality Issue
RET004304,ORD0049045,P0154,2024-09-17,2,Quality Issue
RET004305,ORD0049046,P0048,2024-09-30,1,Wrong Item Delivered
RET004306,ORD0049087,P0179,2023-06-03,1,Quality Issue
RET004307,ORD0049095,P0014,2024-02-15,1,Customer Changed Mind
RET004308,ORD0049101,P0101,2024-10-04,1,Damaged in Transit
RET004309,ORD0049109,P0057,2023-07-26,79,Damaged in Transit
RET004310,ORD0049122,P0111,2023-02-27,1,Quality Issue
RET004311,ORD0049124,P0124,2023-05-03,1,Quality Issue
RET004312,ORD0049131,P0027,2023-09-18,1,Damaged in Transit
RET004313,ORD0049156,P0019,2023-07-02,2,Customer Changed Mind
RET004314,ORD0049169,P0124,2023-12-21,2,Damaged in Transit
RET004315,ORD0049210,P0128,2024-05-09,1,Damaged in Transit
RET004316,ORD0049222,P0114,2024-09-20,1,Customer Changed Mind
RET004317,ORD0049223,P0122,2024-09-26,1,Damaged in Transit
RET004318,ORD0049242,P0169,2024-04-20,1,Late Delivery
RET004319,ORD0049251,P0165,2023-03-15,1,Customer Changed Mind
RET004320,ORD0049276,P0041,2024-03-01,1,Quality Issue
RET004321,ORD0049286,P0142,2024-10-29,1,Quality Issue
RET004322,ORD0049311,P0025,2023-12-11,1,Customer Changed Mind
RET004323,ORD0049332,P0111,2024-12-27,1,Customer Changed Mind
RET004324,ORD0049376,P0056,2024-11-07,1,Wrong Item Delivered
RET004325,ORD0049385,P0041,2023-05-02,1,Customer Changed Mind
RET004326,ORD0049395,P0057,2024-01-23,1,Quality Issue
RET004327,ORD0049407,P0147,2023-04-03,127,Late Delivery
RET004328,ORD0049413,P0194,2024-04-08,68,Customer Changed Mind
RET004329,ORD0049433,P0137,2023-12-24,1,Customer Changed Mind
RET004330,ORD0049459,P0189,2023-12-09,254,Quality Issue
RET004331,ORD0049475,P0141,2023-07-17,1,Damaged in Transit
RET004332,ORD0049477,P0007,2023-08-26,1,Damaged in Transit
RET004333,ORD0049547,P0090,2023-08-05,1,Quality Issue
RET004334,ORD0049547,P0113,2023-08-05,1,Other
RET004335,ORD0049563,P0058,2023-09-07,106,Other
RET004336,ORD0049570,P0180,2024-07-13,38,Damaged in Transit
RET004337,ORD0049581,P0036,2023-09-04,317,Damaged in Transit
RET004338,ORD0049582,P0016,2023-10-17,101,Quality Issue
RET004339,ORD0049593,P0045,2023-05-16,1,Quality Issue
RET004340,ORD0049598,P0172,2023-08-09,1,Other
RET004341,ORD0049626,P0170,2024-07-30,1,Customer Changed Mind
RET004342,ORD0049653,P0089,2023-10-15,2,Wrong Item Delivered
RET004343,ORD0049655,P0031,2023-12-13,1,Wrong Item Delivered
RET004344,ORD0049670,P0091,2024-07-11,1,Damaged in Transit
RET004345,ORD0049686,P0179,2023-06-12,1,Quality Issue
RET004346,ORD0049689,P0133,2023-08-18,1,Wrong Item Delivered
RET004347,ORD0049710,P0102,2024-10-06,1,Other
RET004348,ORD0049757,P0093,2023-04-14,2,Wrong Item Delivered
RET004349,ORD0049785,P0195,2024-06-24,1,Damaged in Transit
RET004350,ORD0049832,P0034,2023-12-26,28,Damaged in Transit
RET004351,ORD0049838,P0109,2024-07-25,167,Customer Changed Mind
RET004352,ORD0049840,P0036,2024-09-30,209,Quality Issue
RET004353,ORD0049846,P0173,2023-03-14,1,Damaged in Transit
RET004354,ORD0049862,P0050,2023-12-08,1,Customer Changed Mind
RET004355,ORD0049863,P0112,2023-12-04,2,Wrong Item Delivered
RET004356,ORD0049872,P0146,2024-06-25,1,Quality Issue
RET004357,ORD0049888,P0065,2023-04-01,31,Late Delivery
RET004358,ORD0049896,P0123,2023-08-13,3,Customer Changed Mind
RET004359,ORD0049898,P0157,2023-12-02,13,Customer Changed Mind
RET004360,ORD0049901,P0123,2024-03-06,25,Customer Changed Mind
RET004361,ORD0049940,P0194,2024-08-25,1,Wrong Item Delivered
RET004362,ORD0049942,P0023,2024-10-04,1,Quality Issue
RET004363,ORD0049958,P0036,2023-10-10,1,Late Delivery
RET004364,ORD0049961,P0123,2023-12-09,1,Quality Issue
RET004365,ORD0049975,P0032,2023-03-08,5,Other
RET004366,ORD0049986,P0196,2023-08-14,1,Damaged in Transit
RET004367,ORD0049987,P0037,2023-08-14,1,Customer Changed Mind
RET004368,ORD0050008,P0099,2023-06-11,39,Wrong Item Delivered
RET004369,ORD0050010,P0169,2023-12-28,19,Damaged in Transit
RET004370,ORD0050050,P0162,2024-05-14,1,Customer Changed Mind
RET004371,ORD0050055,P0049,2024-09-13,1,Customer Changed Mind
RET004372,ORD0050062,P0089,2024-11-25,1,Customer Changed Mind
RET004373,ORD0050092,P0051,2023-03-02,1,Wrong Item Delivered
RET004374,ORD0050101,P0019,2023-06-05,2,Damaged in Transit
RET004375,ORD0050104,P0136,2023-08-08,1,Customer Changed Mind
RET004376,ORD0050110,P0121,2023-10-07,1,Damaged in Transit
RET004377,ORD0050120,P0194,2024-03-05,1,Wrong Item Delivered
RET004378,ORD0050127,P0159,2024-08-13,1,Damaged in Transit
RET004379,ORD0050139,P0008,2023-06-07,2,Damaged in Transit
RET004380,ORD0050141,P0138,2023-10-19,1,Quality Issue
RET004381,ORD0050142,P0183,2023-10-19,1,Customer Changed Mind
RET004382,ORD0050148,P0073,2024-03-12,1,Customer Changed Mind
RET004383,ORD0050167,P0154,2023-05-22,1,Damaged in Transit
RET004384,ORD0050173,P0144,2023-10-20,1,Quality Issue
RET004385,ORD0050180,P0140,2024-02-07,1,Quality Issue
RET004386,ORD0050188,P0065,2024-07-04,2,Wrong Item Delivered
RET004387,ORD0050227,P0006,2024-10-01,1,Damaged in Transit
RET004388,ORD0050271,P0080,2024-04-27,1,Late Delivery
RET004389,ORD0050277,P0047,2024-08-26,1,Other
RET004390,ORD0050277,P0137,2024-08-14,1,Damaged in Transit
RET004391,ORD0050279,P0157,2024-10-05,1,Damaged in Transit
RET004392,ORD0050314,P0012,2024-08-27,1,Customer Changed Mind
RET004393,ORD0050337,P0025,2024-02-11,1,Wrong Item Delivered
RET004394,ORD0050353,P0099,2024-12-11,1,Wrong Item Delivered
RET004395,ORD0050357,P0184,2023-04-29,64,Customer Changed Mind
RET004396,ORD0050367,P0008,2024-05-04,10,Customer Changed Mind
RET004397,ORD0050378,P0167,2023-01-24,3,Late Delivery
RET004398,ORD0050380,P0053,2023-03-28,2,Wrong Item Delivered
RET004399,ORD0050382,P0005,2023-04-10,1,Wrong Item Delivered
RET004400,ORD0050384,P0015,2023-05-29,1,Customer Changed Mind
RET004401,ORD0050392,P0011,2023-11-16,4,Customer Changed Mind
RET004402,ORD0050403,P0016,2024-07-06,1,Wrong Item Delivered
RET004403,ORD0050405,P0028,2024-10-21,4,Customer Changed Mind
RET004404,ORD0050406,P0115,2024-12-03,1,Late Delivery
RET004405,ORD0050408,P0168,2024-12-19,1,Damaged in Transit
RET004406,ORD0050420,P0183,2023-05-15,1,Quality Issue
RET004407,ORD0050422,P0095,2023-05-31,1,Damaged in Transit
RET004408,ORD0050429,P0126,2023-09-05,1,Customer Changed Mind
RET004409,ORD0050433,P0028,2023-11-02,2,Damaged in Transit
RET004410,ORD0050437,P0074,2024-02-06,1,Quality Issue
RET004411,ORD0050441,P0123,2024-03-06,2,Wrong Item Delivered
RET004412,ORD0050442,P0005,2024-04-12,2,Other
RET004413,ORD0050450,P0135,2024-10-14,1,Damaged in Transit
RET004414,ORD0050464,P0082,2023-04-18,1,Late Delivery
RET004415,ORD0050465,P0200,2023-08-22,1,Quality Issue
RET004416,ORD0050474,P0065,2024-01-25,1,Quality Issue
RET004417,ORD0050495,P0125,2024-11-09,2,Wrong Item Delivered
RET004418,ORD0050509,P0198,2023-11-16,52,Wrong Item Delivered
RET004419,ORD0050519,P0164,2023-02-18,1,Quality Issue
RET004420,ORD0050544,P0036,2024-08-03,1,Quality Issue
RET004421,ORD0050549,P0083,2024-10-29,1,Damaged in Transit
RET004422,ORD0050558,P0023,2023-05-27,1,Customer Changed Mind
RET004423,ORD0050560,P0195,2023-10-07,1,Damaged in Transit
RET004424,ORD0050581,P0036,2023-06-26,1,Damaged in Transit
RET004425,ORD0050592,P0024,2023-12-06,1,Quality Issue
RET004426,ORD0050630,P0029,2024-06-17,1,Late Delivery
RET004427,ORD0050647,P0003,2023-04-20,1,Customer Changed Mind
RET004428,ORD0050655,P0129,2023-07-30,2,Other
RET004429,ORD0050657,P0064,2023-08-10,1,Damaged in Transit
RET004430,ORD0050667,P0043,2024-05-04,1,Wrong Item Delivered
RET004431,ORD0050669,P0085,2024-05-21,1,Wrong Item Delivered
RET004432,ORD0050690,P0136,2023-10-24,1,Other
RET004433,ORD0050704,P0166,2024-07-28,2,Customer Changed Mind
RET004434,ORD0050705,P0043,2024-09-26,1,Quality Issue
RET004435,ORD0050712,P0123,2023-02-13,1,Quality Issue
RET004436,ORD0050719,P0008,2023-04-30,1,Damaged in Transit
RET004437,ORD0050720,P0090,2023-05-22,1,Late Delivery
RET004438,ORD0050745,P0021,2024-10-30,1,Quality Issue
RET004439,ORD0050746,P0150,2024-10-29,2,Wrong Item Delivered
RET004440,ORD0050756,P0094,2023-07-04,3,Wrong Item Delivered
RET004441,ORD9999999,P0111,2023-09-25,4,Wrong Item Delivered
RET004442,ORD0050774,P0141,2024-07-05,3,Wrong Item Delivered
RET004443,ORD0050777,P0034,2024-10-31,3,Late Delivery
RET004444,ORD0050793,P0181,2024-04-09,3,Other
RET004445,ORD0050800,P0168,2024-07-06,4,Late Delivery
RET004446,ORD0050804,P0112,2024-11-10,3,Quality Issue
RET004447,ORD0050879,P0112,2023-10-24,1,Wrong Item Delivered
RET004448,ORD0050899,P0087,2024-05-08,1,Customer Changed Mind
RET004449,ORD0050915,P0036,2023-05-04,1,Customer Changed Mind
RET004450,ORD0050942,P0050,2024-12-03,4,Wrong Item Delivered
RET004451,ORD0050954,P0154,2024-04-06,10,Quality Issue
RET004452,ORD0050961,P0023,2024-09-23,42,Quality Issue
RET004453,ORD0050964,P0089,2024-12-03,10,Damaged in Transit
RET004454,ORD0050972,P0003,2023-07-10,27,Damaged in Transit
RET004455,ORD0050994,P0072,2023-09-02,1,Quality Issue
RET004456,ORD0051028,P0015,2023-08-30,1,Late Delivery
RET004457,ORD0051049,P0037,2023-11-06,2,Customer Changed Mind
RET004458,ORD0051049,P0093,2023-10-20,2,Late Delivery
RET004459,ORD0051070,P0021,2023-06-23,1,Wrong Item Delivered
RET004460,ORD0051071,P0114,2023-06-21,1,Damaged in Transit
RET004461,ORD0051074,P0068,2023-10-20,1,Quality Issue
RET004462,ORD0051078,P0152,2024-01-25,1,Late Delivery
RET004463,ORD0051094,P0123,2024-10-24,2,Other
RET004464,ORD0051099,P0083,2024-11-19,2,Other
RET004465,ORD0051105,P0012,2023-02-15,1,Quality Issue
RET004466,ORD0051113,P0065,2023-07-24,1,Damaged in Transit
RET004467,ORD0051117,P0007,2023-10-16,1,Damaged in Transit
RET004468,ORD0051136,P0084,2023-11-07,1,Other
RET004469,ORD0051141,P0135,2024-03-15,1,Wrong Item Delivered
RET004470,ORD0051144,P0141,2024-04-08,1,Wrong Item Delivered
RET004471,ORD0051153,P0166,2023-02-01,2,Customer Changed Mind
RET004472,ORD0051170,P0032,2023-09-23,2,Customer Changed Mind
RET004473,ORD0051173,P0103,2024-02-01,2,Damaged in Transit
RET004474,ORD0051178,P0023,2024-08-02,1,Damaged in Transit
RET004475,ORD0051180,P0079,2024-08-18,1,Customer Changed Mind
RET004476,ORD0051186,P0061,2024-11-25,2,Damaged in Transit
RET004477,ORD0051188,P0109,2023-02-02,1,Other
RET004478,ORD0051190,P0122,2023-03-13,1,Customer Changed Mind
RET004479,ORD0051192,P0093,2023-04-30,1,Damaged in Transit
RET004480,ORD0051201,P0044,2023-09-20,1,Damaged in Transit
RET004481,ORD0051209,P0048,2024-01-31,1,Damaged in Transit
RET004482,ORD0051239,P0008,2023-04-30,1,Customer Changed Mind
RET004483,ORD0051255,P0044,2024-03-22,1,Wrong Item Delivered
RET004484,ORD0051262,P0174,2024-10-07,1,Customer Changed Mind
RET004485,ORD0051266,P0072,2024-12-24,1,Customer Changed Mind
RET004486,ORD0051271,P0005,2023-06-19,1,Wrong Item Delivered
RET004487,ORD0051283,P0178,2024-04-07,4,Quality Issue
RET004488,ORD0051291,P0162,2024-10-13,1,Damaged in Transit
RET004489,ORD0051293,P0016,2024-12-19,1,Customer Changed Mind
RET004490,ORD0051323,P0016,2024-04-20,1,Quality Issue
RET004491,ORD0051339,P0093,2024-11-28,1,Quality Issue
RET004492,ORD0051348,P0141,2023-05-09,1,Customer Changed Mind
RET004493,ORD0051350,P0058,2023-07-21,2,Quality Issue
RET004494,ORD0051351,P0163,2023-09-24,1,Other
RET004495,ORD0051364,P0110,2024-07-24,3,Late Delivery
RET004496,ORD0051379,P0182,2023-09-16,4,Quality Issue
RET004497,ORD0051390,P0038,2024-07-26,3,Damaged in Transit
RET004498,ORD0051409,P0027,2023-06-02,2,Damaged in Transit
RET004499,ORD0051418,P0162,2023-12-05,1,Late Delivery
RET004500,ORD0051419,P0183,2023-12-19,1,Customer Changed Mind
RET004501,ORD0051437,P0001,2024-09-27,1,Other
RET004502,ORD0051456,P0044,2024-02-05,4,Late Delivery
RET004503,ORD0051471,P0109,2023-11-07,1,Late Delivery
RET004504,ORD0051481,P0186,2024-09-17,3,Damaged in Transit
RET004505,ORD0051525,P0137,2023-04-08,1,Wrong Item Delivered
RET004506,ORD0051547,P0165,2024-05-14,1,Damaged in Transit
RET004507,ORD0051548,P0016,2024-05-13,1,Wrong Item Delivered
RET004508,ORD0051549,P0067,2024-06-20,1,Customer Changed Mind
RET004509,ORD0051563,P0031,2023-04-01,1,Customer Changed Mind
RET004510,ORD0051565,P0155,2023-03-25,1,Other
RET004511,ORD0051578,P0058,2023-11-12,1,Wrong Item Delivered
RET004512,ORD0051593,P0131,2024-07-16,1,Damaged in Transit
RET004513,ORD0051612,P0087,2023-04-15,1,Other
RET004514,ORD0051633,P0019,2024-05-05,1,Quality Issue
RET004515,ORD0051651,P0045,2023-07-21,1,Wrong Item Delivered
RET004516,ORD0051665,P0112,2024-03-17,1,Damaged in Transit
RET004517,ORD0051676,P0187,2024-12-15,1,Quality Issue
RET004518,ORD0051714,P0060,2023-09-12,195,Late Delivery
RET004519,ORD9999999,P0196,2024-05-10,3,Wrong Item Delivered
RET004520,ORD0051729,P0079,2023-05-09,1,Customer Changed Mind
RET004521,ORD0051735,P0091,2023-07-20,2,Customer Changed Mind
RET004522,ORD0051746,P0022,2024-05-24,1,Quality Issue
RET004523,ORD0051746,P0025,2024-05-08,1,Quality Issue
RET004524,ORD0051761,P0185,2023-08-02,1,Customer Changed Mind
RET004525,ORD0051770,P0101,2024-02-03,1,Wrong Item Delivered
RET004526,ORD0051770,P0051,2024-02-17,1,Wrong Item Delivered
RET004527,ORD0051773,P0122,2024-06-04,4,Wrong Item Delivered
RET004528,ORD0051780,P0039,2024-10-19,2,Customer Changed Mind
RET004529,ORD0051797,P0021,2024-03-20,82,Damaged in Transit
RET004530,ORD0051805,P0020,2023-01-28,55,Customer Changed Mind
RET004531,ORD0051822,P0043,2024-06-19,14,Quality Issue
RET004532,ORD0051822,P0162,2024-06-22,12,Damaged in Transit
RET004533,ORD0051836,P0140,2023-10-13,1,Customer Changed Mind
RET004534,ORD0051874,P0047,2023-01-21,3,Late Delivery
RET004535,ORD0051885,P0156,2023-09-10,1,Wrong Item Delivered
RET004536,ORD0051885,P0188,2023-09-08,1,Customer Changed Mind
RET004537,ORD0051895,P0049,2024-03-31,3,Customer Changed Mind
RET004538,ORD0051918,P0030,2024-04-27,4,Quality Issue
RET004539,ORD0051930,P0127,2023-07-18,4,Late Delivery
RET004540,ORD0051946,P0135,2023-01-31,149,Customer Changed Mind
RET004541,ORD0051960,P0100,2024-04-29,13,Wrong Item Delivered
RET004542,ORD0051973,P0047,2024-02-04,266,Quality Issue
RET004543,ORD0051974,P0053,2024-02-24,31,Damaged in Transit
RET004544,ORD0051975,P0109,2024-07-12,2,Other
RET004545,ORD0051985,P0149,2023-06-06,1,Customer Changed Mind
RET004546,ORD0051990,P0094,2023-09-21,1,Wrong Item Delivered
RET004547,ORD0052005,P0024,2024-07-02,1,Customer Changed Mind
RET004548,ORD0052008,P0152,2024-10-04,1,Quality Issue
RET004549,ORD0052013,P0137,2024-12-31,1,Other
RET004550,ORD0052014,P0152,2023-02-02,1,Damaged in Transit
RET004551,ORD0052037,P0191,2024-08-12,2,Customer Changed Mind
RET004552,ORD0052052,P0047,2023-07-31,80,Customer Changed Mind
RET004553,ORD0052061,P0007,2024-08-14,73,Customer Changed Mind
RET004554,ORD0052074,P0181,2024-04-24,57,Damaged in Transit
RET004555,ORD0052075,P0027,2024-06-10,20,Late Delivery
RET004556,ORD0052089,P0148,2023-11-30,1,Damaged in Transit
RET004557,ORD0052090,P0051,2024-01-24,1,Damaged in Transit
RET004558,ORD0052147,P0104,2023-06-15,1,Damaged in Transit
RET004559,ORD0052155,P0144,2023-12-20,1,Wrong Item Delivered
RET004560,ORD0052193,P0001,2024-02-26,1,Wrong Item Delivered
RET004561,ORD0052200,P0192,2024-05-12,2,Quality Issue
RET004562,ORD0052201,P0049,2024-07-23,1,Damaged in Transit
RET004563,ORD0052208,P0066,2023-02-12,1,Customer Changed Mind
RET004564,ORD0052209,P0116,2023-02-17,1,Damaged in Transit
RET004565,ORD0052210,P0026,2023-03-27,1,Quality Issue
RET004566,ORD0052240,P0034,2023-03-10,3,Wrong Item Delivered
RET004567,ORD0052241,P0196,2023-03-19,1,Quality Issue
RET004568,ORD0052268,P0003,2023-06-13,1,Customer Changed Mind
RET004569,ORD0052283,P0008,2024-09-07,3,Late Delivery
RET004570,ORD0052301,P0191,2023-11-21,1,Damaged in Transit
RET004571,ORD0052302,P0170,2023-12-03,1,Other
RET004572,ORD0052307,P0159,2024-03-05,1,Wrong Item Delivered
RET004573,ORD0052326,P0149,2023-08-25,1,Wrong Item Delivered
RET004574,ORD0052327,P0108,2023-09-11,3,Customer Changed Mind
RET004575,ORD0052337,P0183,2024-01-05,1,Other
RET004576,ORD0052348,P0149,2024-12-20,1,Customer Changed Mind
RET004577,ORD0052358,P0007,2023-10-14,11,Quality Issue
RET004578,ORD0052361,P0074,2024-10-01,153,Quality Issue
RET004579,ORD0052368,P0136,2023-04-14,1,Damaged in Transit
RET004580,ORD0052378,P0087,2023-11-10,1,Wrong Item Delivered
RET004581,ORD0052390,P0169,2024-05-08,1,Customer Changed Mind
RET004582,ORD0052395,P0149,2024-09-04,1,Wrong Item Delivered
RET004583,ORD0052399,P0183,2024-10-07,1,Damaged in Transit
RET004584,ORD0052401,P0023,2024-11-10,1,Customer Changed Mind
RET004585,ORD0052404,P0125,2024-11-26,1,Wrong Item Delivered
RET004586,ORD0052456,P0170,2023-03-25,1,Damaged in Transit
RET004587,ORD0052477,P0137,2024-07-10,2,Customer Changed Mind
RET004588,ORD0052480,P0111,2024-09-15,3,Wrong Item Delivered
RET004589,ORD0052486,P0101,2023-02-02,1,Wrong Item Delivered
RET004590,ORD0052498,P0035,2024-03-15,1,Damaged in Transit
RET004591,ORD0052508,P0128,2023-01-28,1,Wrong Item Delivered
RET004592,ORD0052512,P0060,2023-07-06,1,Wrong Item Delivered
RET004593,ORD0052524,P0163,2024-03-18,1,Customer Changed Mind
RET004594,ORD0052527,P0032,2024-04-11,1,Wrong Item Delivered
RET004595,ORD0052534,P0053,2024-08-12,1,Wrong Item Delivered
RET004596,ORD0052572,P0195,2023-07-12,2,Customer Changed Mind
RET004597,ORD0052577,P0102,2023-09-25,1,Damaged in Transit
RET004598,ORD0052593,P0074,2024-03-29,1,Quality Issue
RET004599,ORD0052623,P0157,2024-01-07,1,Quality Issue
RET004600,ORD0052644,P0069,2023-05-11,2,Quality Issue
RET004601,ORD0052670,P0163,2024-04-20,3,Quality Issue
RET004602,ORD0052672,P0089,2024-09-01,19,Damaged in Transit
RET004603,ORD0052687,P0022,2023-08-23,1,Customer Changed Mind
RET004604,ORD0052692,P0130,2023-12-15,1,Quality Issue
RET004605,ORD0052698,P0183,2024-04-29,1,Late Delivery
RET004606,ORD0052705,P0015,2023-02-04,1,Wrong Item Delivered
RET004607,ORD0052723,P0028,2024-06-28,2,Other
RET004608,ORD0052731,P0087,2023-03-13,1,Damaged in Transit
RET004609,ORD0052743,P0029,2023-12-03,1,Customer Changed Mind
RET004610,ORD0052746,P0087,2023-12-17,1,Other
RET004611,ORD0052747,P0079,2024-01-29,1,Wrong Item Delivered
RET004612,ORD0052748,P0024,2024-02-25,1,Damaged in Transit
RET004613,ORD0052773,P0137,2023-07-05,1,Quality Issue
RET004614,ORD0052775,P0146,2023-08-11,1,Wrong Item Delivered
RET004615,ORD0052787,P0181,2024-03-14,5,Late Delivery
RET004616,ORD0052802,P0053,2023-02-21,1,Damaged in Transit
RET004617,ORD0052814,P0109,2023-08-22,1,Damaged in Transit
RET004618,ORD0052814,P0034,2023-08-14,1,Damaged in Transit
RET004619,ORD0052824,P0143,2024-04-17,1,Wrong Item Delivered
RET004620,ORD0052827,P0144,2024-05-03,1,Other
RET004621,ORD0052829,P0019,2024-05-28,1,Wrong Item Delivered
RET004622,ORD0052847,P0137,2024-12-29,2,Late Delivery
RET004623,ORD0052847,P0133,2024-12-21,1,Customer Changed Mind
RET004624,ORD0052851,P0078,2023-06-08,1,Customer Changed Mind
RET004625,ORD0052857,P0003,2023-08-09,1,Quality Issue
RET004626,ORD0052861,P0159,2023-11-10,2,Damaged in Transit
RET004627,ORD0052864,P0189,2024-01-06,1,Quality Issue
RET004628,ORD0052870,P0028,2024-06-16,1,Other
RET004629,ORD0052889,P0134,2023-10-19,1,Customer Changed Mind
RET004630,ORD9999999,P0033,2024-11-14,1,Other
RET004631,ORD0052918,P0117,2023-04-27,1,Wrong Item Delivered
RET004632,ORD0052918,P0024,2023-05-02,1,Wrong Item Delivered
RET004633,ORD0052926,P0094,2023-11-02,5,Quality Issue
RET004634,ORD0052950,P0027,2023-03-16,1,Wrong Item Delivered
RET004635,ORD0052978,P0144,2024-10-28,1,Damaged in Transit
RET004636,ORD0052989,P0195,2024-01-21,1,Wrong Item Delivered
RET004637,ORD0053002,P0131,2024-12-19,1,Quality Issue
RET004638,ORD0053004,P0004,2023-01-30,1,Quality Issue
RET004639,ORD0053009,P0198,2023-04-26,1,Damaged in Transit
RET004640,ORD0053016,P0029,2023-10-30,2,Damaged in Transit
RET004641,ORD0053016,P0026,2023-10-30,1,Damaged in Transit
RET004642,ORD0053029,P0108,2024-04-28,1,Quality Issue
RET004643,ORD0053035,P0198,2024-12-05,1,Damaged in Transit
RET004644,ORD0053037,P0039,2024-12-20,1,Customer Changed Mind
RET004645,ORD9999999,P0126,2023-08-30,1,Late Delivery
RET004646,ORD0053052,P0081,2023-12-14,1,Damaged in Transit
RET004647,ORD0053060,P0013,2024-06-11,4,Other
RET004648,ORD0053061,P0180,2024-06-30,1,Damaged in Transit
RET004649,ORD0053069,P0024,2024-12-16,1,Wrong Item Delivered
RET004650,ORD0053077,P0012,2023-04-23,1,Quality Issue
RET004651,ORD0053089,P0086,2024-01-04,1,Other
RET004652,ORD0053096,P0177,2024-04-27,1,Late Delivery
RET004653,ORD0053100,P0049,2024-06-08,2,Quality Issue
RET004654,ORD0053108,P0076,2024-09-04,1,Late Delivery
RET004655,ORD0053129,P0186,2024-02-12,1,Other
RET004656,ORD0053144,P0107,2024-12-03,4,Damaged in Transit
RET004657,ORD0053155,P0087,2023-06-21,1,Customer Changed Mind
RET004658,ORD0053156,P0074,2023-06-12,1,Customer Changed Mind
RET004659,ORD0053162,P0188,2023-09-10,1,Quality Issue
RET004660,ORD0053166,P0048,2023-11-01,1,Damaged in Transit
RET004661,ORD0053195,P0095,2023-04-22,1,Customer Changed Mind
RET004662,ORD0053214,P0106,2024-04-19,1,Wrong Item Delivered
RET004663,ORD0053215,P0182,2024-05-16,2,Damaged in Transit
RET004664,ORD0053215,P0132,2024-05-18,1,Damaged in Transit
RET004665,ORD0053227,P0013,2023-06-08,37,Wrong Item Delivered
RET004666,ORD0053228,P0003,2023-07-30,17,Customer Changed Mind
RET004667,ORD0053232,P0045,2023-11-14,11,Late Delivery
RET004668,ORD0053259,P0128,2024-01-04,3,Quality Issue
RET004669,ORD0053267,P0044,2024-10-08,4,Damaged in Transit
RET004670,ORD0053267,P0015,2024-10-14,1,Damaged in Transit
RET004671,ORD0053267,P0082,2024-10-07,1,Damaged in Transit
RET004672,ORD0053278,P0127,2023-08-17,2,Late Delivery
RET004673,ORD0053284,P0051,2024-03-02,1,Customer Changed Mind
RET004674,ORD0053297,P0198,2024-12-16,1,Damaged in Transit
RET004675,ORD0053301,P0076,2023-04-10,1,Customer Changed Mind
RET004676,ORD0053353,P0003,2024-09-01,1,Wrong Item Delivered
RET004677,ORD0053355,P0095,2024-10-20,1,Customer Changed Mind
RET004678,ORD0053358,P0023,2023-02-23,155,Quality Issue
RET004679,ORD0053363,P0122,2023-12-10,49,Wrong Item Delivered
RET004680,ORD0053369,P0082,2023-03-19,2,Customer Changed Mind
RET004681,ORD0053371,P0061,2023-04-23,2,Damaged in Transit
RET004682,ORD0053383,P0047,2024-02-01,1,Late Delivery
RET004683,ORD0053384,P0005,2024-02-19,1,Damaged in Transit
RET004684,ORD0053395,P0032,2024-06-20,1,Wrong Item Delivered
RET004685,ORD0053402,P0161,2024-09-07,1,Damaged in Transit
RET004686,ORD0053426,P0168,2024-10-07,1,Late Delivery
RET004687,ORD0053443,P0166,2023-09-06,1,Late Delivery
RET004688,ORD0053455,P0128,2024-09-02,1,Customer Changed Mind
RET004689,ORD0053484,P0088,2024-08-01,4,Quality Issue
RET004690,ORD0053509,P0165,2023-02-22,1,Wrong Item Delivered
RET004691,ORD0053525,P0124,2024-01-09,1,Damaged in Transit
RET004692,ORD0053537,P0085,2024-10-26,1,Other
RET004693,ORD0053561,P0146,2024-09-26,71,Late Delivery
RET004694,ORD0053565,P0024,2023-03-07,3,Other
RET004695,ORD0053566,P0181,2023-03-02,2,Customer Changed Mind
RET004696,ORD0053587,P0183,2024-05-02,2,Wrong Item Delivered
RET004697,ORD0053592,P0015,2024-10-25,4,Wrong Item Delivered
RET004698,ORD0053593,P0044,2024-11-03,1,Customer Changed Mind
RET004699,ORD0053594,P0125,2024-11-30,1,Quality Issue
RET004700,ORD0053595,P0020,2024-12-13,1,Damaged in Transit
RET004701,ORD0053611,P0087,2023-10-05,2,Quality Issue
RET004702,ORD0053615,P0047,2024-02-11,1,Other
RET004703,ORD0053642,P0054,2023-02-05,2,Damaged in Transit
RET004704,ORD0053672,P0100,2024-06-23,1,Quality Issue
RET004705,ORD0053673,P0149,2024-06-29,2,Other
RET004706,ORD0053675,P0079,2024-09-02,2,Customer Changed Mind
RET004707,ORD0053696,P0146,2024-03-09,1,Damaged in Transit
RET004708,ORD0053712,P0118,2023-05-18,1,Wrong Item Delivered
RET004709,ORD0053714,P0101,2023-07-19,1,Customer Changed Mind
RET004710,ORD0053725,P0155,2023-12-12,1,Damaged in Transit
RET004711,ORD0053729,P0148,2024-02-10,1,Late Delivery
RET004712,ORD0053737,P0200,2024-05-22,1,Late Delivery
RET004713,ORD0053748,P0050,2024-11-12,2,Damaged in Transit
RET004714,ORD0053749,P0058,2024-11-07,1,Damaged in Transit
RET004715,ORD0053758,P0027,2023-11-19,6,Customer Changed Mind
RET004716,ORD0053762,P0008,2024-01-17,27,Damaged in Transit
RET004717,ORD0053770,P0182,2023-02-09,2,Wrong Item Delivered
RET004718,ORD0053776,P0043,2023-05-31,1,Wrong Item Delivered
RET004719,ORD0053780,P0109,2023-08-05,1,Late Delivery
RET004720,ORD9999999,P0022,2023-08-03,1,Quality Issue
RET004721,ORD0053799,P0083,2024-10-19,1,Wrong Item Delivered
RET004722,ORD0053802,P0037,2024-10-24,1,Damaged in Transit
RET004723,ORD0053825,P0154,2024-03-21,1,Late Delivery
RET004724,ORD0053830,P0122,2024-07-25,1,Quality Issue
RET004725,ORD0053852,P0184,2023-04-02,2,Wrong Item Delivered
RET004726,ORD0053853,P0131,2023-04-07,1,Wrong Item Delivered
RET004727,ORD0053857,P0155,2023-07-16,1,Customer Changed Mind
RET004728,ORD0053861,P0198,2023-09-26,1,Wrong Item Delivered
RET004729,ORD0053866,P0083,2024-03-28,2,Damaged in Transit
RET004730,ORD0053866,P0054,2024-03-22,1,Damaged in Transit
RET004731,ORD0053871,P0031,2024-07-18,1,Damaged in Transit
RET004732,ORD0053882,P0029,2023-06-13,1,Wrong Item Delivered
RET004733,ORD0053897,P0137,2024-09-10,1,Damaged in Transit
RET004734,ORD0053897,P0129,2024-09-13,2,Damaged in Transit
RET004735,ORD0053897,P0185,2024-09-28,1,Damaged in Transit
RET004736,ORD0053912,P0195,2023-12-15,43,Quality Issue
RET004737,ORD0053929,P0148,2023-10-30,1,Quality Issue
RET004738,ORD0053995,P0012,2023-09-22,1,Customer Changed Mind
RET004739,ORD0054073,P0121,2023-07-25,1,Quality Issue
RET004740,ORD0054075,P0185,2023-09-10,1,Late Delivery
RET004741,ORD0054080,P0146,2023-12-08,2,Customer Changed Mind
RET004742,ORD0054082,P0170,2024-02-12,1,Customer Changed Mind
RET004743,ORD0054083,P0162,2024-01-24,1,Wrong Item Delivered
RET004744,ORD0054117,P0126,2024-01-01,1,Customer Changed Mind
RET004745,ORD0054119,P0068,2024-03-20,1,Wrong Item Delivered
RET004746,ORD0054122,P0024,2024-04-30,4,Quality Issue
RET004747,ORD0054135,P0031,2023-05-04,4,Damaged in Transit
RET004748,ORD0054135,P0005,2023-05-13,3,Damaged in Transit
RET004749,ORD0054135,P0125,2023-05-07,2,Damaged in Transit
RET004750,ORD0054136,P0083,2023-05-20,1,Customer Changed Mind
RET004751,ORD0054151,P0065,2024-03-18,1,Damaged in Transit
RET004752,ORD0054152,P0192,2024-04-15,3,Wrong Item Delivered
RET004753,ORD0054152,P0195,2024-04-02,4,Wrong Item Delivered
RET004754,ORD0054166,P0137,2023-05-11,227,Quality Issue
RET004755,ORD0054177,P0044,2023-02-21,2,Customer Changed Mind
RET004756,ORD0054187,P0078,2024-01-14,1,Quality Issue
RET004757,ORD0054190,P0005,2024-04-01,3,Late Delivery
RET004758,ORD0054196,P0124,2024-12-26,1,Damaged in Transit
RET004759,ORD0054209,P0034,2023-09-24,1,Customer Changed Mind
RET004760,ORD0054230,P0035,2023-02-23,2,Customer Changed Mind
RET004761,ORD0054242,P0083,2023-07-20,1,Wrong Item Delivered
RET004762,ORD0054242,P0105,2023-07-18,1,Wrong Item Delivered
RET004763,ORD0054266,P0116,2024-10-30,1,Wrong Item Delivered
RET004764,ORD0054331,P0165,2023-09-06,1,Quality Issue
RET004765,ORD0054334,P0185,2024-01-11,1,Damaged in Transit
RET004766,ORD0054344,P0031,2023-04-10,16,Quality Issue
RET004767,ORD0054346,P0022,2023-05-27,21,Other
RET004768,ORD0054346,P0093,2023-05-19,25,Customer Changed Mind
RET004769,ORD0054352,P0005,2023-09-25,18,Other
RET004770,ORD0054359,P0142,2024-04-20,10,Damaged in Transit
RET004771,ORD0054397,P0063,2023-12-16,4,Customer Changed Mind
RET004772,ORD0054415,P0068,2023-04-13,1,Damaged in Transit
RET004773,ORD0054425,P0117,2023-12-15,2,Quality Issue
RET004774,ORD0054428,P0031,2024-04-09,1,Damaged in Transit
RET004775,ORD0054456,P0008,2024-02-25,1,Late Delivery
RET004776,ORD0054471,P0180,2024-11-16,1,Damaged in Transit
RET004777,ORD0054480,P0116,2023-09-17,1,Customer Changed Mind
RET004778,ORD0054484,P0004,2023-11-04,1,Damaged in Transit
RET004779,ORD0054484,P0061,2023-11-03,1,Damaged in Transit
RET004780,ORD0054501,P0029,2023-07-06,3,Customer Changed Mind
RET004781,ORD0054519,P0098,2024-11-25,11,Customer Changed Mind
RET004782,ORD0054529,P0131,2024-02-12,5,Customer Changed Mind
RET004783,ORD0054534,P0091,2024-10-27,86,Quality Issue
RET004784,ORD0054539,P0064,2023-04-21,72,Customer Changed Mind
RET004785,ORD0054541,P0134,2023-05-06,126,Damaged in Transit
RET004786,ORD0054573,P0080,2024-02-13,1,Late Delivery
RET004787,ORD0054613,P0026,2023-07-08,1,Quality Issue
RET004788,ORD0054620,P0188,2023-10-30,1,Other
RET004789,ORD0054638,P0149,2024-07-08,2,Damaged in Transit
RET004790,ORD0054645,P0159,2024-10-01,1,Wrong Item Delivered
RET004791,ORD0054647,P0078,2024-10-14,1,Other
RET004792,ORD0054653,P0200,2023-03-08,2,Customer Changed Mind
RET004793,ORD0054674,P0016,2024-05-22,1,Damaged in Transit
RET004794,ORD0054678,P0059,2024-09-21,1,Damaged in Transit
RET004795,ORD0054679,P0187,2024-09-24,2,Quality Issue
RET004796,ORD0054682,P0001,2024-11-29,1,Customer Changed Mind
RET004797,ORD0054684,P0010,2024-12-04,2,Damaged in Transit
RET004798,ORD0054694,P0165,2023-03-24,1,Other
RET004799,ORD9999999,P0112,2024-05-30,1,Quality Issue
RET004800,ORD0054717,P0165,2024-06-11,1,Quality Issue
RET004801,ORD0054734,P0043,2023-01-23,1,Damaged in Transit
RET004802,ORD0054745,P0177,2023-07-16,1,Customer Changed Mind
RET004803,ORD0054746,P0034,2023-07-26,1,Quality Issue
RET004804,ORD0054764,P0123,2024-10-05,2,Quality Issue
RET004805,ORD0054766,P0047,2023-01-25,4,Wrong Item Delivered
RET004806,ORD0054779,P0056,2024-04-13,22,Damaged in Transit
RET004807,ORD0054779,P0025,2024-04-24,66,Damaged in Transit
RET004808,ORD0054782,P0068,2024-10-02,17,Damaged in Transit
RET004809,ORD0054782,P0088,2024-10-09,2,Damaged in Transit
RET004810,ORD0054786,P0123,2023-01-23,1,Wrong Item Delivered
RET004811,ORD0054808,P0082,2024-04-08,1,Customer Changed Mind
RET004812,ORD0054831,P0187,2023-04-21,1,Customer Changed Mind
RET004813,ORD0054883,P0159,2023-08-17,2,Quality Issue
RET004814,ORD0054886,P0176,2023-10-31,2,Customer Changed Mind
RET004815,ORD0054930,P0183,2024-07-01,1,Damaged in Transit
RET004816,ORD0054942,P0083,2023-04-10,1,Customer Changed Mind
RET004817,ORD0054943,P0010,2023-05-05,1,Damaged in Transit
RET004818,ORD0054951,P0196,2023-08-30,1,Other
RET004819,ORD0054958,P0143,2024-04-21,3,Other
RET004820,ORD0054970,P0004,2023-02-10,1,Damaged in Transit
RET004821,ORD0054980,P0058,2023-10-13,2,Customer Changed Mind
RET004822,ORD0055006,P0145,2023-04-18,112,Customer Changed Mind
RET004823,ORD0055014,P0065,2023-01-17,24,Damaged in Transit
RET004824,ORD0055015,P0099,2023-02-03,189,Other
RET004825,ORD0055035,P0087,2023-06-20,1,Wrong Item Delivered
RET004826,ORD0055064,P0043,2024-09-06,1,Customer Changed Mind
RET004827,ORD0055066,P0051,2024-11-15,1,Customer Changed Mind
RET004828,ORD0055072,P0107,2023-01-16,2,Quality Issue
RET004829,ORD0055103,P0036,2024-07-02,1,Wrong Item Delivered
RET004830,ORD0055140,P0079,2023-07-15,1,Quality Issue
RET004831,ORD0055141,P0198,2023-10-17,1,Damaged in Transit
RET004832,ORD0055143,P0107,2023-11-16,3,Wrong Item Delivered
RET004833,ORD0055157,P0095,2024-07-28,1,Damaged in Transit
RET004834,ORD0055157,P0085,2024-08-11,2,Damaged in Transit
RET004835,ORD0055172,P0124,2023-04-26,1,Customer Changed Mind
RET004836,ORD0055174,P0084,2023-05-14,1,Damaged in Transit
RET004837,ORD0055178,P0001,2023-06-22,1,Customer Changed Mind
RET004838,ORD0055179,P0016,2023-07-04,1,Damaged in Transit
RET004839,ORD0055190,P0183,2023-12-22,1,Damaged in Transit
RET004840,ORD0055194,P0084,2024-02-10,1,Quality Issue
RET004841,ORD0055201,P0031,2024-05-31,1,Damaged in Transit
RET004842,ORD0055258,P0034,2024-06-11,1,Customer Changed Mind
RET004843,ORD0055259,P0060,2024-06-30,1,Late Delivery
RET004844,ORD0055261,P0039,2024-09-14,1,Late Delivery
RET004845,ORD0055286,P0024,2024-09-11,1,Customer Changed Mind
RET004846,ORD0055358,P0019,2024-06-29,1,Other
RET004847,ORD0055377,P0091,2023-10-26,2,Customer Changed Mind
RET004848,ORD0055398,P0111,2023-06-09,2,Quality Issue
RET004849,ORD0055404,P0157,2023-09-15,1,Quality Issue
RET004850,ORD0055415,P0179,2024-01-04,1,Quality Issue
RET004851,ORD0055424,P0085,2024-05-09,1,Quality Issue
RET004852,ORD0055432,P0131,2024-08-22,1,Damaged in Transit
RET004853,ORD0055439,P0148,2024-11-03,1,Wrong Item Delivered
RET004854,ORD0055461,P0131,2024-02-26,1,Late Delivery
RET004855,ORD0055468,P0043,2024-08-15,2,Quality Issue
RET004856,ORD0055476,P0049,2023-02-16,47,Quality Issue
RET004857,ORD0055489,P0032,2024-10-07,25,Customer Changed Mind
RET004858,ORD0055512,P0129,2024-03-21,1,Late Delivery
RET004859,ORD0055530,P0131,2023-03-23,1,Late Delivery
RET004860,ORD0055542,P0126,2024-02-01,1,Late Delivery
RET004861,ORD0055553,P0131,2024-06-02,2,Damaged in Transit
RET004862,ORD0055553,P0179,2024-06-06,1,Damaged in Transit
RET004863,ORD0055564,P0148,2024-10-17,1,Customer Changed Mind
RET004864,ORD0055565,P0068,2024-11-04,1,Wrong Item Delivered
RET004865,ORD0055575,P0013,2023-08-08,130,Late Delivery
RET004866,ORD0055594,P0132,2023-09-09,2,Customer Changed Mind
RET004867,ORD0055601,P0090,2023-11-24,1,Quality Issue
RET004868,ORD0055602,P0053,2023-12-16,1,Other
RET004869,ORD0055605,P0159,2024-05-10,1,Wrong Item Delivered
RET004870,ORD0055607,P0141,2024-06-22,1,Damaged in Transit
RET004871,ORD0055609,P0105,2024-08-04,1,Wrong Item Delivered
RET004872,ORD0055614,P0181,2024-10-22,1,Late Delivery
RET004873,ORD0055623,P0048,2023-05-16,2,Damaged in Transit
RET004874,ORD0055623,P0051,2023-05-30,4,Damaged in Transit
RET004875,ORD0055628,P0088,2023-11-22,1,Damaged in Transit
RET004876,ORD0055635,P0192,2024-05-10,3,Wrong Item Delivered
RET004877,ORD0055646,P0052,2023-04-16,119,Customer Changed Mind
RET004878,ORD0055648,P0036,2023-08-27,110,Quality Issue
RET004879,ORD0055655,P0057,2024-07-28,190,Wrong Item Delivered
RET004880,ORD0055656,P0194,2024-08-21,309,Wrong Item Delivered
RET004881,ORD0055661,P0036,2023-03-17,43,Quality Issue
RET004882,ORD0055672,P0098,2024-04-30,40,Quality Issue
RET004883,ORD0055709,P0005,2024-11-11,1,Damaged in Transit
RET004884,ORD0055719,P0142,2023-05-26,1,Damaged in Transit
RET004885,ORD0055742,P0143,2024-05-28,1,Damaged in Transit
RET004886,ORD0055742,P0135,2024-05-23,1,Damaged in Transit
RET004887,ORD0055769,P0126,2024-01-31,1,Damaged in Transit
RET004888,ORD0055772,P0083,2024-03-22,2,Late Delivery
RET004889,ORD0055779,P0174,2024-07-18,1,Quality Issue
RET004890,ORD0055791,P0074,2023-02-08,5,Wrong Item Delivered
RET004891,ORD0055802,P0048,2023-10-22,4,Damaged in Transit
RET004892,ORD0055804,P0048,2023-12-09,39,Late Delivery
RET004893,ORD0055805,P0032,2024-05-15,1,Wrong Item Delivered
RET004894,ORD0055807,P0107,2024-06-23,23,Damaged in Transit
RET004895,ORD0055809,P0143,2024-12-17,26,Customer Changed Mind
RET004896,ORD0055814,P0011,2023-04-02,1,Customer Changed Mind
RET004897,ORD0055837,P0048,2024-03-02,1,Damaged in Transit
RET004898,ORD0055863,P0049,2023-06-30,1,Customer Changed Mind
RET004899,ORD0055876,P0156,2023-12-08,2,Other
RET004900,ORD0055890,P0185,2024-08-24,1,Customer Changed Mind
RET004901,ORD0055906,P0140,2023-05-19,1,Customer Changed Mind
RET004902,ORD0055912,P0179,2023-07-27,2,Customer Changed Mind
RET004903,ORD0055923,P0026,2023-10-28,2,Damaged in Transit
RET004904,ORD0055943,P0062,2024-08-26,2,Customer Changed Mind
RET004905,ORD0055948,P0191,2023-03-06,1,Late Delivery
RET004906,ORD0055948,P0064,2023-02-20,1,Wrong Item Delivered
RET004907,ORD0055952,P0182,2023-05-11,1,Damaged in Transit
RET004908,ORD0055990,P0012,2024-11-21,1,Customer Changed Mind
RET004909,ORD0056003,P0087,2023-06-20,1,Wrong Item Delivered
RET004910,ORD0056010,P0095,2024-01-08,1,Other
RET004911,ORD0056048,P0198,2024-07-08,3,Damaged in Transit
RET004912,ORD0056056,P0185,2023-02-26,3,Customer Changed Mind
RET004913,ORD0056062,P0177,2023-06-05,1,Customer Changed Mind
RET004914,ORD0056088,P0162,2023-04-10,2,Damaged in Transit
RET004915,ORD0056089,P0021,2023-05-04,1,Quality Issue
RET004916,ORD0056099,P0050,2023-10-08,1,Wrong Item Delivered
RET004917,ORD0056107,P0132,2024-06-25,1,Customer Changed Mind
RET004918,ORD0056111,P0137,2024-09-26,2,Wrong Item Delivered
RET004919,ORD0056116,P0021,2023-03-20,1,Late Delivery
RET004920,ORD0056120,P0110,2023-03-24,1,Late Delivery
RET004921,ORD0056128,P0076,2023-08-10,1,Late Delivery
RET004922,ORD0056153,P0115,2024-11-13,1,Late Delivery
RET004923,ORD0056170,P0082,2023-07-04,1,Wrong Item Delivered
RET004924,ORD0056170,P0027,2023-07-06,2,Wrong Item Delivered
RET004925,ORD0056173,P0125,2023-07-12,1,Damaged in Transit
RET004926,ORD0056181,P0005,2024-03-19,1,Damaged in Transit
RET004927,ORD0056182,P0187,2024-04-05,1,Damaged in Transit
RET004928,ORD0056184,P0186,2024-06-19,1,Quality Issue
RET004929,ORD0056193,P0029,2023-01-08,2,Wrong Item Delivered
RET004930,ORD0056203,P0122,2023-04-15,1,Damaged in Transit
RET004931,ORD0056215,P0099,2023-10-20,1,Damaged in Transit
RET004932,ORD0056216,P0111,2023-10-25,2,Late Delivery
RET004933,ORD0056224,P0031,2024-04-16,1,Wrong Item Delivered
RET004934,ORD0056295,P0003,2023-04-07,25,Wrong Item Delivered
RET004935,ORD0056297,P0036,2023-08-22,9,Customer Changed Mind
RET004936,ORD0056303,P0147,2024-07-05,16,Wrong Item Delivered
RET004937,ORD0056323,P0045,2023-11-05,1,Wrong Item Delivered
RET004938,ORD0056355,P0015,2024-03-12,3,Quality Issue
RET004939,ORD0056370,P0101,2024-12-20,2,Wrong Item Delivered
RET004940,ORD0056371,P0067,2023-02-18,1,Quality Issue
RET004941,ORD0056378,P0005,2023-08-05,1,Other
RET004942,ORD0056404,P0125,2024-12-16,1,Other
RET004943,ORD0056408,P0031,2023-01-29,1,Quality Issue
RET004944,ORD0056409,P0131,2023-03-23,1,Quality Issue
RET004945,ORD0056450,P0106,2023-05-21,1,Wrong Item Delivered
RET004946,ORD0056481,P0037,2023-08-24,1,Other
RET004947,ORD0056487,P0134,2023-12-30,1,Other
RET004948,ORD0056498,P0049,2024-04-06,1,Wrong Item Delivered
RET004949,ORD0056502,P0078,2024-06-16,1,Late Delivery
RET004950,ORD0056507,P0111,2024-09-12,1,Customer Changed Mind
RET004951,ORD0056518,P0179,2023-02-12,349,Quality Issue
RET004952,ORD0056528,P0195,2024-09-05,190,Customer Changed Mind
RET004953,ORD0056541,P0113,2024-01-29,1,Wrong Item Delivered
RET004954,ORD0056575,P0188,2024-09-09,1,Damaged in Transit
RET004955,ORD0056577,P0134,2024-10-10,1,Wrong Item Delivered
RET004956,ORD0056609,P0026,2024-03-03,1,Customer Changed Mind
RET004957,ORD0056629,P0028,2023-05-13,1,Wrong Item Delivered
RET004958,ORD0056630,P0050,2023-05-28,1,Customer Changed Mind
RET004959,ORD0056634,P0060,2023-10-14,1,Quality Issue
RET004960,ORD0056639,P0129,2024-04-22,1,Late Delivery
RET004961,ORD0056642,P0052,2024-05-28,1,Customer Changed Mind
RET004962,ORD0056652,P0044,2024-09-22,4,Wrong Item Delivered
RET004963,ORD0056656,P0049,2024-12-16,3,Wrong Item Delivered
RET004964,ORD0056668,P0082,2023-09-26,3,Late Delivery
RET004965,ORD0056668,P0198,2023-09-21,20,Quality Issue
RET004966,ORD0056672,P0162,2024-02-08,35,Wrong Item Delivered
RET004967,ORD0056732,P0023,2023-07-26,68,Damaged in Transit
RET004968,ORD0056745,P0027,2023-08-07,1,Damaged in Transit
RET004969,ORD0056748,P0127,2023-10-26,1,Quality Issue
RET004970,ORD0056749,P0064,2023-10-21,4,Late Delivery
RET004971,ORD0056767,P0162,2023-12-24,31,Customer Changed Mind
RET004972,ORD0056768,P0029,2024-01-09,15,Damaged in Transit
RET004973,ORD0056773,P0182,2024-03-27,8,Customer Changed Mind
RET004974,ORD0056778,P0192,2024-10-18,22,Quality Issue
RET004975,ORD0056780,P0085,2023-02-08,213,Quality Issue
RET004976,ORD0056782,P0102,2024-04-24,51,Quality Issue
RET004977,ORD0056786,P0146,2024-07-25,93,Other
RET004978,ORD0056787,P0122,2024-10-19,232,Damaged in Transit
RET004979,ORD0056787,P0111,2024-10-24,199,Late Delivery
RET004980,ORD0056791,P0064,2023-02-26,1,Late Delivery
RET004981,ORD0056825,P0109,2024-05-05,2,Late Delivery
RET004982,ORD0056851,P0015,2024-05-17,1,Damaged in Transit
RET004983,ORD0056854,P0032,2024-09-06,1,Damaged in Transit
RET004984,ORD0056856,P0055,2024-10-04,3,Quality Issue
RET004985,ORD0056867,P0068,2023-07-15,2,Other
RET004986,ORD0056899,P0027,2023-09-27,85,Other
RET004987,ORD0056921,P0124,2023-11-13,1,Late Delivery
RET004988,ORD0056925,P0058,2024-01-25,1,Quality Issue
RET004989,ORD0056930,P0193,2024-08-10,1,Customer Changed Mind
RET004990,ORD0056934,P0024,2024-11-05,1,Damaged in Transit
RET004991,ORD0056936,P0187,2024-11-10,1,Customer Changed Mind
RET004992,ORD0056942,P0069,2024-12-30,4,Wrong Item Delivered
RET004993,ORD0056945,P0001,2023-05-09,2,Wrong Item Delivered
RET004994,ORD0056964,P0019,2024-02-17,1,Damaged in Transit
RET004995,ORD0056964,P0006,2024-02-13,1,Damaged in Transit
RET004996,ORD0056971,P0037,2024-05-26,1,Quality Issue
RET004997,ORD0056991,P0158,2023-12-08,2,Late Delivery
RET004998,ORD0056995,P0079,2024-01-22,1,Damaged in Transit
RET004999,ORD0057000,P0074,2024-04-07,2,Customer Changed Mind
RET005000,ORD0057018,P0023,2023-02-25,1,Other
RET005001,ORD0057020,P0089,2023-02-20,1,Customer Changed Mind
RET005002,ORD0057037,P0038,2023-11-26,1,Customer Changed Mind
RET005003,ORD0057047,P0019,2024-03-24,2,Quality Issue
RET005004,ORD0057090,P0165,2024-09-02,1,Quality Issue
RET005005,ORD0057098,P0063,2023-03-24,2,Other
RET005006,ORD0057099,P0035,2023-03-24,1,Quality Issue
RET005007,ORD0057102,P0117,2023-07-04,1,Damaged in Transit
RET005008,ORD0057102,P0141,2023-07-05,1,Customer Changed Mind
RET005009,ORD0057105,P0034,2023-10-28,1,Customer Changed Mind
RET005010,ORD0057120,P0051,2024-09-01,1,Quality Issue
RET005011,ORD0057159,P0044,2024-04-28,1,Customer Changed Mind
RET005012,ORD0057175,P0141,2024-07-02,20,Customer Changed Mind
RET005013,ORD0057179,P0004,2023-01-28,1,Damaged in Transit
RET005014,ORD0057181,P0057,2023-03-15,1,Damaged in Transit
RET005015,ORD0057194,P0023,2023-11-10,3,Damaged in Transit
RET005016,ORD9999999,P0173,2024-12-06,3,Late Delivery
RET005017,ORD0057232,P0196,2024-11-15,1,Wrong Item Delivered
RET005018,ORD0057253,P0133,2023-10-30,1,Wrong Item Delivered
RET005019,ORD0057257,P0171,2023-12-02,1,Customer Changed Mind
RET005020,ORD0057324,P0110,2024-03-01,1,Damaged in Transit
RET005021,ORD0057340,P0074,2024-11-24,1,Customer Changed Mind
RET005022,ORD0057356,P0036,2024-06-22,1,Other
RET005023,ORD0057363,P0090,2023-02-18,211,Late Delivery
RET005024,ORD0057374,P0122,2024-04-16,88,Late Delivery
RET005025,ORD0057375,P0162,2024-06-25,17,Customer Changed Mind
RET005026,ORD0057378,P0127,2024-12-04,35,Other
RET005027,ORD0057380,P0034,2023-05-04,37,Quality Issue
RET005028,ORD0057383,P0189,2024-02-22,86,Damaged in Transit
RET005029,ORD0057385,P0104,2024-03-08,216,Damaged in Transit
RET005030,ORD0057394,P0200,2023-03-26,1,Damaged in Transit
RET005031,ORD0057410,P0069,2024-04-07,1,Wrong Item Delivered
RET005032,ORD0057417,P0109,2024-07-04,1,Customer Changed Mind
RET005033,ORD0057422,P0074,2024-10-02,1,Damaged in Transit
RET005034,ORD0057440,P0123,2023-10-25,1,Damaged in Transit
RET005035,ORD0057462,P0084,2023-01-30,1,Damaged in Transit
RET005036,ORD0057463,P0144,2023-03-16,1,Damaged in Transit
RET005037,ORD0057468,P0057,2023-07-08,1,Damaged in Transit
RET005038,ORD0057472,P0095,2023-11-21,1,Quality Issue
RET005039,ORD0057510,P0127,2024-06-24,2,Wrong Item Delivered
RET005040,ORD0057551,P0068,2024-05-04,1,Damaged in Transit
RET005041,ORD0057561,P0167,2024-12-24,1,Late Delivery
RET005042,ORD9999999,P0126,2023-02-04,1,Customer Changed Mind
RET005043,ORD0057571,P0185,2023-08-07,3,Damaged in Transit
RET005044,ORD0057585,P0177,2024-02-12,1,Quality Issue
RET005045,ORD0057589,P0096,2024-04-27,5,Damaged in Transit
RET005046,ORD0057594,P0191,2024-08-22,1,Wrong Item Delivered
RET005047,ORD0057614,P0013,2024-09-04,21,Customer Changed Mind
RET005048,ORD0057626,P0049,2023-08-14,3,Damaged in Transit
RET005049,ORD0057626,P0122,2023-08-11,1,Damaged in Transit
RET005050,ORD0057627,P0010,2023-08-29,2,Customer Changed Mind
RET005051,ORD0057629,P0044,2023-11-10,3,Customer Changed Mind
RET005052,ORD0057635,P0028,2024-04-20,2,Late Delivery
RET005053,ORD0057643,P0198,2024-10-27,2,Quality Issue
RET005054,ORD0057644,P0056,2024-11-26,1,Wrong Item Delivered
RET005055,ORD0057661,P0122,2024-11-04,37,Damaged in Transit
RET005056,ORD0057664,P0132,2023-03-26,4,Damaged in Transit
RET005057,ORD0057664,P0046,2023-03-29,1,Damaged in Transit
RET005058,ORD0057664,P0018,2023-04-01,1,Damaged in Transit
RET005059,ORD0057730,P0165,2024-12-10,1,Late Delivery
RET005060,ORD0057740,P0196,2024-01-14,166,Late Delivery
RET005061,ORD0057767,P0125,2024-12-08,2,Damaged in Transit
RET005062,ORD0057767,P0050,2024-11-30,4,Damaged in Transit
RET005063,ORD0057774,P0005,2023-06-20,204,Customer Changed Mind
RET005064,ORD0057776,P0050,2023-08-31,30,Customer Changed Mind
RET005065,ORD0057785,P0187,2023-03-24,30,Late Delivery
RET005066,ORD0057788,P0029,2023-07-24,35,Quality Issue
RET005067,ORD0057808,P0169,2023-08-13,4,Wrong Item Delivered
RET005068,ORD0057812,P0131,2023-11-14,1,Damaged in Transit
RET005069,ORD0057840,P0008,2023-06-11,2,Other
RET005070,ORD0057841,P0123,2023-06-19,1,Damaged in Transit
RET005071,ORD9999999,P0148,2023-09-15,1,Wrong Item Delivered
RET005072,ORD0057882,P0003,2023-06-20,55,Customer Changed Mind
RET005073,ORD0057894,P0059,2023-03-21,1,Quality Issue
RET005074,ORD0057897,P0104,2023-04-11,1,Wrong Item Delivered
RET005075,ORD0057902,P0005,2023-08-29,1,Customer Changed Mind
RET005076,ORD0057934,P0116,2023-05-14,1,Customer Changed Mind
RET005077,ORD0057935,P0044,2023-05-16,1,Customer Changed Mind
RET005078,ORD0057938,P0187,2023-07-20,1,Damaged in Transit
RET005079,ORD0057940,P0141,2023-09-22,1,Damaged in Transit
RET005080,ORD0057947,P0122,2023-12-10,1,Damaged in Transit
RET005081,ORD0057949,P0049,2024-01-25,1,Customer Changed Mind
RET005082,ORD0057954,P0136,2024-06-06,1,Damaged in Transit
RET005083,ORD0057961,P0124,2024-11-22,1,Customer Changed Mind
RET005084,ORD0057970,P0090,2023-03-26,5,Damaged in Transit
RET005085,ORD0057974,P0165,2023-10-28,1,Customer Changed Mind
RET005086,ORD0057988,P0126,2024-05-13,2,Wrong Item Delivered
RET005087,ORD9999999,P0035,2024-05-28,2,Damaged in Transit
RET005088,ORD0057995,P0122,2023-03-03,290,Customer Changed Mind
RET005089,ORD0058014,P0095,2023-02-02,1,Late Delivery
RET005090,ORD0058027,P0029,2024-06-19,1,Damaged in Transit
RET005091,ORD0058032,P0126,2024-08-18,1,Damaged in Transit
RET005092,ORD0058038,P0125,2024-12-27,1,Late Delivery
RET005093,ORD0058054,P0080,2024-02-10,1,Wrong Item Delivered
RET005094,ORD0058068,P0114,2024-09-25,1,Other
RET005095,ORD0058069,P0082,2024-10-22,1,Wrong Item Delivered
RET005096,ORD0058070,P0194,2024-11-20,2,Customer Changed Mind
RET005097,ORD0058080,P0013,2023-09-25,34,Damaged in Transit
RET005098,ORD0058090,P0035,2024-05-15,42,Customer Changed Mind
RET005099,ORD0058098,P0082,2023-04-18,1,Quality Issue
RET005100,ORD0058120,P0101,2024-08-11,1,Damaged in Transit
RET005101,ORD0058120,P0130,2024-08-04,1,Damaged in Transit
RET005102,ORD0058138,P0187,2023-07-28,1,Quality Issue
RET005103,ORD0058139,P0093,2023-09-23,1,Wrong Item Delivered
RET005104,ORD0058148,P0132,2024-11-14,1,Wrong Item Delivered
RET005105,ORD0058184,P0042,2023-08-08,1,Damaged in Transit
RET005106,ORD0058186,P0196,2023-08-16,1,Quality Issue
RET005107,ORD0058194,P0012,2023-10-02,1,Quality Issue
RET005108,ORD0058199,P0034,2023-12-19,1,Quality Issue
RET005109,ORD0058203,P0165,2024-03-29,1,Customer Changed Mind
RET005110,ORD0058212,P0015,2024-10-30,1,Wrong Item Delivered
RET005111,ORD0058213,P0112,2024-11-28,1,Wrong Item Delivered
RET005112,ORD0058225,P0111,2024-08-09,192,Customer Changed Mind
RET005113,ORD0058225,P0106,2024-08-03,18,Customer Changed Mind
RET005114,ORD0058253,P0123,2024-03-15,1,Customer Changed Mind
RET005115,ORD0058255,P0137,2024-05-07,1,Wrong Item Delivered
RET005116,ORD0058270,P0037,2023-03-02,1,Damaged in Transit
RET005117,ORD0058283,P0001,2023-08-14,1,Late Delivery
RET005118,ORD0058285,P0181,2023-10-01,1,Wrong Item Delivered
RET005119,ORD0058294,P0139,2024-02-08,1,Customer Changed Mind
RET005120,ORD0058303,P0022,2024-06-18,1,Customer Changed Mind
RET005121,ORD0058304,P0159,2024-07-02,2,Damaged in Transit
RET005122,ORD0058307,P0123,2024-08-16,1,Other
RET005123,ORD0058309,P0062,2024-08-16,1,Wrong Item Delivered
RET005124,ORD0058312,P0074,2024-10-28,1,Quality Issue
RET005125,ORD0058341,P0189,2023-10-06,1,Customer Changed Mind
RET005126,ORD0058348,P0034,2024-05-09,1,Damaged in Transit
RET005127,ORD0058385,P0159,2024-04-17,2,Damaged in Transit
RET005128,ORD0058390,P0149,2024-10-18,2,Customer Changed Mind
RET005129,ORD0058394,P0094,2024-12-21,1,Late Delivery
RET005130,ORD0058395,P0142,2024-12-31,1,Wrong Item Delivered
RET005131,ORD0058405,P0073,2023-07-16,4,Other
RET005132,ORD0058415,P0082,2023-11-19,1,Damaged in Transit
RET005133,ORD0058425,P0031,2024-08-02,1,Damaged in Transit
RET005134,ORD0058434,P0058,2023-06-10,1,Late Delivery
RET005135,ORD0058437,P0149,2023-07-14,1,Quality Issue
RET005136,ORD0058452,P0123,2024-09-03,3,Damaged in Transit
RET005137,ORD0058469,P0015,2023-09-16,1,Late Delivery
RET005138,ORD0058475,P0047,2024-07-28,1,Damaged in Transit
RET005139,ORD0058483,P0100,2024-09-28,2,Other
RET005140,ORD0058490,P0114,2023-02-15,39,Other
RET005141,ORD0058518,P0195,2023-08-07,2,Customer Changed Mind
RET005142,ORD0058532,P0136,2024-03-24,1,Quality Issue
RET005143,ORD0058559,P0085,2023-08-21,1,Wrong Item Delivered
RET005144,ORD0058564,P0029,2023-08-13,1,Quality Issue
RET005145,ORD0058569,P0131,2023-11-19,1,Quality Issue
RET005146,ORD0058591,P0195,2024-08-26,1,Wrong Item Delivered
RET005147,ORD0058598,P0017,2023-05-05,1,Damaged in Transit
RET005148,ORD0058604,P0087,2023-10-30,3,Quality Issue
RET005149,ORD0058604,P0159,2023-11-02,1,Customer Changed Mind
RET005150,ORD0058606,P0073,2023-12-11,2,Quality Issue
RET005151,ORD0058608,P0111,2024-02-28,4,Wrong Item Delivered
RET005152,ORD0058659,P0197,2024-06-17,1,Late Delivery
RET005153,ORD0058679,P0037,2023-07-26,1,Damaged in Transit
RET005154,ORD0058702,P0066,2023-04-08,2,Wrong Item Delivered
RET005155,ORD0058706,P0016,2023-08-16,1,Other
RET005156,ORD0058712,P0146,2023-12-17,1,Customer Changed Mind
RET005157,ORD0058731,P0047,2023-01-18,1,Customer Changed Mind
RET005158,ORD9999999,P0095,2024-03-14,2,Wrong Item Delivered
RET005159,ORD0058747,P0129,2024-03-14,3,Wrong Item Delivered
RET005160,ORD0058753,P0189,2024-11-14,1,Late Delivery
RET005161,ORD0058755,P0089,2024-12-15,1,Damaged in Transit
RET005162,ORD0058757,P0044,2023-04-02,14,Customer Changed Mind
RET005163,ORD0058764,P0060,2024-03-28,379,Quality Issue
RET005164,ORD0058787,P0015,2024-02-24,2,Wrong Item Delivered
RET005165,ORD0058823,P0107,2024-04-12,1,Wrong Item Delivered
RET005166,ORD0058858,P0065,2024-02-14,2,Customer Changed Mind
RET005167,ORD0058862,P0126,2024-03-25,1,Damaged in Transit
RET005168,ORD0058877,P0031,2024-12-24,1,Other
RET005169,ORD0058896,P0038,2024-04-18,2,Late Delivery
RET005170,ORD0058911,P0090,2023-08-03,95,Other
RET005171,ORD0058914,P0198,2024-02-11,225,Wrong Item Delivered
RET005172,ORD0058914,P0013,2024-02-04,41,Wrong Item Delivered
RET005173,ORD0058914,P0051,2024-02-21,110,Wrong Item Delivered
RET005174,ORD0058923,P0091,2024-12-03,65,Damaged in Transit
RET005175,ORD0058932,P0162,2023-11-17,1,Customer Changed Mind
RET005176,ORD0058932,P0047,2023-11-02,2,Late Delivery
RET005177,ORD0058937,P0154,2023-12-11,1,Customer Changed Mind
RET005178,ORD0058954,P0131,2024-11-22,1,Customer Changed Mind
RET005179,ORD0058968,P0112,2024-03-08,50,Late Delivery
RET005180,ORD0058977,P0078,2024-09-05,43,Quality Issue
RET005181,ORD0058984,P0074,2023-03-12,2,Wrong Item Delivered
RET005182,ORD0058993,P0132,2023-11-29,3,Wrong Item Delivered
RET005183,ORD0059018,P0027,2023-07-20,1,Customer Changed Mind
RET005184,ORD0059023,P0137,2023-12-18,1,Wrong Item Delivered
RET005185,ORD0059024,P0138,2023-12-17,1,Quality Issue
RET005186,ORD0059030,P0141,2024-01-28,1,Quality Issue
RET005187,ORD0059034,P0004,2024-05-07,1,Other
RET005188,ORD0059074,P0083,2024-05-23,6,Quality Issue
RET005189,ORD0059077,P0135,2024-08-15,63,Late Delivery
RET005190,ORD0059090,P0186,2023-08-10,2,Quality Issue
RET005191,ORD0059107,P0020,2024-03-05,2,Other
RET005192,ORD0059114,P0048,2024-06-17,1,Wrong Item Delivered
RET005193,ORD0059115,P0090,2024-07-03,2,Quality Issue
RET005194,ORD0059134,P0045,2023-06-02,1,Damaged in Transit
RET005195,ORD0059134,P0098,2023-05-31,1,Other
RET005196,ORD0059150,P0046,2024-03-11,1,Late Delivery
RET005197,ORD0059187,P0058,2024-12-18,86,Wrong Item Delivered
RET005198,ORD0059190,P0032,2023-03-11,1,Wrong Item Delivered
RET005199,ORD0059190,P0112,2023-03-27,1,Wrong Item Delivered
RET005200,ORD0059206,P0192,2024-01-13,2,Late Delivery
RET005201,ORD0059215,P0182,2024-06-19,1,Late Delivery
RET005202,ORD0059218,P0048,2024-09-15,2,Other
RET005203,ORD0059221,P0167,2024-11-20,1,Other
RET005204,ORD0059235,P0101,2024-01-17,177,Customer Changed Mind
RET005205,ORD0059245,P0175,2023-07-04,2,Quality Issue
RET005206,ORD0059248,P0006,2023-08-09,1,Quality Issue
RET005207,ORD0059281,P0165,2024-12-28,1,Customer Changed Mind
RET005208,ORD0059297,P0005,2023-01-11,2,Wrong Item Delivered
RET005209,ORD0059301,P0068,2023-02-27,1,Customer Changed Mind
RET005210,ORD0059318,P0099,2024-01-21,1,Late Delivery
RET005211,ORD0059321,P0048,2024-02-29,1,Damaged in Transit
RET005212,ORD9999999,P0099,2023-04-28,2,Customer Changed Mind
RET005213,ORD0059363,P0021,2024-05-15,2,Quality Issue
RET005214,ORD0059386,P0104,2023-12-23,1,Other
RET005215,ORD0059402,P0131,2024-12-12,1,Quality Issue
RET005216,ORD0059435,P0099,2024-07-31,2,Other
RET005217,ORD0059438,P0107,2024-09-13,1,Quality Issue
RET005218,ORD0059449,P0124,2024-12-20,1,Wrong Item Delivered
RET005219,ORD0059452,P0119,2023-07-14,3,Wrong Item Delivered
RET005220,ORD0059452,P0131,2023-07-20,75,Customer Changed Mind
RET005221,ORD0059460,P0177,2024-11-21,120,Damaged in Transit
RET005222,ORD0059465,P0137,2023-04-02,1,Damaged in Transit
RET005223,ORD0059467,P0126,2023-05-11,1,Damaged in Transit
RET005224,ORD0059471,P0016,2023-08-29,1,Damaged in Transit
RET005225,ORD0059474,P0050,2023-10-27,1,Wrong Item Delivered
RET005226,ORD0059486,P0005,2024-06-16,1,Customer Changed Mind
RET005227,ORD0059493,P0031,2024-10-25,2,Quality Issue
RET005228,ORD0059512,P0082,2024-10-29,87,Damaged in Transit
RET005229,ORD0059521,P0001,2023-07-16,1,Quality Issue
RET005230,ORD0059523,P0189,2023-09-15,3,Wrong Item Delivered
RET005231,ORD0059530,P0186,2023-12-23,4,Other
RET005232,ORD0059536,P0192,2024-04-20,1,Quality Issue
RET005233,ORD0059542,P0063,2024-06-20,1,Wrong Item Delivered
RET005234,ORD0059571,P0191,2024-12-02,7,Customer Changed Mind
RET005235,ORD0059578,P0078,2023-07-25,4,Customer Changed Mind
RET005236,ORD0059598,P0106,2023-03-08,1,Late Delivery
RET005237,ORD0059657,P0154,2023-07-03,45,Late Delivery
RET005238,ORD0059659,P0157,2023-09-03,26,Wrong Item Delivered
RET005239,ORD0059660,P0144,2023-11-14,53,Customer Changed Mind
RET005240,ORD0059665,P0152,2024-04-15,22,Damaged in Transit
RET005241,ORD0059709,P0185,2023-05-12,1,Quality Issue
RET005242,ORD0059719,P0136,2024-01-22,1,Other
RET005243,ORD0059744,P0037,2023-09-26,1,Other
RET005244,ORD0059753,P0032,2024-01-28,1,Damaged in Transit
RET005245,ORD0059757,P0083,2024-06-25,1,Quality Issue
RET005246,ORD0059760,P0062,2024-11-16,5,Damaged in Transit
RET005247,ORD0059765,P0107,2023-02-26,1,Wrong Item Delivered
RET005248,ORD0059766,P0028,2023-03-16,2,Late Delivery
RET005249,ORD0059770,P0050,2023-06-12,5,Other
RET005250,ORD0059773,P0066,2023-10-17,1,Quality Issue
RET005251,ORD0059785,P0109,2024-09-09,2,Damaged in Transit
RET005252,ORD0059795,P0187,2023-04-24,1,Damaged in Transit
RET005253,ORD0059802,P0026,2023-09-04,1,Quality Issue
RET005254,ORD0059836,P0060,2023-08-17,5,Late Delivery
RET005255,ORD0059857,P0132,2023-04-19,34,Damaged in Transit
RET005256,ORD0059868,P0058,2024-03-11,10,Other
RET005257,ORD0059874,P0094,2024-10-09,1,Other
RET005258,ORD0059880,P0075,2023-03-19,63,Wrong Item Delivered
RET005259,ORD0059888,P0198,2023-10-11,1,Damaged in Transit
RET005260,ORD0059895,P0120,2024-04-06,94,Wrong Item Delivered
RET005261,ORD0059902,P0049,2024-11-22,5,Wrong Item Delivered
RET005262,ORD0059905,P0011,2023-02-26,3,Quality Issue
RET005263,ORD0059928,P0163,2023-05-07,1,Damaged in Transit
RET005264,ORD0059937,P0105,2023-10-24,1,Customer Changed Mind
RET005265,ORD0059948,P0107,2024-03-21,1,Customer Changed Mind
RET005266,ORD0059984,P0090,2024-08-05,1,Other
RET005267,ORD0059988,P0115,2024-11-04,4,Damaged in Transit
RET005268,ORD0059991,P0073,2023-02-28,2,Damaged in Transit
RET005269,ORD0059991,P0122,2023-03-06,1,Damaged in Transit
RET005270,ORD0059994,P0179,2023-04-27,1,Damaged in Transit
RET005271,ORD0060002,P0187,2023-10-15,2,Damaged in Transit
RET005272,ORD0060002,P0131,2023-10-05,1,Damaged in Transit
RET005273,ORD0060010,P0179,2024-01-12,2,Customer Changed Mind
RET005274,ORD0060015,P0186,2024-02-15,1,Other
RET005275,ORD0060039,P0056,2023-07-18,1,Customer Changed Mind
RET005276,ORD0060046,P0020,2024-01-03,1,Quality Issue
RET005277,ORD0060048,P0129,2024-02-04,1,Damaged in Transit
RET005278,ORD0060048,P0115,2024-02-08,1,Damaged in Transit
RET005279,ORD0060048,P0043,2024-01-24,1,Damaged in Transit
RET005280,ORD0060053,P0186,2024-03-16,1,Wrong Item Delivered
RET005281,ORD0060053,P0142,2024-03-14,1,Wrong Item Delivered
RET005282,ORD0060057,P0200,2024-05-10,1,Damaged in Transit
RET005283,ORD0060058,P0028,2024-06-18,2,Customer Changed Mind
RET005284,ORD0060060,P0121,2024-08-04,1,Damaged in Transit
RET005285,ORD0060064,P0037,2024-09-13,1,Damaged in Transit
RET005286,ORD0060069,P0047,2024-10-25,1,Quality Issue
RET005287,ORD0060072,P0109,2024-11-25,1,Damaged in Transit
RET005288,ORD0060084,P0011,2023-10-12,46,Wrong Item Delivered
RET005289,ORD0060088,P0031,2024-02-27,37,Customer Changed Mind
RET005290,ORD0060106,P0051,2023-07-02,68,Customer Changed Mind
RET005291,ORD0060107,P0100,2023-08-02,261,Late Delivery
RET005292,ORD0060110,P0041,2024-02-12,230,Other
RET005293,ORD0060127,P0133,2023-08-26,1,Wrong Item Delivered
RET005294,ORD0060129,P0147,2023-11-23,1,Customer Changed Mind
RET005295,ORD0060139,P0087,2024-06-14,1,Late Delivery
RET005296,ORD0060140,P0075,2024-06-27,1,Late Delivery
RET005297,ORD0060152,P0137,2023-04-02,5,Quality Issue
RET005298,ORD0060157,P0180,2023-06-26,1,Customer Changed Mind
RET005299,ORD0060160,P0183,2023-10-07,4,Quality Issue
RET005300,ORD0060176,P0078,2023-05-26,19,Quality Issue
RET005301,ORD0060188,P0079,2024-01-16,45,Quality Issue
RET005302,ORD0060189,P0008,2024-03-13,7,Wrong Item Delivered
RET005303,ORD0060191,P0162,2024-05-22,30,Other
RET005304,ORD0060219,P0190,2024-06-03,1,Damaged in Transit
RET005305,ORD0060235,P0116,2023-06-04,1,Damaged in Transit
RET005306,ORD0060235,P0146,2023-06-17,1,Damaged in Transit
RET005307,ORD0060236,P0100,2023-06-23,1,Customer Changed Mind
RET005308,ORD0060243,P0091,2023-12-30,1,Damaged in Transit
RET005309,ORD0060250,P0177,2024-02-02,2,Other
RET005310,ORD0060276,P0027,2023-03-11,1,Late Delivery
RET005311,ORD0060293,P0126,2023-12-27,1,Wrong Item Delivered
RET005312,ORD0060302,P0194,2024-08-01,1,Damaged in Transit
RET005313,ORD0060303,P0005,2024-08-22,1,Wrong Item Delivered
RET005314,ORD0060323,P0030,2023-05-05,1,Quality Issue
RET005315,ORD0060337,P0166,2024-01-05,1,Customer Changed Mind
RET005316,ORD0060342,P0137,2024-05-19,1,Customer Changed Mind
RET005317,ORD0060375,P0060,2024-03-20,1,Damaged in Transit
RET005318,ORD0060388,P0008,2023-05-02,12,Damaged in Transit
RET005319,ORD0060393,P0137,2023-10-25,14,Other
RET005320,ORD0060395,P0107,2023-12-20,19,Damaged in Transit
RET005321,ORD0060402,P0015,2024-04-21,59,Other
RET005322,ORD0060404,P0185,2024-05-22,64,Customer Changed Mind
RET005323,ORD0060429,P0125,2024-04-18,2,Damaged in Transit
RET005324,ORD0060434,P0004,2024-06-21,1,Damaged in Transit
RET005325,ORD0060436,P0168,2024-07-25,2,Quality Issue
RET005326,ORD0060437,P0159,2024-07-30,5,Customer Changed Mind
RET005327,ORD0060440,P0014,2024-09-10,1,Other
RET005328,ORD0060449,P0112,2023-03-13,1,Other
RET005329,ORD0060459,P0034,2023-12-15,1,Customer Changed Mind
RET005330,ORD0060463,P0125,2024-02-05,1,Quality Issue
RET005331,ORD0060474,P0103,2024-09-30,1,Other
RET005332,ORD0060479,P0093,2023-01-30,2,Customer Changed Mind
RET005333,ORD0060480,P0008,2023-05-01,3,Late Delivery
RET005334,ORD0060494,P0037,2024-05-27,2,Quality Issue
RET005335,ORD0060497,P0124,2024-06-29,1,Customer Changed Mind
RET005336,ORD0060506,P0147,2024-10-29,3,Quality Issue
RET005337,ORD0060514,P0049,2023-05-15,3,Damaged in Transit
RET005338,ORD0060546,P0146,2024-01-23,59,Wrong Item Delivered
RET005339,ORD0060546,P0121,2024-01-08,28,Wrong Item Delivered
RET005340,ORD0060558,P0014,2023-09-10,23,Damaged in Transit
RET005341,ORD0060598,P0144,2024-12-13,2,Customer Changed Mind
RET005342,ORD0060599,P0187,2024-12-25,1,Other
RET005343,ORD0060602,P0165,2023-04-13,1,Late Delivery
RET005344,ORD0060616,P0047,2024-07-19,1,Damaged in Transit
RET005345,ORD0060619,P0004,2024-11-15,1,Damaged in Transit
RET005346,ORD0060627,P0133,2024-01-24,83,Wrong Item Delivered
RET005347,ORD0060639,P0014,2023-02-01,2,Quality Issue
RET005348,ORD0060648,P0125,2023-05-17,1,Damaged in Transit
RET005349,ORD0060679,P0115,2024-08-19,2,Customer Changed Mind
RET005350,ORD0060694,P0106,2023-06-22,1,Quality Issue
RET005351,ORD0060696,P0074,2023-06-19,1,Other
RET005352,ORD0060711,P0013,2024-01-20,1,Damaged in Transit
RET005353,ORD0060718,P0058,2024-04-11,1,Damaged in Transit
RET005354,ORD0060732,P0194,2024-11-10,1,Customer Changed Mind
RET005355,ORD0060734,P0001,2024-11-29,1,Quality Issue
RET005356,ORD0060741,P0104,2023-05-16,1,Damaged in Transit
RET005357,ORD0060769,P0187,2023-08-27,1,Damaged in Transit
RET005358,ORD0060803,P0087,2024-07-11,2,Damaged in Transit
RET005359,ORD0060815,P0085,2024-12-20,1,Damaged in Transit
RET005360,ORD0060820,P0087,2023-05-06,3,Customer Changed Mind
RET005361,ORD0060849,P0057,2023-09-11,1,Late Delivery
RET005362,ORD0060858,P0109,2024-01-13,1,Wrong Item Delivered
RET005363,ORD0060873,P0029,2024-12-28,1,Quality Issue
RET005364,ORD0060874,P0052,2023-01-31,1,Wrong Item Delivered
RET005365,ORD0060878,P0094,2023-07-02,1,Late Delivery
RET005366,ORD0060879,P0198,2023-06-28,1,Quality Issue
RET005367,ORD0060883,P0058,2023-09-12,1,Customer Changed Mind
RET005368,ORD0060885,P0106,2023-10-04,1,Customer Changed Mind
RET005369,ORD0060893,P0002,2024-03-08,1,Customer Changed Mind
RET005370,ORD0060894,P0032,2024-03-29,1,Late Delivery
RET005371,ORD0060900,P0140,2024-09-08,1,Customer Changed Mind
RET005372,ORD0060904,P0154,2024-12-09,1,Other
RET005373,ORD0060913,P0038,2023-09-06,1,Customer Changed Mind
RET005374,ORD0060919,P0159,2023-11-16,4,Quality Issue
RET005375,ORD0060954,P0048,2024-11-13,1,Damaged in Transit
RET005376,ORD0060959,P0081,2023-04-06,1,Wrong Item Delivered
RET005377,ORD0060964,P0058,2023-09-05,1,Customer Changed Mind
RET005378,ORD0060968,P0199,2023-12-07,2,Quality Issue
RET005379,ORD0061007,P0110,2024-03-20,1,Customer Changed Mind
RET005380,ORD0061009,P0158,2024-04-19,1,Wrong Item Delivered
RET005381,ORD0061025,P0009,2023-03-03,45,Customer Changed Mind
RET005382,ORD0061026,P0126,2023-04-23,2,Wrong Item Delivered
RET005383,ORD0061027,P0141,2023-06-12,15,Damaged in Transit
RET005384,ORD0061035,P0170,2023-12-27,31,Wrong Item Delivered
RET005385,ORD0061040,P0022,2024-05-17,7,Quality Issue
RET005386,ORD0061048,P0010,2023-04-06,1,Customer Changed Mind
RET005387,ORD0061059,P0020,2024-01-24,1,Quality Issue
RET005388,ORD0061060,P0081,2024-01-29,3,Other
RET005389,ORD0061084,P0073,2024-02-05,3,Damaged in Transit
RET005390,ORD0061095,P0032,2024-09-17,1,Other
RET005391,ORD0061136,P0015,2024-06-13,1,Wrong Item Delivered
RET005392,ORD0061148,P0150,2024-10-24,1,Customer Changed Mind
RET005393,ORD0061154,P0069,2023-08-03,18,Wrong Item Delivered
RET005394,ORD0061171,P0146,2023-05-13,56,Wrong Item Delivered
RET005395,ORD0061179,P0037,2023-11-08,83,Other
RET005396,ORD0061181,P0038,2024-05-25,44,Quality Issue
RET005397,ORD0061193,P0171,2023-09-26,1,Quality Issue
RET005398,ORD0061202,P0006,2024-08-07,2,Quality Issue
RET005399,ORD0061206,P0015,2024-09-26,2,Customer Changed Mind
RET005400,ORD0061212,P0044,2023-05-14,2,Quality Issue
RET005401,ORD0061227,P0153,2024-06-17,1,Damaged in Transit
RET005402,ORD0061246,P0102,2023-08-19,1,Customer Changed Mind
RET005403,ORD0061248,P0122,2023-09-22,1,Quality Issue
RET005404,ORD0061270,P0026,2024-10-09,1,Quality Issue
RET005405,ORD0061273,P0196,2024-11-16,2,Late Delivery
RET005406,ORD0061284,P0047,2023-06-27,1,Other
RET005407,ORD0061290,P0121,2023-11-25,2,Customer Changed Mind
RET005408,ORD0061317,P0107,2023-09-20,1,Quality Issue
RET005409,ORD0061318,P0177,2023-11-03,2,Damaged in Transit
RET005410,ORD0061323,P0025,2024-01-22,3,Customer Changed Mind
RET005411,ORD0061331,P0068,2024-08-30,1,Quality Issue
RET005412,ORD0061336,P0032,2023-02-04,1,Customer Changed Mind
RET005413,ORD0061348,P0101,2023-05-06,1,Customer Changed Mind
RET005414,ORD0061360,P0010,2023-11-14,1,Damaged in Transit
RET005415,ORD0061365,P0165,2024-03-31,1,Other
RET005416,ORD0061366,P0165,2024-07-14,1,Quality Issue
RET005417,ORD0061380,P0024,2023-04-13,2,Quality Issue
RET005418,ORD0061386,P0061,2023-07-09,1,Customer Changed Mind
RET005419,ORD0061399,P0123,2024-03-01,1,Quality Issue
RET005420,ORD0061404,P0023,2024-06-09,1,Other
RET005421,ORD0061413,P0182,2023-05-10,1,Damaged in Transit
RET005422,ORD0061462,P0164,2024-10-01,1,Wrong Item Delivered
RET005423,ORD0061464,P0039,2024-10-28,1,Customer Changed Mind
RET005424,ORD0061466,P0155,2024-12-18,1,Customer Changed Mind
RET005425,ORD0061490,P0085,2023-01-16,1,Damaged in Transit
RET005426,ORD0061516,P0154,2024-03-17,1,Damaged in Transit
RET005427,ORD0061535,P0082,2023-04-05,1,Wrong Item Delivered
RET005428,ORD0061537,P0029,2023-08-01,1,Late Delivery
RET005429,ORD0061538,P0193,2023-07-24,1,Wrong Item Delivered
RET005430,ORD0061555,P0148,2023-01-18,9,Other
RET005431,ORD0061559,P0103,2023-06-09,4,Wrong Item Delivered
RET005432,ORD0061560,P0144,2023-12-22,83,Wrong Item Delivered
RET005433,ORD0061563,P0031,2024-03-05,43,Customer Changed Mind
RET005434,ORD0061586,P0051,2023-05-02,1,Quality Issue
RET005435,ORD0061592,P0048,2023-08-03,1,Damaged in Transit
RET005436,ORD0061592,P0137,2023-08-06,1,Damaged in Transit
RET005437,ORD0061596,P0080,2023-10-03,2,Damaged in Transit
RET005438,ORD0061612,P0037,2023-03-17,1,Wrong Item Delivered
RET005439,ORD0061618,P0013,2023-07-12,2,Customer Changed Mind
RET005440,ORD0061647,P0047,2023-04-21,1,Quality Issue
RET005441,ORD0061650,P0076,2023-08-05,1,Customer Changed Mind
RET005442,ORD0061659,P0062,2024-04-23,1,Damaged in Transit
RET005443,ORD0061659,P0157,2024-04-14,2,Damaged in Transit
RET005444,ORD0061688,P0174,2023-02-13,1,Quality Issue
RET005445,ORD0061689,P0130,2023-02-12,3,Customer Changed Mind
RET005446,ORD0061724,P0079,2024-04-08,89,Customer Changed Mind
RET005447,ORD0061733,P0023,2023-05-12,1,Customer Changed Mind
RET005448,ORD0061734,P0023,2023-06-01,1,Late Delivery
RET005449,ORD0061739,P0128,2023-09-16,1,Damaged in Transit
RET005450,ORD0061739,P0051,2023-09-13,1,Damaged in Transit
RET005451,ORD0061740,P0111,2023-10-11,1,Quality Issue
RET005452,ORD0061743,P0087,2023-12-14,2,Damaged in Transit
RET005453,ORD0061768,P0083,2023-04-24,1,Late Delivery
RET005454,ORD0061778,P0004,2023-08-07,1,Customer Changed Mind
RET005455,ORD0061779,P0094,2023-08-22,2,Late Delivery
RET005456,ORD0061781,P0047,2023-09-09,1,Customer Changed Mind
RET005457,ORD0061785,P0028,2023-10-15,1,Damaged in Transit
RET005458,ORD0061785,P0195,2023-10-19,1,Damaged in Transit
RET005459,ORD0061799,P0110,2024-04-15,1,Wrong Item Delivered
RET005460,ORD0061816,P0019,2023-04-28,2,Late Delivery
RET005461,ORD0061889,P0044,2024-01-08,3,Quality Issue
RET005462,ORD0061902,P0025,2024-10-24,1,Wrong Item Delivered
RET005463,ORD0061916,P0004,2023-09-09,1,Late Delivery
RET005464,ORD0061918,P0095,2023-11-09,1,Wrong Item Delivered
RET005465,ORD0061924,P0122,2024-04-19,1,Damaged in Transit
RET005466,ORD0061928,P0004,2024-06-03,1,Quality Issue
RET005467,ORD9999999,P0101,2024-11-04,1,Customer Changed Mind
RET005468,ORD0061938,P0033,2024-12-02,2,Wrong Item Delivered
RET005469,ORD0061942,P0155,2023-04-22,57,Damaged in Transit
RET005470,ORD0061949,P0149,2024-07-14,6,Late Delivery
RET005471,ORD0061956,P0181,2023-02-20,1,Late Delivery
RET005472,ORD0061957,P0165,2023-03-26,4,Customer Changed Mind
RET005473,ORD0061967,P0179,2023-09-25,1,Late Delivery
RET005474,ORD0061975,P0016,2024-05-06,2,Damaged in Transit
RET005475,ORD0062012,P0047,2024-04-28,5,Customer Changed Mind
RET005476,ORD0062025,P0148,2023-03-09,2,Wrong Item Delivered
RET005477,ORD0062034,P0127,2023-08-02,1,Other
RET005478,ORD0062056,P0112,2024-11-11,2,Damaged in Transit
RET005479,ORD0062066,P0037,2023-09-07,1,Quality Issue
RET005480,ORD0062071,P0036,2024-02-11,3,Customer Changed Mind
RET005481,ORD0062083,P0093,2023-01-14,1,Damaged in Transit
RET005482,ORD0062094,P0007,2023-10-06,1,Quality Issue
RET005483,ORD0062101,P0115,2024-04-11,1,Late Delivery
RET005484,ORD0062115,P0057,2023-02-08,1,Quality Issue
RET005485,ORD0062117,P0037,2023-02-15,1,Wrong Item Delivered
RET005486,ORD0062123,P0057,2023-05-24,2,Damaged in Transit
RET005487,ORD0062125,P0028,2023-06-02,1,Damaged in Transit
RET005488,ORD0062146,P0116,2024-03-24,1,Late Delivery
RET005489,ORD0062150,P0139,2024-06-19,1,Damaged in Transit
RET005490,ORD0062185,P0121,2024-08-09,1,Quality Issue
RET005491,ORD0062200,P0094,2024-04-29,345,Customer Changed Mind
RET005492,ORD0062210,P0049,2024-03-03,83,Quality Issue
RET005493,ORD0062216,P0058,2024-09-20,72,Damaged in Transit
RET005494,ORD0062217,P0108,2024-09-22,23,Quality Issue
RET005495,ORD0062230,P0105,2023-09-04,1,Damaged in Transit
RET005496,ORD0062232,P0006,2023-10-12,2,Wrong Item Delivered
RET005497,ORD0062242,P0137,2024-06-26,1,Damaged in Transit
RET005498,ORD0062244,P0099,2024-08-10,2,Damaged in Transit
RET005499,ORD0062263,P0194,2024-06-30,4,Quality Issue
RET005500,ORD0062287,P0124,2023-02-17,1,Other
RET005501,ORD0062308,P0035,2024-12-19,2,Customer Changed Mind
RET005502,ORD0062340,P0050,2024-04-03,1,Quality Issue
RET005503,ORD0062355,P0140,2024-12-26,2,Customer Changed Mind
RET005504,ORD0062385,P0098,2024-07-18,1,Damaged in Transit
RET005505,ORD0062397,P0136,2023-02-02,1,Damaged in Transit
RET005506,ORD0062399,P0076,2023-02-21,1,Wrong Item Delivered
RET005507,ORD0062414,P0007,2024-01-24,1,Wrong Item Delivered
RET005508,ORD0062417,P0139,2024-03-11,1,Customer Changed Mind
RET005509,ORD0062432,P0023,2024-11-03,1,Damaged in Transit
RET005510,ORD0062432,P0141,2024-11-01,1,Damaged in Transit
RET005511,ORD0062444,P0119,2023-08-22,1,Other
RET005512,ORD0062445,P0011,2023-09-04,2,Damaged in Transit
RET005513,ORD0062462,P0195,2023-01-18,1,Wrong Item Delivered
RET005514,ORD0062479,P0021,2024-06-05,1,Wrong Item Delivered
RET005515,ORD0062485,P0198,2024-11-27,1,Damaged in Transit
RET005516,ORD0062489,P0087,2023-02-28,5,Wrong Item Delivered
RET005517,ORD0062489,P0155,2023-02-24,4,Wrong Item Delivered
RET005518,ORD0062491,P0155,2023-04-10,1,Quality Issue
RET005519,ORD0062499,P0049,2024-05-20,2,Wrong Item Delivered
RET005520,ORD0062534,P0087,2023-01-25,213,Wrong Item Delivered
RET005521,ORD0062534,P0132,2023-02-01,38,Wrong Item Delivered
RET005522,ORD0062542,P0009,2024-08-22,29,Customer Changed Mind
RET005523,ORD0062578,P0173,2024-07-10,2,Customer Changed Mind
RET005524,ORD0062581,P0002,2024-09-11,1,Quality Issue
RET005525,ORD0062592,P0094,2023-05-26,4,Damaged in Transit
RET005526,ORD0062596,P0169,2023-11-17,1,Customer Changed Mind
RET005527,ORD0062605,P0034,2024-05-21,1,Customer Changed Mind
RET005528,ORD0062616,P0166,2024-11-09,1,Wrong Item Delivered
RET005529,ORD0062617,P0137,2024-12-07,1,Damaged in Transit
RET005530,ORD0062622,P0129,2023-06-08,1,Late Delivery
RET005531,ORD0062625,P0118,2023-08-17,1,Damaged in Transit
RET005532,ORD0062627,P0049,2023-09-07,2,Damaged in Transit
RET005533,ORD0062633,P0047,2024-02-20,4,Other
RET005534,ORD0062653,P0021,2023-10-23,1,Damaged in Transit
RET005535,ORD0062664,P0183,2024-06-11,1,Customer Changed Mind
RET005536,ORD0062681,P0136,2023-05-07,2,Customer Changed Mind
RET005537,ORD0062693,P0181,2023-12-10,1,Damaged in Transit
RET005538,ORD0062701,P0162,2024-05-01,1,Quality Issue
RET005539,ORD0062705,P0134,2024-08-21,1,Late Delivery
RET005540,ORD0062706,P0194,2024-10-14,2,Customer Changed Mind
RET005541,ORD0062709,P0122,2024-11-21,1,Quality Issue
RET005542,ORD0062722,P0024,2023-09-08,1,Late Delivery
RET005543,ORD0062724,P0016,2023-11-25,1,Damaged in Transit
RET005544,ORD0062728,P0116,2024-01-03,2,Late Delivery
RET005545,ORD0062739,P0096,2024-10-06,3,Wrong Item Delivered
RET005546,ORD0062743,P0179,2024-11-29,1,Damaged in Transit
RET005547,ORD0062751,P0119,2023-02-27,1,Damaged in Transit
RET005548,ORD0062754,P0098,2023-03-26,1,Damaged in Transit
RET005549,ORD0062758,P0159,2023-08-09,1,Quality Issue
RET005550,ORD0062770,P0070,2024-05-04,1,Late Delivery
RET005551,ORD0062773,P0018,2024-06-30,1,Customer Changed Mind
RET005552,ORD0062777,P0158,2024-08-07,1,Wrong Item Delivered
RET005553,ORD0062785,P0060,2023-02-04,1,Wrong Item Delivered
RET005554,ORD0062808,P0106,2024-06-19,1,Late Delivery
RET005555,ORD0062821,P0085,2023-06-27,1,Other
RET005556,ORD0062828,P0061,2023-10-17,2,Wrong Item Delivered
RET005557,ORD0062838,P0091,2024-02-16,1,Other
RET005558,ORD0062862,P0132,2023-10-29,2,Quality Issue
RET005559,ORD0062872,P0024,2024-03-03,1,Customer Changed Mind
RET005560,ORD0062879,P0101,2024-05-25,1,Wrong Item Delivered
RET005561,ORD0062900,P0085,2023-11-08,2,Other
RET005562,ORD0062923,P0036,2024-12-24,4,Quality Issue
RET005563,ORD0062926,P0042,2023-03-14,1,Quality Issue
RET005564,ORD0062929,P0016,2023-07-19,1,Quality Issue
RET005565,ORD0062944,P0179,2024-08-01,1,Quality Issue
RET005566,ORD0062949,P0180,2024-12-31,1,Customer Changed Mind
RET005567,ORD0062957,P0149,2024-09-13,23,Wrong Item Delivered
RET005568,ORD0062961,P0091,2023-01-17,4,Customer Changed Mind
RET005569,ORD0063006,P0075,2023-12-15,1,Customer Changed Mind
RET005570,ORD0063007,P0159,2024-01-22,1,Customer Changed Mind
RET005571,ORD0063007,P0181,2024-01-12,1,Wrong Item Delivered
RET005572,ORD0063020,P0124,2024-06-05,2,Damaged in Transit
RET005573,ORD0063021,P0026,2024-06-20,1,Customer Changed Mind
RET005574,ORD0063042,P0132,2023-06-20,1,Customer Changed Mind
RET005575,ORD0063048,P0187,2023-09-03,1,Wrong Item Delivered
RET005576,ORD0063050,P0091,2023-09-22,1,Damaged in Transit
RET005577,ORD0063055,P0027,2024-02-06,1,Customer Changed Mind
RET005578,ORD0063084,P0162,2023-09-20,1,Customer Changed Mind
RET005579,ORD0063096,P0116,2024-05-06,1,Customer Changed Mind
RET005580,ORD0063109,P0119,2024-11-10,1,Other
RET005581,ORD0063122,P0027,2023-08-16,1,Damaged in Transit
RET005582,ORD0063125,P0169,2023-09-15,1,Quality Issue
RET005583,ORD0063150,P0028,2024-09-18,1,Damaged in Transit
RET005584,ORD0063153,P0170,2024-11-15,1,Wrong Item Delivered
RET005585,ORD0063157,P0144,2023-01-28,1,Customer Changed Mind
RET005586,ORD0063181,P0125,2024-12-31,5,Customer Changed Mind
RET005587,ORD0063185,P0123,2023-04-02,3,Customer Changed Mind
RET005588,ORD0063190,P0019,2023-07-14,1,Customer Changed Mind
RET005589,ORD0063215,P0015,2023-04-06,1,Customer Changed Mind
RET005590,ORD0063216,P0189,2023-05-02,1,Damaged in Transit
RET005591,ORD0063217,P0077,2023-05-10,1,Wrong Item Delivered
RET005592,ORD0063218,P0149,2023-05-19,1,Late Delivery
RET005593,ORD0063229,P0185,2024-03-18,1,Customer Changed Mind
RET005594,ORD0063261,P0144,2023-04-28,3,Damaged in Transit
RET005595,ORD0063275,P0177,2024-04-06,1,Wrong Item Delivered
RET005596,ORD0063277,P0068,2024-06-15,2,Late Delivery
RET005597,ORD0063280,P0087,2024-07-18,1,Customer Changed Mind
RET005598,ORD0063299,P0111,2023-07-13,1,Wrong Item Delivered
RET005599,ORD0063303,P0043,2023-09-14,1,Other
RET005600,ORD0063304,P0112,2023-09-19,1,Customer Changed Mind
RET005601,ORD0063317,P0088,2024-04-04,1,Customer Changed Mind
RET005602,ORD0063324,P0032,2024-09-19,2,Damaged in Transit
RET005603,ORD0063340,P0029,2023-08-18,1,Wrong Item Delivered
RET005604,ORD0063351,P0194,2024-06-01,1,Wrong Item Delivered
RET005605,ORD0063356,P0122,2024-08-09,3,Damaged in Transit
RET005606,ORD0063358,P0154,2024-11-25,2,Wrong Item Delivered
RET005607,ORD0063358,P0127,2024-12-10,4,Wrong Item Delivered
RET005608,ORD0063386,P0114,2024-10-25,1,Wrong Item Delivered
RET005609,ORD0063395,P0045,2024-01-25,30,Damaged in Transit
RET005610,ORD0063398,P0083,2024-07-05,7,Other
RET005611,ORD0063402,P0032,2024-10-29,8,Customer Changed Mind
RET005612,ORD0063405,P0022,2024-12-01,22,Customer Changed Mind
RET005613,ORD0063408,P0037,2023-05-04,1,Quality Issue
RET005614,ORD0063426,P0182,2024-09-02,2,Damaged in Transit
RET005615,ORD0063459,P0043,2024-01-17,14,Late Delivery
RET005616,ORD0063491,P0058,2023-12-09,1,Quality Issue
RET005617,ORD0063500,P0023,2024-08-21,1,Damaged in Transit
RET005618,ORD0063507,P0162,2024-12-16,1,Other
RET005619,ORD0063508,P0185,2024-12-24,1,Other
RET005620,ORD0063511,P0007,2023-01-20,1,Quality Issue
RET005621,ORD0063525,P0155,2024-01-17,1,Late Delivery
RET005622,ORD0063526,P0146,2024-01-17,1,Customer Changed Mind
RET005623,ORD0063537,P0036,2024-08-31,1,Customer Changed Mind
RET005624,ORD0063546,P0057,2023-01-15,1,Customer Changed Mind
RET005625,ORD0063552,P0123,2023-03-21,1,Damaged in Transit
RET005626,ORD0063573,P0131,2024-05-25,1,Wrong Item Delivered
RET005627,ORD0063579,P0004,2024-09-13,1,Wrong Item Delivered
RET005628,ORD0063589,P0023,2023-03-24,1,Late Delivery
RET005629,ORD0063590,P0181,2023-04-06,1,Damaged in Transit
RET005630,ORD0063601,P0092,2023-08-05,1,Customer Changed Mind
RET005631,ORD0063619,P0098,2024-07-12,1,Wrong Item Delivered
RET005632,ORD0063621,P0004,2024-08-03,1,Late Delivery
RET005633,ORD0063637,P0015,2023-06-19,2,Customer Changed Mind
RET005634,ORD0063651,P0136,2024-06-29,1,Late Delivery
RET005635,ORD0063669,P0074,2023-02-02,1,Damaged in Transit
RET005636,ORD0063689,P0054,2024-05-27,1,Late Delivery
RET005637,ORD0063700,P0085,2024-12-01,1,Wrong Item Delivered
RET005638,ORD0063710,P0132,2023-03-15,18,Quality Issue
RET005639,ORD0063719,P0116,2024-06-07,11,Late Delivery
RET005640,ORD0063731,P0104,2024-08-15,117,Quality Issue
RET005641,ORD0063733,P0122,2024-11-30,91,Quality Issue
RET005642,ORD0063741,P0157,2023-08-11,1,Wrong Item Delivered
RET005643,ORD0063741,P0133,2023-08-13,2,Wrong Item Delivered
RET005644,ORD0063742,P0024,2023-08-28,2,Other
RET005645,ORD0063751,P0186,2024-04-21,4,Damaged in Transit
RET005646,ORD0063778,P0144,2023-12-11,1,Other
RET005647,ORD0063787,P0061,2024-06-21,2,Customer Changed Mind
RET005648,ORD0063790,P0184,2024-07-17,1,Quality Issue
RET005649,ORD0063793,P0132,2024-10-12,1,Customer Changed Mind
RET005650,ORD0063822,P0176,2024-09-11,2,Customer Changed Mind
RET005651,ORD0063854,P0047,2024-04-21,1,Customer Changed Mind
RET005652,ORD0063856,P0047,2024-06-08,2,Customer Changed Mind
RET005653,ORD0063858,P0179,2024-07-18,1,Wrong Item Delivered
RET005654,ORD0063864,P0085,2023-08-04,2,Damaged in Transit
RET005655,ORD0063872,P0063,2024-01-28,90,Customer Changed Mind
RET005656,ORD0063892,P0028,2023-05-03,2,Quality Issue
RET005657,ORD0063938,P0093,2023-06-29,2,Quality Issue
RET005658,ORD0063944,P0195,2023-11-12,1,Other
RET005659,ORD0063967,P0120,2024-10-08,2,Wrong Item Delivered
RET005660,ORD0063979,P0038,2023-05-24,2,Customer Changed Mind
RET005661,ORD0063980,P0128,2023-04-29,1,Damaged in Transit
RET005662,ORD0063986,P0026,2023-08-02,1,Damaged in Transit
RET005663,ORD0063992,P0101,2023-10-28,1,Damaged in Transit
RET005664,ORD0064004,P0097,2024-08-16,1,Quality Issue
RET005665,ORD0064005,P0039,2024-08-19,1,Customer Changed Mind
RET005666,ORD0064027,P0038,2023-10-22,1,Other
RET005667,ORD0064037,P0165,2024-03-24,1,Late Delivery
RET005668,ORD0064048,P0168,2024-08-04,1,Damaged in Transit
RET005669,ORD0064050,P0168,2024-08-04,1,Quality Issue
RET005670,ORD0064059,P0034,2024-12-18,1,Damaged in Transit
RET005671,ORD0064077,P0082,2024-07-19,2,Damaged in Transit
RET005672,ORD0064087,P0149,2023-03-03,1,Damaged in Transit
RET005673,ORD0064091,P0180,2023-04-04,1,Wrong Item Delivered
RET005674,ORD0064097,P0063,2023-05-31,2,Customer Changed Mind
RET005675,ORD0064120,P0102,2023-02-04,2,Damaged in Transit
RET005676,ORD0064144,P0031,2024-10-23,2,Customer Changed Mind
RET005677,ORD0064161,P0187,2023-09-15,1,Quality Issue
RET005678,ORD0064165,P0194,2023-11-08,1,Damaged in Transit
RET005679,ORD0064173,P0104,2024-01-03,1,Customer Changed Mind
RET005680,ORD0064179,P0179,2024-01-26,1,Customer Changed Mind
RET005681,ORD0064197,P0122,2023-05-13,41,Damaged in Transit
RET005682,ORD0064214,P0028,2023-06-14,1,Damaged in Transit
RET005683,ORD0064214,P0050,2023-06-21,4,Damaged in Transit
RET005684,ORD0064234,P0016,2023-02-26,2,Wrong Item Delivered
RET005685,ORD0064244,P0014,2023-10-03,4,Other
RET005686,ORD0064259,P0097,2023-03-07,1,Wrong Item Delivered
RET005687,ORD0064270,P0037,2023-08-15,1,Wrong Item Delivered
RET005688,ORD0064277,P0049,2023-11-04,1,Late Delivery
RET005689,ORD0064280,P0053,2024-01-01,1,Late Delivery
RET005690,ORD0064299,P0035,2024-09-18,1,Customer Changed Mind
RET005691,ORD0064300,P0119,2024-10-20,1,Other
RET005692,ORD0064306,P0183,2023-06-28,1,Damaged in Transit
RET005693,ORD0064319,P0013,2024-08-27,1,Damaged in Transit
RET005694,ORD0064324,P0096,2023-03-03,1,Customer Changed Mind
RET005695,ORD0064325,P0057,2023-03-14,1,Damaged in Transit
RET005696,ORD0064330,P0049,2023-07-16,1,Late Delivery
RET005697,ORD0064347,P0044,2024-08-02,2,Other
RET005698,ORD0064348,P0028,2024-08-21,1,Damaged in Transit
RET005699,ORD0064351,P0165,2024-09-30,2,Customer Changed Mind
RET005700,ORD0064353,P0060,2024-11-18,1,Damaged in Transit
RET005701,ORD0064363,P0123,2023-09-15,3,Customer Changed Mind
RET005702,ORD0064374,P0057,2024-11-12,2,Customer Changed Mind
RET005703,ORD0064385,P0020,2023-10-09,4,Quality Issue
RET005704,ORD0064391,P0103,2024-03-29,1,Customer Changed Mind
RET005705,ORD0064398,P0041,2023-02-24,66,Wrong Item Delivered
RET005706,ORD0064401,P0106,2023-08-21,2,Late Delivery
RET005707,ORD0064402,P0045,2023-11-25,16,Quality Issue
RET005708,ORD0064422,P0005,2023-08-08,1,Customer Changed Mind
RET005709,ORD0064438,P0162,2024-06-05,1,Wrong Item Delivered
RET005710,ORD0064445,P0132,2024-09-15,1,Quality Issue
RET005711,ORD0064448,P0062,2024-11-30,1,Damaged in Transit
RET005712,ORD0064469,P0034,2023-11-16,1,Customer Changed Mind
RET005713,ORD0064475,P0043,2024-01-06,1,Late Delivery
RET005714,ORD0064493,P0117,2023-01-23,1,Quality Issue
RET005715,ORD0064495,P0191,2023-03-07,1,Customer Changed Mind
RET005716,ORD0064504,P0182,2023-07-17,1,Late Delivery
RET005717,ORD0064529,P0111,2023-05-18,1,Wrong Item Delivered
RET005718,ORD0064540,P0074,2023-10-06,1,Late Delivery
RET005719,ORD0064547,P0057,2024-04-03,1,Customer Changed Mind
RET005720,ORD0064550,P0119,2024-05-04,1,Wrong Item Delivered
RET005721,ORD0064574,P0132,2023-12-25,1,Customer Changed Mind
RET005722,ORD0064594,P0169,2024-09-27,1,Wrong Item Delivered
RET005723,ORD0064598,P0083,2024-10-03,1,Wrong Item Delivered
RET005724,ORD0064619,P0149,2023-08-19,1,Late Delivery
RET005725,ORD0064625,P0176,2023-11-19,2,Quality Issue
RET005726,ORD0064628,P0028,2024-03-28,2,Customer Changed Mind
RET005727,ORD0064660,P0033,2024-01-16,2,Other
RET005728,ORD0064672,P0126,2024-06-22,1,Damaged in Transit
RET005729,ORD0064683,P0052,2024-10-30,1,Late Delivery
RET005730,ORD0064691,P0194,2023-03-22,1,Customer Changed Mind
RET005731,ORD0064693,P0169,2023-04-16,1,Quality Issue
RET005732,ORD0064700,P0077,2023-08-10,1,Damaged in Transit
RET005733,ORD0064713,P0003,2024-04-12,1,Late Delivery
RET005734,ORD0064742,P0034,2023-08-28,2,Damaged in Transit
RET005735,ORD0064761,P0059,2023-01-26,1,Quality Issue
RET005736,ORD0064780,P0042,2024-04-24,1,Wrong Item Delivered
RET005737,ORD0064788,P0075,2024-10-04,1,Wrong Item Delivered
RET005738,ORD0064799,P0175,2023-08-28,2,Wrong Item Delivered
RET005739,ORD0064809,P0056,2024-04-03,5,Wrong Item Delivered
RET005740,ORD0064817,P0044,2024-07-26,1,Customer Changed Mind
RET005741,ORD0064820,P0196,2024-10-06,1,Other
RET005742,ORD0064853,P0040,2024-05-30,2,Wrong Item Delivered
RET005743,ORD0064854,P0125,2024-06-11,1,Late Delivery
RET005744,ORD0064856,P0088,2024-07-17,1,Other
RET005745,ORD0064862,P0155,2024-12-07,1,Customer Changed Mind
RET005746,ORD0064866,P0055,2023-05-13,1,Late Delivery
RET005747,ORD0064869,P0115,2023-09-07,1,Wrong Item Delivered
RET005748,ORD0064886,P0008,2024-07-19,1,Late Delivery
RET005749,ORD0064890,P0044,2024-07-29,1,Customer Changed Mind
RET005750,ORD0064913,P0008,2023-11-20,1,Quality Issue
RET005751,ORD0064915,P0158,2023-11-21,1,Customer Changed Mind
RET005752,ORD0064928,P0181,2024-05-24,1,Other
RET005753,ORD0064934,P0105,2024-10-10,1,Late Delivery
RET005754,ORD0064935,P0111,2024-10-28,1,Other
RET005755,ORD0064966,P0191,2024-03-10,1,Customer Changed Mind
RET005756,ORD0064969,P0111,2024-04-27,2,Wrong Item Delivered
RET005757,ORD0064988,P0185,2024-01-25,1,Quality Issue
RET005758,ORD9999999,P0112,2024-02-15,1,Customer Changed Mind
RET005759,ORD0064992,P0187,2024-04-15,1,Customer Changed Mind
RET005760,ORD0065033,P0074,2024-12-07,1,Other
RET005761,ORD0065035,P0052,2024-12-01,1,Quality Issue
RET005762,ORD0065039,P0162,2023-03-15,2,Other
RET005763,ORD0065043,P0111,2023-07-12,1,Quality Issue
RET005764,ORD0065082,P0048,2023-11-10,2,Wrong Item Delivered
RET005765,ORD0065090,P0050,2024-05-24,1,Quality Issue
RET005766,ORD0065106,P0049,2023-03-19,1,Customer Changed Mind
RET005767,ORD0065110,P0155,2023-05-27,1,Wrong Item Delivered
RET005768,ORD0065113,P0074,2023-07-01,1,Wrong Item Delivered
RET005769,ORD0065117,P0013,2023-08-06,1,Damaged in Transit
RET005770,ORD0065135,P0149,2024-07-23,1,Customer Changed Mind
RET005771,ORD0065142,P0104,2024-10-09,1,Customer Changed Mind
RET005772,ORD0065160,P0134,2024-01-09,4,Customer Changed Mind
RET005773,ORD0065187,P0174,2023-04-25,1,Damaged in Transit
RET005774,ORD0065189,P0037,2023-05-17,2,Customer Changed Mind
RET005775,ORD0065206,P0198,2024-04-23,1,Wrong Item Delivered
RET005776,ORD0065206,P0005,2024-04-28,1,Wrong Item Delivered
RET005777,ORD0065224,P0083,2023-04-22,1,Wrong Item Delivered
RET005778,ORD0065234,P0109,2024-04-05,1,Customer Changed Mind
RET005779,ORD0065235,P0029,2024-06-19,1,Damaged in Transit
RET005780,ORD0065237,P0047,2024-07-17,1,Other
RET005781,ORD0065240,P0112,2024-08-13,5,Customer Changed Mind
RET005782,ORD0065244,P0059,2024-11-03,1,Wrong Item Delivered
RET005783,ORD0065255,P0058,2023-05-18,283,Damaged in Transit
RET005784,ORD0065256,P0101,2023-07-02,115,Quality Issue
RET005785,ORD0065266,P0126,2023-03-20,17,Late Delivery
RET005786,ORD0065290,P0012,2024-02-25,2,Damaged in Transit
RET005787,ORD0065304,P0016,2023-06-24,2,Customer Changed Mind
RET005788,ORD0065308,P0029,2024-01-01,39,Customer Changed Mind
RET005789,ORD0065317,P0147,2024-12-30,131,Damaged in Transit
RET005790,ORD0065323,P0199,2023-11-12,1,Damaged in Transit
RET005791,ORD0065326,P0146,2024-05-07,1,Wrong Item Delivered
RET005792,ORD0065326,P0038,2024-05-15,3,Wrong Item Delivered
RET005793,ORD0065345,P0121,2023-09-04,1,Other
RET005794,ORD0065349,P0049,2023-11-08,1,Wrong Item Delivered
RET005795,ORD0065351,P0111,2023-11-24,1,Wrong Item Delivered
RET005796,ORD0065356,P0029,2024-01-22,4,Customer Changed Mind
RET005797,ORD0065370,P0075,2024-12-09,1,Wrong Item Delivered
RET005798,ORD0065376,P0180,2023-04-05,3,Other
RET005799,ORD0065395,P0191,2024-08-13,1,Quality Issue
RET005800,ORD0065398,P0110,2024-09-28,1,Quality Issue
RET005801,ORD0065398,P0083,2024-09-26,1,Customer Changed Mind
RET005802,ORD0065400,P0137,2024-10-18,1,Quality Issue
RET005803,ORD0065401,P0169,2024-11-01,1,Customer Changed Mind
RET005804,ORD0065423,P0096,2024-07-12,1,Customer Changed Mind
RET005805,ORD0065442,P0086,2024-01-28,1,Wrong Item Delivered
RET005806,ORD0065443,P0187,2024-03-12,1,Quality Issue
RET005807,ORD0065452,P0121,2024-07-08,1,Quality Issue
RET005808,ORD0065514,P0078,2023-05-05,1,Wrong Item Delivered
RET005809,ORD0065518,P0099,2023-08-01,3,Wrong Item Delivered
RET005810,ORD0065534,P0051,2023-02-21,1,Quality Issue
RET005811,ORD0065538,P0076,2023-05-17,1,Wrong Item Delivered
RET005812,ORD0065567,P0084,2024-07-26,2,Damaged in Transit
RET005813,ORD0065582,P0052,2023-12-26,10,Damaged in Transit
RET005814,ORD0065584,P0060,2024-03-12,18,Customer Changed Mind
RET005815,ORD0065611,P0129,2023-07-23,1,Quality Issue
RET005816,ORD0065615,P0068,2023-09-21,1,Quality Issue
RET005817,ORD0065624,P0182,2024-04-09,1,Wrong Item Delivered
RET005818,ORD0065627,P0034,2024-08-09,1,Other
RET005819,ORD0065649,P0028,2023-12-28,1,Wrong Item Delivered
RET005820,ORD0065651,P0141,2024-01-04,2,Wrong Item Delivered
RET005821,ORD0065679,P0011,2023-07-10,2,Quality Issue
RET005822,ORD0065682,P0177,2023-08-08,1,Quality Issue
RET005823,ORD0065688,P0189,2023-12-30,2,Quality Issue
RET005824,ORD0065729,P0165,2024-02-21,1,Quality Issue
RET005825,ORD0065751,P0129,2024-02-27,73,Quality Issue
RET005826,ORD0065753,P0166,2024-03-29,29,Quality Issue
RET005827,ORD0065760,P0002,2023-02-07,1,Customer Changed Mind
RET005828,ORD0065764,P0198,2023-06-11,2,Other
RET005829,ORD0065794,P0126,2023-02-18,1,Wrong Item Delivered
RET005830,ORD0065809,P0005,2024-05-29,1,Quality Issue
RET005831,ORD0065836,P0092,2023-12-29,1,Customer Changed Mind
RET005832,ORD0065845,P0005,2024-04-24,1,Damaged in Transit
RET005833,ORD0065869,P0028,2023-11-03,2,Late Delivery
RET005834,ORD0065891,P0008,2023-05-21,28,Customer Changed Mind
RET005835,ORD0065901,P0146,2024-07-21,14,Quality Issue
RET005836,ORD0065925,P0181,2023-07-17,1,Damaged in Transit
RET005837,ORD0065928,P0027,2023-10-20,1,Damaged in Transit
RET005838,ORD0065933,P0128,2024-02-21,1,Other
RET005839,ORD0065936,P0002,2024-09-13,1,Customer Changed Mind
RET005840,ORD0065968,P0181,2024-05-10,1,Late Delivery
RET005841,ORD0065983,P0168,2023-04-11,4,Customer Changed Mind
RET005842,ORD0065991,P0105,2023-10-18,2,Late Delivery
RET005843,ORD0065996,P0188,2024-03-22,1,Quality Issue
RET005844,ORD0065998,P0132,2024-05-13,2,Damaged in Transit
RET005845,ORD0066021,P0023,2023-01-25,2,Quality Issue
RET005846,ORD0066095,P0055,2023-09-01,1,Wrong Item Delivered
RET005847,ORD0066102,P0083,2024-07-23,1,Quality Issue
RET005848,ORD0066107,P0056,2024-10-09,1,Damaged in Transit
RET005849,ORD0066107,P0015,2024-10-05,1,Damaged in Transit
RET005850,ORD0066117,P0142,2023-04-24,1,Customer Changed Mind
RET005851,ORD0066118,P0014,2023-05-16,1,Other
RET005852,ORD0066133,P0158,2024-02-29,1,Quality Issue
RET005853,ORD0066146,P0044,2024-09-20,1,Customer Changed Mind
RET005854,ORD0066163,P0154,2023-09-17,1,Quality Issue
RET005855,ORD0066164,P0107,2023-09-22,1,Customer Changed Mind
RET005856,ORD0066165,P0186,2023-10-15,2,Quality Issue
RET005857,ORD0066179,P0001,2024-02-01,2,Damaged in Transit
RET005858,ORD0066190,P0033,2024-06-20,1,Damaged in Transit
RET005859,ORD0066210,P0195,2024-03-16,19,Quality Issue
RET005860,ORD0066220,P0033,2023-03-29,2,Damaged in Transit
RET005861,ORD0066226,P0176,2023-07-05,1,Customer Changed Mind
RET005862,ORD0066228,P0042,2023-08-30,1,Customer Changed Mind
RET005863,ORD0066230,P0181,2023-09-21,2,Customer Changed Mind
RET005864,ORD0066233,P0008,2023-10-03,2,Damaged in Transit
RET005865,ORD0066244,P0063,2024-03-31,2,Quality Issue
RET005866,ORD0066249,P0168,2024-08-24,2,Wrong Item Delivered
RET005867,ORD0066271,P0107,2024-05-21,1,Quality Issue
RET005868,ORD0066278,P0192,2024-09-18,1,Quality Issue
RET005869,ORD0066288,P0070,2023-02-06,1,Quality Issue
RET005870,ORD0066307,P0170,2024-01-06,4,Late Delivery
RET005871,ORD0066311,P0049,2024-06-24,1,Other
RET005872,ORD0066312,P0183,2024-08-01,2,Damaged in Transit
RET005873,ORD0066313,P0108,2024-09-02,5,Other
RET005874,ORD0066317,P0137,2024-12-08,2,Customer Changed Mind
RET005875,ORD0066319,P0116,2023-03-07,1,Late Delivery
RET005876,ORD0066323,P0044,2023-07-24,2,Quality Issue
RET005877,ORD0066328,P0179,2023-11-19,3,Wrong Item Delivered
RET005878,ORD0066359,P0150,2023-10-09,1,Late Delivery
RET005879,ORD0066367,P0188,2024-05-29,1,Damaged in Transit
RET005880,ORD0066372,P0144,2024-06-26,1,Customer Changed Mind
RET005881,ORD0066372,P0194,2024-07-06,1,Quality Issue
RET005882,ORD0066387,P0133,2024-11-16,2,Wrong Item Delivered
RET005883,ORD0066395,P0170,2023-02-27,1,Wrong Item Delivered
RET005884,ORD0066425,P0140,2024-11-25,1,Damaged in Transit
RET005885,ORD0066435,P0023,2023-06-04,1,Wrong Item Delivered
RET005886,ORD0066471,P0165,2024-12-01,1,Wrong Item Delivered
RET005887,ORD0066490,P0038,2024-02-04,1,Customer Changed Mind
RET005888,ORD0066496,P0193,2024-07-18,1,Wrong Item Delivered
RET005889,ORD0066536,P0196,2024-09-08,1,Damaged in Transit
RET005890,ORD0066564,P0146,2023-04-02,1,Quality Issue
RET005891,ORD0066576,P0190,2023-11-21,1,Customer Changed Mind
RET005892,ORD0066577,P0159,2023-11-28,1,Late Delivery
RET005893,ORD0066585,P0008,2024-04-28,1,Wrong Item Delivered
RET005894,ORD0066634,P0125,2024-05-30,1,Quality Issue
RET005895,ORD0066649,P0082,2024-10-24,1,Customer Changed Mind
RET005896,ORD0066650,P0048,2024-11-05,1,Other
RET005897,ORD0066653,P0108,2023-02-02,2,Late Delivery
RET005898,ORD0066668,P0004,2024-03-04,2,Wrong Item Delivered
RET005899,ORD0066674,P0069,2024-10-27,2,Other
RET005900,ORD0066687,P0090,2023-09-16,3,Damaged in Transit
RET005901,ORD0066688,P0007,2023-09-25,1,Wrong Item Delivered
RET005902,ORD0066688,P0183,2023-09-20,2,Wrong Item Delivered
RET005903,ORD0066714,P0101,2023-03-16,1,Damaged in Transit
RET005904,ORD0066722,P0016,2024-01-14,1,Damaged in Transit
RET005905,ORD0066722,P0059,2024-01-23,1,Damaged in Transit
RET005906,ORD0066726,P0008,2024-04-05,2,Quality Issue
RET005907,ORD0066734,P0076,2024-10-29,1,Customer Changed Mind
RET005908,ORD0066745,P0179,2023-05-09,1,Quality Issue
RET005909,ORD0066792,P0186,2024-02-06,52,Wrong Item Delivered
RET005910,ORD0066792,P0196,2024-01-30,44,Customer Changed Mind
RET005911,ORD0066814,P0035,2023-11-06,1,Quality Issue
RET005912,ORD0066829,P0087,2024-08-02,1,Other
RET005913,ORD0066840,P0016,2024-10-08,1,Quality Issue
RET005914,ORD0066849,P0132,2023-06-09,1,Customer Changed Mind
RET005915,ORD0066853,P0133,2023-07-19,1,Damaged in Transit
RET005916,ORD0066856,P0084,2023-12-06,1,Quality Issue
RET005917,ORD0066879,P0159,2024-09-17,309,Wrong Item Delivered
RET005918,ORD0066899,P0008,2023-08-06,1,Customer Changed Mind
RET005919,ORD0066926,P0016,2024-11-14,1,Other
RET005920,ORD0066927,P0183,2024-11-28,1,Damaged in Transit
RET005921,ORD0066934,P0044,2023-04-30,1,Late Delivery
RET005922,ORD0066941,P0165,2023-08-05,1,Customer Changed Mind
RET005923,ORD0066949,P0149,2024-02-14,1,Other
RET005924,ORD0066952,P0004,2024-03-16,1,Quality Issue
RET005925,ORD0066959,P0153,2024-06-25,1,Damaged in Transit
RET005926,ORD0066961,P0146,2024-07-13,2,Damaged in Transit
RET005927,ORD0066970,P0078,2024-12-26,1,Quality Issue
RET005928,ORD0066979,P0185,2023-06-12,1,Quality Issue
RET005929,ORD0066985,P0093,2024-05-01,4,Late Delivery
RET005930,ORD0067009,P0136,2023-10-25,1,Wrong Item Delivered
RET005931,ORD0067013,P0021,2023-12-03,3,Customer Changed Mind
RET005932,ORD0067025,P0112,2024-11-07,1,Damaged in Transit
RET005933,ORD0067031,P0004,2023-02-21,2,Quality Issue
RET005934,ORD0067044,P0128,2023-12-26,1,Quality Issue
RET005935,ORD0067073,P0048,2023-01-22,3,Wrong Item Delivered
RET005936,ORD0067074,P0065,2023-02-25,4,Customer Changed Mind
RET005937,ORD0067075,P0036,2023-03-24,2,Quality Issue
RET005938,ORD0067077,P0060,2023-05-14,1,Quality Issue
RET005939,ORD0067087,P0053,2024-01-01,1,Wrong Item Delivered
RET005940,ORD0067089,P0068,2024-01-24,1,Customer Changed Mind
RET005941,ORD0067094,P0195,2024-06-07,2,Wrong Item Delivered
RET005942,ORD0067098,P0150,2024-09-08,4,Wrong Item Delivered
RET005943,ORD0067098,P0196,2024-09-08,3,Wrong Item Delivered
RET005944,ORD0067105,P0104,2023-03-23,4,Customer Changed Mind
RET005945,ORD0067137,P0094,2023-06-29,1,Customer Changed Mind
RET005946,ORD0067143,P0142,2023-10-14,1,Damaged in Transit
RET005947,ORD0067146,P0187,2024-02-08,1,Quality Issue
RET005948,ORD0067151,P0034,2024-06-28,5,Customer Changed Mind
RET005949,ORD0067183,P0196,2023-07-13,2,Damaged in Transit
RET005950,ORD0067189,P0022,2023-12-31,1,Late Delivery
RET005951,ORD0067199,P0025,2024-04-24,1,Quality Issue
RET005952,ORD0067204,P0196,2024-10-01,1,Wrong Item Delivered
RET005953,ORD0067206,P0157,2024-11-19,1,Damaged in Transit
RET005954,ORD0067218,P0157,2023-04-15,43,Wrong Item Delivered
RET005955,ORD0067229,P0049,2023-03-04,2,Other
RET005956,ORD0067231,P0182,2023-06-07,2,Quality Issue
RET005957,ORD0067251,P0174,2024-04-14,1,Wrong Item Delivered
RET005958,ORD0067252,P0073,2024-05-02,2,Damaged in Transit
RET005959,ORD0067256,P0031,2024-10-14,1,Quality Issue
RET005960,ORD0067274,P0066,2024-05-31,140,Customer Changed Mind
RET005961,ORD0067292,P0144,2023-11-08,1,Damaged in Transit
RET005962,ORD0067294,P0139,2023-12-21,3,Customer Changed Mind
RET005963,ORD0067309,P0062,2023-07-23,238,Damaged in Transit
RET005964,ORD0067311,P0024,2023-10-01,7,Customer Changed Mind
RET005965,ORD0067322,P0032,2024-11-20,71,Quality Issue
RET005966,ORD0067332,P0062,2023-10-02,1,Wrong Item Delivered
RET005967,ORD0067341,P0032,2024-05-04,1,Damaged in Transit
RET005968,ORD0067341,P0107,2024-04-26,2,Damaged in Transit
RET005969,ORD0067343,P0066,2024-05-23,4,Customer Changed Mind
RET005970,ORD0067379,P0047,2024-03-25,1,Late Delivery
RET005971,ORD0067397,P0195,2024-12-02,1,Quality Issue
RET005972,ORD0067400,P0012,2023-02-10,1,Customer Changed Mind
RET005973,ORD0067405,P0068,2023-05-23,5,Customer Changed Mind
RET005974,ORD0067419,P0038,2024-04-29,1,Damaged in Transit
RET005975,ORD0067430,P0196,2023-06-20,2,Quality Issue
RET005976,ORD0067440,P0174,2024-01-19,1,Wrong Item Delivered
RET005977,ORD0067494,P0024,2023-11-26,1,Wrong Item Delivered
RET005978,ORD0067494,P0146,2023-12-01,1,Wrong Item Delivered
RET005979,ORD0067494,P0074,2023-12-09,1,Wrong Item Delivered
RET005980,ORD0067497,P0170,2024-01-26,3,Quality Issue
RET005981,ORD0067516,P0111,2023-06-09,3,Wrong Item Delivered
RET005982,ORD0067519,P0011,2023-09-29,1,Damaged in Transit
RET005983,ORD0067542,P0065,2023-08-24,2,Other
RET005984,ORD0067577,P0008,2024-10-01,22,Wrong Item Delivered
RET005985,ORD0067579,P0150,2024-11-13,48,Wrong Item Delivered
RET005986,ORD0067579,P0132,2024-11-18,16,Wrong Item Delivered
RET005987,ORD0067613,P0034,2023-02-24,1,Damaged in Transit
RET005988,ORD0067620,P0192,2023-07-15,1,Customer Changed Mind
RET005989,ORD0067630,P0013,2023-12-04,1,Customer Changed Mind
RET005990,ORD0067632,P0146,2023-12-26,1,Damaged in Transit
RET005991,ORD0067632,P0031,2023-12-20,1,Damaged in Transit
RET005992,ORD0067633,P0016,2024-02-17,1,Wrong Item Delivered
RET005993,ORD0067636,P0087,2024-04-16,1,Customer Changed Mind
RET005994,ORD0067653,P0043,2023-09-10,8,Quality Issue
RET005995,ORD0067665,P0162,2024-12-13,53,Quality Issue
RET005996,ORD0067685,P0144,2023-10-11,1,Damaged in Transit
RET005997,ORD0067686,P0071,2023-11-11,2,Customer Changed Mind
RET005998,ORD0067720,P0051,2023-04-26,1,Customer Changed Mind
RET005999,ORD0067723,P0165,2023-05-26,1,Damaged in Transit
RET006000,ORD0067733,P0031,2023-11-14,1,Customer Changed Mind
RET006001,ORD0067751,P0004,2024-10-18,1,Damaged in Transit
RET006002,ORD0067764,P0079,2023-07-18,2,Quality Issue
RET006003,ORD0067777,P0122,2024-09-23,1,Damaged in Transit
RET006004,ORD0067806,P0083,2023-02-23,152,Other
RET006005,ORD0067812,P0020,2024-05-17,155,Customer Changed Mind
RET006006,ORD0067817,P0074,2023-01-22,1,Quality Issue
RET006007,ORD0067818,P0126,2023-02-05,1,Late Delivery
RET006008,ORD0067839,P0062,2024-05-22,2,Damaged in Transit
RET006009,ORD0067846,P0079,2024-08-29,1,Late Delivery
RET006010,ORD0067856,P0134,2024-12-09,1,Other
RET006011,ORD0067864,P0137,2023-01-30,1,Quality Issue
RET006012,ORD0067898,P0058,2024-12-08,2,Other
RET006013,ORD0067911,P0010,2023-12-05,1,Quality Issue
RET006014,ORD0067917,P0023,2024-05-24,2,Quality Issue
RET006015,ORD0067919,P0049,2024-08-12,2,Customer Changed Mind
RET006016,ORD0067925,P0093,2023-02-01,2,Wrong Item Delivered
RET006017,ORD0067935,P0159,2023-08-21,1,Customer Changed Mind
RET006018,ORD0067936,P0024,2023-12-10,4,Late Delivery
RET006019,ORD0067938,P0127,2023-11-26,1,Damaged in Transit
RET006020,ORD0067955,P0049,2024-10-30,1,Other
RET006021,ORD0067955,P0093,2024-10-27,3,Late Delivery
RET006022,ORD0067990,P0179,2024-09-10,1,Customer Changed Mind
RET006023,ORD0067996,P0150,2024-12-05,2,Other
RET006024,ORD0068005,P0007,2023-08-03,1,Wrong Item Delivered
RET006025,ORD0068005,P0083,2023-08-01,3,Wrong Item Delivered
RET006026,ORD0068013,P0032,2023-12-27,1,Wrong Item Delivered
RET006027,ORD0068017,P0042,2024-03-30,4,Wrong Item Delivered
RET006028,ORD0068023,P0053,2024-07-03,1,Damaged in Transit
RET006029,ORD0068037,P0012,2023-03-11,1,Wrong Item Delivered
RET006030,ORD0068050,P0028,2023-12-24,1,Quality Issue
RET006031,ORD0068054,P0012,2024-02-25,1,Wrong Item Delivered
RET006032,ORD0068056,P0048,2024-02-28,1,Customer Changed Mind
RET006033,ORD0068061,P0136,2024-05-05,1,Other
RET006034,ORD0068076,P0098,2024-11-02,1,Wrong Item Delivered
RET006035,ORD0068089,P0164,2023-07-06,2,Wrong Item Delivered
RET006036,ORD0068103,P0115,2024-01-07,1,Customer Changed Mind
RET006037,ORD0068117,P0062,2023-01-10,1,Wrong Item Delivered
RET006038,ORD0068135,P0048,2023-10-07,2,Wrong Item Delivered
RET006039,ORD0068148,P0117,2024-03-18,1,Damaged in Transit
RET006040,ORD0068158,P0157,2024-10-09,1,Other
RET006041,ORD0068168,P0034,2023-03-16,2,Damaged in Transit
RET006042,ORD0068168,P0126,2023-03-19,1,Damaged in Transit
RET006043,ORD0068181,P0050,2023-10-02,1,Quality Issue
RET006044,ORD0068209,P0065,2023-03-23,1,Late Delivery
RET006045,ORD0068210,P0184,2023-04-05,1,Late Delivery
RET006046,ORD0068212,P0182,2023-07-18,2,Quality Issue
RET006047,ORD0068220,P0015,2023-12-21,1,Other
RET006048,ORD0068237,P0031,2024-07-25,1,Wrong Item Delivered
RET006049,ORD0068247,P0120,2023-03-28,23,Wrong Item Delivered
RET006050,ORD0068270,P0106,2023-07-07,1,Damaged in Transit
RET006051,ORD0068274,P0168,2023-09-29,1,Wrong Item Delivered
RET006052,ORD0068275,P0157,2023-10-04,2,Customer Changed Mind
RET006053,ORD0068340,P0137,2023-02-18,2,Customer Changed Mind
RET006054,ORD0068344,P0131,2023-05-11,4,Quality Issue
RET006055,ORD0068356,P0039,2024-03-05,1,Quality Issue
RET006056,ORD0068369,P0165,2023-02-10,1,Quality Issue
RET006057,ORD0068372,P0082,2023-04-02,1,Customer Changed Mind
RET006058,ORD0068375,P0073,2023-08-04,1,Customer Changed Mind
RET006059,ORD0068375,P0126,2023-08-03,2,Quality Issue
RET006060,ORD0068383,P0080,2024-04-11,1,Quality Issue
RET006061,ORD0068398,P0122,2023-11-26,1,Other
RET006062,ORD0068399,P0198,2023-12-20,1,Wrong Item Delivered
RET006063,ORD0068406,P0103,2024-04-29,1,Other
RET006064,ORD0068421,P0162,2024-01-07,173,Damaged in Transit
RET006065,ORD0068435,P0043,2023-06-22,1,Late Delivery
RET006066,ORD0068439,P0114,2023-08-03,2,Damaged in Transit
RET006067,ORD0068444,P0004,2023-10-18,2,Late Delivery
RET006068,ORD0068481,P0094,2023-02-27,1,Quality Issue
RET006069,ORD0068553,P0193,2023-09-19,2,Other
RET006070,ORD0068598,P0100,2023-04-02,1,Quality Issue
RET006071,ORD0068599,P0047,2023-04-11,2,Quality Issue
RET006072,ORD0068605,P0020,2023-09-18,1,Customer Changed Mind
RET006073,ORD0068605,P0012,2023-09-06,1,Customer Changed Mind
RET006074,ORD0068615,P0108,2024-04-17,2,Quality Issue
RET006075,ORD0068620,P0179,2024-07-13,1,Quality Issue
RET006076,ORD0068634,P0114,2023-08-08,88,Customer Changed Mind
RET006077,ORD0068639,P0159,2023-01-20,1,Customer Changed Mind
RET006078,ORD0068657,P0100,2023-10-27,1,Quality Issue
RET006079,ORD0068681,P0023,2024-11-21,2,Wrong Item Delivered
RET006080,ORD0068690,P0114,2023-07-18,92,Quality Issue
RET006081,ORD0068692,P0116,2023-10-05,129,Quality Issue
RET006082,ORD0068705,P0137,2023-03-28,2,Wrong Item Delivered
RET006083,ORD0068717,P0157,2024-02-19,1,Damaged in Transit
RET006084,ORD0068722,P0179,2024-06-25,1,Quality Issue
RET006085,ORD0068722,P0108,2024-06-20,4,Quality Issue
RET006086,ORD0068738,P0003,2023-12-26,1,Wrong Item Delivered
RET006087,ORD0068758,P0078,2023-03-15,2,Wrong Item Delivered
RET006088,ORD0068770,P0148,2023-09-29,2,Wrong Item Delivered
RET006089,ORD0068773,P0036,2023-12-01,2,Customer Changed Mind
RET006090,ORD0068792,P0024,2023-05-06,1,Quality Issue
RET006091,ORD0068796,P0037,2023-06-08,2,Damaged in Transit
RET006092,ORD0068799,P0038,2023-06-26,1,Customer Changed Mind
RET006093,ORD0068817,P0074,2024-05-20,1,Customer Changed Mind
RET006094,ORD0068824,P0149,2024-11-04,1,Wrong Item Delivered
RET006095,ORD0068864,P0032,2023-12-15,1,Quality Issue
RET006096,ORD0068890,P0187,2023-09-30,1,Quality Issue
RET006097,ORD0068904,P0091,2024-05-20,1,Quality Issue
RET006098,ORD0068953,P0080,2023-03-17,1,Wrong Item Delivered
RET006099,ORD0068980,P0178,2023-09-04,67,Wrong Item Delivered
RET006100,ORD0069019,P0157,2024-05-02,1,Customer Changed Mind
RET006101,ORD0069020,P0144,2024-05-16,2,Wrong Item Delivered
RET006102,ORD0069029,P0051,2024-10-06,2,Customer Changed Mind
RET006103,ORD0069035,P0008,2023-01-14,2,Quality Issue
RET006104,ORD0069038,P0087,2023-04-14,2,Wrong Item Delivered
RET006105,ORD0069053,P0173,2024-04-18,3,Damaged in Transit
RET006106,ORD0069055,P0007,2024-07-04,3,Quality Issue
RET006107,ORD0069086,P0052,2024-11-18,1,Customer Changed Mind
RET006108,ORD0069103,P0052,2023-07-03,1,Damaged in Transit
RET006109,ORD0069103,P0178,2023-07-03,1,Damaged in Transit
RET006110,ORD0069106,P0057,2023-09-09,1,Quality Issue
RET006111,ORD0069129,P0034,2024-10-18,1,Wrong Item Delivered
RET006112,ORD0069159,P0049,2024-03-29,1,Damaged in Transit
RET006113,ORD0069160,P0168,2024-04-10,2,Customer Changed Mind
RET006114,ORD0069170,P0083,2024-08-30,1,Damaged in Transit
RET006115,ORD0069200,P0177,2023-08-22,1,Quality Issue
RET006116,ORD0069211,P0023,2024-02-13,2,Damaged in Transit
RET006117,ORD0069215,P0087,2024-04-22,1,Wrong Item Delivered
RET006118,ORD0069228,P0014,2024-10-18,1,Customer Changed Mind
RET006119,ORD0069232,P0093,2023-01-28,1,Late Delivery
RET006120,ORD0069239,P0182,2023-04-09,1,Damaged in Transit
RET006121,ORD0069245,P0052,2023-08-31,1,Customer Changed Mind
RET006122,ORD0069255,P0102,2023-12-21,1,Damaged in Transit
RET006123,ORD0069256,P0094,2024-01-17,1,Wrong Item Delivered
RET006124,ORD0069279,P0144,2023-02-17,1,Late Delivery
RET006125,ORD0069283,P0023,2023-05-24,1,Damaged in Transit
RET006126,ORD0069284,P0062,2023-06-01,1,Damaged in Transit
RET006127,ORD0069294,P0137,2024-02-23,1,Quality Issue
RET006128,ORD0069303,P0099,2024-08-22,1,Customer Changed Mind
RET006129,ORD0069314,P0186,2023-03-07,1,Customer Changed Mind
RET006130,ORD0069335,P0060,2024-06-24,2,Customer Changed Mind
RET006131,ORD0069361,P0128,2024-03-16,1,Damaged in Transit
RET006132,ORD0069368,P0001,2024-09-14,1,Other
RET006133,ORD0069387,P0068,2024-12-30,46,Customer Changed Mind
RET006134,ORD0069408,P0074,2024-11-03,2,Damaged in Transit
RET006135,ORD0069408,P0137,2024-11-09,1,Damaged in Transit
RET006136,ORD0069410,P0008,2024-12-09,1,Quality Issue
RET006137,ORD0069415,P0099,2023-02-26,1,Late Delivery
RET006138,ORD0069435,P0200,2024-04-25,2,Quality Issue
RET006139,ORD0069453,P0188,2023-03-07,1,Damaged in Transit
RET006140,ORD0069453,P0165,2023-03-14,2,Damaged in Transit
RET006141,ORD0069482,P0050,2024-02-12,1,Other
RET006142,ORD0069517,P0112,2024-07-29,1,Customer Changed Mind
RET006143,ORD0069523,P0187,2024-11-18,1,Customer Changed Mind
RET006144,ORD0069538,P0013,2024-05-18,23,Customer Changed Mind
RET006145,ORD0069543,P0060,2024-10-14,2,Late Delivery
RET006146,ORD9999999,P0062,2023-06-06,2,Customer Changed Mind
RET006147,ORD0069585,P0103,2023-04-11,1,Damaged in Transit
RET006148,ORD0069593,P0146,2023-12-28,5,Quality Issue
RET006149,ORD0069597,P0005,2024-04-07,2,Quality Issue
RET006150,ORD0069599,P0182,2024-04-30,1,Customer Changed Mind
RET006151,ORD0069613,P0083,2023-03-07,1,Quality Issue
RET006152,ORD0069619,P0029,2023-11-11,1,Damaged in Transit
RET006153,ORD0069630,P0008,2024-09-12,3,Damaged in Transit
RET006154,ORD0069635,P0083,2023-05-10,1,Quality Issue
RET006155,ORD0069669,P0100,2024-11-10,1,Quality Issue
RET006156,ORD0069701,P0094,2024-07-03,1,Other
RET006157,ORD0069729,P0016,2023-12-04,1,Late Delivery
RET006158,ORD0069733,P0123,2024-03-23,2,Damaged in Transit
RET006159,ORD0069742,P0123,2024-11-21,3,Customer Changed Mind
RET006160,ORD0069746,P0014,2023-02-13,2,Customer Changed Mind
RET006161,ORD0069752,P0001,2023-07-27,2,Quality Issue
RET006162,ORD0069759,P0146,2024-03-14,1,Quality Issue
RET006163,ORD0069763,P0121,2024-04-28,2,Quality Issue
RET006164,ORD0069770,P0050,2024-08-23,1,Wrong Item Delivered
RET006165,ORD0069774,P0079,2024-11-23,1,Other
RET006166,ORD0069786,P0198,2023-10-28,1,Customer Changed Mind
RET006167,ORD0069789,P0146,2024-01-11,1,Late Delivery
RET006168,ORD0069801,P0194,2024-10-08,2,Other
RET006169,ORD0069810,P0010,2023-03-27,1,Wrong Item Delivered
RET006170,ORD0069816,P0142,2023-07-20,1,Wrong Item Delivered
RET006171,ORD0069828,P0095,2024-01-06,1,Quality Issue
RET006172,ORD0069838,P0024,2024-08-03,1,Customer Changed Mind
RET006173,ORD0069846,P0030,2023-06-16,204,Other
RET006174,ORD0069859,P0169,2023-07-03,74,Customer Changed Mind
RET006175,ORD0069870,P0038,2024-08-22,104,Quality Issue
RET006176,ORD0069871,P0074,2024-11-14,89,Wrong Item Delivered
RET006177,ORD0069872,P0085,2023-01-17,29,Damaged in Transit
RET006178,ORD0069881,P0133,2023-10-21,43,Damaged in Transit
RET006179,ORD0069890,P0068,2023-04-26,2,Damaged in Transit
RET006180,ORD0069891,P0091,2023-04-30,3,Wrong Item Delivered
RET006181,ORD0069893,P0024,2023-06-25,1,Damaged in Transit
RET006182,ORD0069895,P0167,2023-06-25,1,Customer Changed Mind
RET006183,ORD0069909,P0003,2024-12-22,2,Wrong Item Delivered
RET006184,ORD0069917,P0155,2023-12-07,1,Late Delivery
RET006185,ORD0069922,P0128,2024-01-08,2,Customer Changed Mind
RET006186,ORD0069923,P0170,2024-02-09,1,Wrong Item Delivered
RET006187,ORD0069925,P0142,2024-05-11,1,Late Delivery
RET006188,ORD0069943,P0028,2023-10-02,1,Customer Changed Mind
RET006189,ORD0069951,P0181,2024-04-04,1,Damaged in Transit
RET006190,ORD0069953,P0007,2024-05-12,1,Quality Issue
RET006191,ORD0069980,P0198,2024-07-12,37,Late Delivery
RET006192,ORD0069984,P0137,2024-10-15,3,Customer Changed Mind
RET006193,ORD0069996,P0063,2024-03-08,1,Quality Issue
RET006194,ORD0070025,P0114,2023-11-22,1,Damaged in Transit
RET006195,ORD0070026,P0050,2024-02-02,4,Customer Changed Mind
RET006196,ORD0070030,P0008,2024-05-13,1,Damaged in Transit
RET006197,ORD0070030,P0105,2024-05-12,3,Damaged in Transit
RET006198,ORD0070033,P0107,2024-07-16,1,Wrong Item Delivered
RET006199,ORD0070033,P0008,2024-07-13,5,Wrong Item Delivered
RET006200,ORD0070034,P0133,2024-07-21,1,Wrong Item Delivered
RET006201,ORD0070037,P0141,2024-12-25,3,Late Delivery
RET006202,ORD0070039,P0019,2023-01-17,3,Damaged in Transit
RET006203,ORD0070044,P0176,2023-04-23,1,Quality Issue
RET006204,ORD0070067,P0195,2023-07-03,47,Late Delivery
RET006205,ORD0070074,P0098,2024-02-04,189,Other
RET006206,ORD0070092,P0104,2023-08-19,1,Customer Changed Mind
RET006207,ORD0070095,P0179,2023-11-11,1,Wrong Item Delivered
RET006208,ORD0070105,P0085,2024-08-24,1,Quality Issue
RET006209,ORD0070120,P0032,2023-05-07,1,Customer Changed Mind
RET006210,ORD0070128,P0008,2023-09-24,1,Customer Changed Mind
RET006211,ORD0070137,P0182,2024-03-19,1,Wrong Item Delivered
RET006212,ORD0070141,P0184,2024-05-22,1,Customer Changed Mind
RET006213,ORD0070160,P0103,2024-01-28,45,Customer Changed Mind
RET006214,ORD0070178,P0038,2023-11-15,146,Quality Issue
RET006215,ORD0070189,P0166,2023-07-01,2,Quality Issue
RET006216,ORD0070205,P0068,2024-07-02,2,Customer Changed Mind
RET006217,ORD0070214,P0126,2023-08-27,121,Late Delivery
RET006218,ORD0070231,P0108,2023-09-14,3,Quality Issue
RET006219,ORD0070233,P0023,2023-11-04,1,Damaged in Transit
RET006220,ORD0070311,P0104,2023-07-15,1,Damaged in Transit
RET006221,ORD0070317,P0086,2024-01-10,5,Quality Issue
RET006222,ORD0070327,P0147,2023-01-19,1,Damaged in Transit
RET006223,ORD0070328,P0141,2023-01-17,2,Late Delivery
RET006224,ORD0070339,P0032,2023-08-15,1,Quality Issue
RET006225,ORD0070342,P0154,2023-10-09,1,Other
RET006226,ORD0070354,P0103,2024-04-21,1,Customer Changed Mind
RET006227,ORD0070354,P0118,2024-04-06,1,Other
RET006228,ORD0070370,P0016,2024-09-24,1,Damaged in Transit
RET006229,ORD0070382,P0139,2024-04-15,169,Other
RET006230,ORD0070386,P0039,2024-07-01,185,Damaged in Transit
RET006231,ORD0070388,P0150,2024-10-14,64,Late Delivery
RET006232,ORD0070392,P0165,2023-01-29,1,Customer Changed Mind
RET006233,ORD0070400,P0080,2023-06-07,1,Damaged in Transit
RET006234,ORD0070425,P0188,2024-10-30,1,Other
RET006235,ORD0070467,P0152,2024-01-16,1,Quality Issue
RET006236,ORD0070476,P0103,2024-05-16,1,Quality Issue
RET006237,ORD0070484,P0029,2024-11-15,1,Wrong Item Delivered
RET006238,ORD0070484,P0028,2024-11-16,1,Wrong Item Delivered
RET006239,ORD0070516,P0189,2023-08-15,1,Damaged in Transit
RET006240,ORD0070549,P0044,2023-09-04,25,Other
RET006241,ORD0070553,P0087,2024-06-27,7,Wrong Item Delivered
RET006242,ORD0070558,P0157,2024-10-15,1,Customer Changed Mind
RET006243,ORD0070585,P0179,2024-07-06,4,Quality Issue
RET006244,ORD0070587,P0094,2024-08-16,3,Wrong Item Delivered
RET006245,ORD0070590,P0136,2024-09-23,1,Damaged in Transit
RET006246,ORD0070597,P0111,2023-05-12,89,Wrong Item Delivered
RET006247,ORD0070603,P0147,2023-11-19,89,Wrong Item Delivered
RET006248,ORD0070604,P0144,2023-12-28,142,Damaged in Transit
RET006249,ORD0070623,P0083,2023-07-09,1,Quality Issue
RET006250,ORD0070651,P0031,2023-03-17,1,Wrong Item Delivered
RET006251,ORD0070682,P0049,2024-05-06,1,Quality Issue
RET006252,ORD0070702,P0025,2023-03-05,136,Quality Issue
RET006253,ORD0070709,P0159,2024-11-01,60,Other
RET006254,ORD0070712,P0054,2023-05-23,1,Quality Issue
RET006255,ORD0070713,P0069,2023-05-26,1,Quality Issue
RET006256,ORD0070731,P0022,2024-09-13,3,Quality Issue
RET006257,ORD0070755,P0154,2024-06-07,2,Wrong Item Delivered
RET006258,ORD0070766,P0093,2023-07-16,1,Damaged in Transit
RET006259,ORD0070785,P0056,2023-05-12,2,Damaged in Transit
RET006260,ORD0070799,P0031,2024-01-23,1,Customer Changed Mind
RET006261,ORD0070808,P0189,2024-08-19,4,Quality Issue
RET006262,ORD0070833,P0157,2023-10-29,2,Quality Issue
RET006263,ORD0070854,P0077,2024-09-02,1,Customer Changed Mind
RET006264,ORD0070862,P0185,2023-06-27,1,Customer Changed Mind
RET006265,ORD0070871,P0007,2023-09-27,1,Customer Changed Mind
RET006266,ORD0070902,P0008,2023-07-26,3,Customer Changed Mind
RET006267,ORD0070929,P0005,2023-02-10,1,Damaged in Transit
RET006268,ORD0070932,P0195,2023-05-21,1,Other
RET006269,ORD0070947,P0046,2023-12-08,2,Other
RET006270,ORD0070958,P0048,2024-07-05,1,Wrong Item Delivered
RET006271,ORD0070965,P0187,2024-10-02,2,Customer Changed Mind
RET006272,ORD0070982,P0093,2023-09-08,2,Customer Changed Mind
RET006273,ORD0070992,P0181,2024-04-22,1,Damaged in Transit
RET006274,ORD0070993,P0126,2024-06-07,1,Customer Changed Mind
RET006275,ORD0071009,P0179,2023-03-09,1,Late Delivery
RET006276,ORD0071020,P0195,2023-09-19,1,Wrong Item Delivered
RET006277,ORD0071021,P0157,2023-10-18,1,Customer Changed Mind
RET006278,ORD0071049,P0031,2023-01-30,1,Quality Issue
RET006279,ORD0071082,P0087,2024-05-07,1,Wrong Item Delivered
RET006280,ORD0071084,P0044,2024-05-20,1,Damaged in Transit
RET006281,ORD0071099,P0049,2023-03-29,1,Damaged in Transit
RET006282,ORD0071105,P0193,2023-10-25,3,Wrong Item Delivered
RET006283,ORD0071110,P0066,2024-06-16,2,Customer Changed Mind
RET006284,ORD0071123,P0025,2023-03-20,1,Quality Issue
RET006285,ORD0071130,P0051,2023-06-05,1,Customer Changed Mind
RET006286,ORD0071133,P0165,2023-06-29,1,Damaged in Transit
RET006287,ORD0071141,P0176,2023-09-17,1,Quality Issue
RET006288,ORD0071172,P0184,2023-08-12,26,Damaged in Transit
RET006289,ORD0071179,P0087,2024-11-30,191,Other
RET006290,ORD0071225,P0075,2024-07-28,1,Quality Issue
RET006291,ORD0071247,P0149,2024-08-04,4,Quality Issue
RET006292,ORD0071259,P0063,2023-08-30,2,Other
RET006293,ORD0071266,P0029,2024-04-26,1,Wrong Item Delivered
RET006294,ORD0071273,P0108,2023-01-16,1,Quality Issue
RET006295,ORD0071290,P0005,2024-01-24,1,Customer Changed Mind
RET006296,ORD0071302,P0087,2024-10-23,1,Other
RET006297,ORD0071307,P0037,2023-02-03,1,Wrong Item Delivered
RET006298,ORD0071314,P0005,2023-09-18,1,Quality Issue
RET006299,ORD0071317,P0016,2023-10-27,4,Other
RET006300,ORD0071324,P0034,2024-04-04,1,Late Delivery
RET006301,ORD0071327,P0026,2024-06-15,1,Wrong Item Delivered
RET006302,ORD0071328,P0142,2024-05-29,1,Quality Issue
RET006303,ORD0071337,P0085,2023-04-19,2,Quality Issue
RET006304,ORD0071351,P0169,2024-11-13,1,Other
RET006305,ORD0071365,P0078,2023-01-18,1,Quality Issue
RET006306,ORD0071379,P0149,2023-09-29,1,Quality Issue
RET006307,ORD0071385,P0094,2023-12-17,1,Damaged in Transit
RET006308,ORD0071408,P0181,2024-11-02,1,Late Delivery
RET006309,ORD0071418,P0146,2023-11-05,2,Late Delivery
RET006310,ORD0071424,P0061,2024-01-18,1,Customer Changed Mind
RET006311,ORD0071427,P0183,2024-02-23,4,Customer Changed Mind
RET006312,ORD0071442,P0103,2024-01-04,4,Wrong Item Delivered
RET006313,ORD0071442,P0123,2023-12-24,7,Wrong Item Delivered
RET006314,ORD0071458,P0020,2023-02-14,1,Other
RET006315,ORD0071470,P0123,2023-08-29,1,Wrong Item Delivered
RET006316,ORD0071470,P0037,2023-09-02,1,Wrong Item Delivered
RET006317,ORD0071472,P0152,2023-10-27,1,Damaged in Transit
RET006318,ORD0071473,P0151,2023-10-25,1,Quality Issue
RET006319,ORD0071481,P0148,2024-01-28,2,Late Delivery
RET006320,ORD0071525,P0094,2024-01-14,2,Quality Issue
RET006321,ORD0071545,P0106,2023-01-26,1,Wrong Item Delivered
RET006322,ORD0071561,P0070,2023-06-20,1,Damaged in Transit
RET006323,ORD0071579,P0016,2024-02-17,1,Quality Issue
RET006324,ORD0071585,P0015,2024-06-15,1,Damaged in Transit
RET006325,ORD0071585,P0131,2024-06-04,1,Damaged in Transit
RET006326,ORD0071600,P0133,2023-04-12,2,Customer Changed Mind
RET006327,ORD0071611,P0015,2024-04-08,1,Damaged in Transit
RET006328,ORD0071613,P0005,2024-05-13,1,Late Delivery
RET006329,ORD0071647,P0184,2023-05-29,1,Wrong Item Delivered
RET006330,ORD0071657,P0021,2023-10-09,1,Wrong Item Delivered
RET006331,ORD0071688,P0067,2023-07-22,1,Wrong Item Delivered
RET006332,ORD0071693,P0137,2023-10-19,1,Other
RET006333,ORD0071693,P0114,2023-10-30,1,Quality Issue
RET006334,ORD0071713,P0060,2024-10-18,1,Quality Issue
RET006335,ORD0071715,P0158,2024-11-16,2,Wrong Item Delivered
RET006336,ORD0071724,P0075,2023-02-16,1,Damaged in Transit
RET006337,ORD0071730,P0025,2023-04-22,1,Quality Issue
RET006338,ORD0071730,P0127,2023-05-08,2,Late Delivery
RET006339,ORD0071738,P0027,2023-09-01,1,Wrong Item Delivered
RET006340,ORD0071754,P0096,2024-04-24,1,Damaged in Transit
RET006341,ORD0071761,P0137,2024-10-09,1,Late Delivery
RET006342,ORD0071775,P0098,2023-04-07,1,Wrong Item Delivered
RET006343,ORD9999999,P0157,2023-12-08,3,Other
RET006344,ORD0071811,P0001,2024-03-25,37,Wrong Item Delivered
RET006345,ORD0071812,P0191,2024-04-23,2,Customer Changed Mind
RET006346,ORD0071816,P0056,2024-06-17,28,Quality Issue
RET006347,ORD0071817,P0183,2024-10-05,14,Quality Issue
RET006348,ORD0071823,P0021,2023-03-30,2,Late Delivery
RET006349,ORD0071837,P0034,2024-01-18,3,Quality Issue
RET006350,ORD0071845,P0186,2024-12-03,1,Customer Changed Mind
RET006351,ORD0071850,P0104,2023-03-08,1,Quality Issue
RET006352,ORD0071855,P0038,2023-05-21,1,Damaged in Transit
RET006353,ORD0071855,P0010,2023-05-28,2,Damaged in Transit
RET006354,ORD0071873,P0037,2024-02-14,1,Damaged in Transit
RET006355,ORD0071878,P0192,2024-04-14,2,Other
RET006356,ORD0071880,P0079,2024-04-26,1,Wrong Item Delivered
RET006357,ORD0071882,P0044,2024-05-09,1,Wrong Item Delivered
RET006358,ORD0071901,P0132,2023-06-02,31,Wrong Item Delivered
RET006359,ORD0071915,P0087,2023-01-22,2,Damaged in Transit
RET006360,ORD0071928,P0036,2024-06-26,1,Damaged in Transit
RET006361,ORD0071948,P0016,2023-09-19,1,Wrong Item Delivered
RET006362,ORD0071956,P0123,2024-02-22,1,Wrong Item Delivered
RET006363,ORD0071975,P0047,2023-03-07,1,Damaged in Transit
RET006364,ORD0071982,P0087,2023-10-28,3,Customer Changed Mind
RET006365,ORD0072012,P0044,2024-07-11,38,Late Delivery
RET006366,ORD0072016,P0079,2024-10-10,34,Damaged in Transit
RET006367,ORD0072044,P0081,2023-07-12,1,Wrong Item Delivered
RET006368,ORD0072044,P0163,2023-07-04,1,Wrong Item Delivered
RET006369,ORD0072073,P0148,2024-08-07,1,Damaged in Transit
RET006370,ORD0072092,P0085,2024-02-24,7,Quality Issue
RET006371,ORD0072095,P0113,2024-04-15,41,Damaged in Transit
RET006372,ORD0072115,P0094,2023-05-26,1,Wrong Item Delivered
RET006373,ORD0072123,P0183,2023-11-27,1,Quality Issue
RET006374,ORD9999999,P0005,2024-05-16,2,Customer Changed Mind
RET006375,ORD0072141,P0132,2024-09-28,1,Quality Issue
RET006376,ORD0072146,P0058,2023-03-04,53,Quality Issue
RET006377,ORD0072149,P0083,2023-08-02,148,Customer Changed Mind
RET006378,ORD0072154,P0123,2024-01-31,18,Damaged in Transit
RET006379,ORD0072154,P0147,2024-01-27,1,Damaged in Transit
RET006380,ORD0072156,P0038,2024-04-20,113,Quality Issue
RET006381,ORD0072165,P0024,2023-05-30,1,Wrong Item Delivered
RET006382,ORD0072194,P0086,2024-12-21,1,Damaged in Transit
RET006383,ORD0072196,P0125,2023-02-02,45,Damaged in Transit
RET006384,ORD0072199,P0188,2023-04-02,5,Wrong Item Delivered
RET006385,ORD0072228,P0074,2023-12-02,1,Customer Changed Mind
RET006386,ORD0072229,P0162,2024-01-07,3,Quality Issue
RET006387,ORD0072234,P0158,2024-06-30,1,Customer Changed Mind
RET006388,ORD0072234,P0019,2024-06-23,1,Quality Issue
RET006389,ORD0072236,P0017,2024-08-10,1,Customer Changed Mind
RET006390,ORD0072259,P0005,2024-11-06,4,Late Delivery
RET006391,ORD0072263,P0090,2023-01-31,1,Customer Changed Mind
RET006392,ORD0072268,P0098,2023-06-26,1,Damaged in Transit
RET006393,ORD0072270,P0104,2023-12-19,1,Wrong Item Delivered
RET006394,ORD0072285,P0072,2024-09-03,1,Quality Issue
RET006395,ORD0072304,P0103,2023-07-03,1,Quality Issue
RET006396,ORD0072323,P0125,2024-06-27,1,Quality Issue
RET006397,ORD0072332,P0188,2024-11-16,1,Customer Changed Mind
RET006398,ORD0072340,P0004,2023-09-08,1,Customer Changed Mind
RET006399,ORD0072350,P0170,2024-03-31,1,Other
RET006400,ORD0072386,P0162,2024-02-20,43,Customer Changed Mind
RET006401,ORD0072399,P0025,2023-04-08,1,Damaged in Transit
RET006402,ORD0072399,P0135,2023-04-01,1,Damaged in Transit
RET006403,ORD0072401,P0124,2023-04-27,1,Customer Changed Mind
RET006404,ORD0072413,P0015,2023-08-23,1,Customer Changed Mind
RET006405,ORD0072435,P0049,2024-06-29,1,Late Delivery
RET006406,ORD0072459,P0004,2024-03-06,3,Wrong Item Delivered
RET006407,ORD0072461,P0141,2024-03-30,1,Customer Changed Mind
RET006408,ORD0072467,P0051,2024-06-22,1,Wrong Item Delivered
RET006409,ORD0072489,P0023,2023-12-29,1,Customer Changed Mind
RET006410,ORD0072490,P0012,2024-01-22,1,Customer Changed Mind
RET006411,ORD0072493,P0186,2024-03-07,5,Damaged in Transit
RET006412,ORD0072493,P0105,2024-02-26,1,Damaged in Transit
RET006413,ORD0072500,P0131,2023-04-11,1,Other
RET006414,ORD0072517,P0048,2023-11-22,1,Other
RET006415,ORD0072524,P0080,2024-03-17,1,Late Delivery
RET006416,ORD0072529,P0108,2024-06-21,1,Quality Issue
RET006417,ORD0072531,P0014,2024-07-16,1,Quality Issue
RET006418,ORD0072542,P0144,2024-11-17,1,Wrong Item Delivered
RET006419,ORD0072542,P0095,2024-11-02,1,Wrong Item Delivered
RET006420,ORD0072547,P0016,2023-02-11,5,Other
RET006421,ORD0072557,P0111,2024-03-08,7,Quality Issue
RET006422,ORD0072559,P0050,2024-04-07,8,Customer Changed Mind
RET006423,ORD0072562,P0091,2024-08-08,25,Quality Issue
RET006424,ORD0072568,P0066,2024-12-22,53,Customer Changed Mind
RET006425,ORD0072570,P0140,2024-12-19,6,Late Delivery
RET006426,ORD0072587,P0047,2024-02-03,4,Other
RET006427,ORD0072625,P0173,2023-09-26,177,Quality Issue
RET006428,ORD0072642,P0022,2024-03-28,1,Late Delivery
RET006429,ORD0072650,P0185,2024-09-23,1,Customer Changed Mind
RET006430,ORD0072653,P0101,2024-12-26,1,Damaged in Transit
RET006431,ORD0072672,P0015,2023-09-23,1,Damaged in Transit
RET006432,ORD0072692,P0085,2024-11-25,2,Quality Issue
RET006433,ORD0072698,P0123,2023-06-17,1,Wrong Item Delivered
RET006434,ORD0072705,P0090,2023-06-24,1,Customer Changed Mind
RET006435,ORD0072710,P0088,2024-03-01,1,Customer Changed Mind
RET006436,ORD9999999,P0181,2024-03-10,2,Wrong Item Delivered
RET006437,ORD0072741,P0003,2023-04-26,1,Other
RET006438,ORD0072758,P0115,2023-11-20,1,Late Delivery
RET006439,ORD0072776,P0187,2023-05-20,3,Late Delivery
RET006440,ORD9999999,P0095,2024-07-05,2,Customer Changed Mind
RET006441,ORD0072804,P0125,2023-03-11,2,Other
RET006442,ORD0072817,P0111,2023-10-14,1,Damaged in Transit
RET006443,ORD0072851,P0160,2023-05-29,1,Damaged in Transit
RET006444,ORD0072858,P0011,2023-10-01,2,Wrong Item Delivered
RET006445,ORD0072894,P0093,2023-04-22,1,Other
RET006446,ORD0072895,P0182,2023-05-09,1,Wrong Item Delivered
RET006447,ORD0072913,P0016,2023-12-05,1,Wrong Item Delivered
RET006448,ORD0072917,P0052,2024-02-18,1,Damaged in Transit
RET006449,ORD0072921,P0199,2024-05-15,1,Quality Issue
RET006450,ORD0072927,P0162,2024-08-23,1,Quality Issue
RET006451,ORD0072931,P0090,2024-11-01,1,Damaged in Transit
RET006452,ORD0072931,P0106,2024-11-02,1,Damaged in Transit
RET006453,ORD0072968,P0036,2024-06-22,1,Wrong Item Delivered
RET006454,ORD0072985,P0108,2023-02-07,1,Customer Changed Mind
RET006455,ORD0072992,P0115,2023-04-05,1,Damaged in Transit
RET006456,ORD0072996,P0085,2023-07-02,2,Quality Issue
RET006457,ORD9999999,P0095,2023-06-26,1,Customer Changed Mind
RET006458,ORD0073003,P0106,2023-08-21,1,Customer Changed Mind
RET006459,ORD0073024,P0123,2024-10-20,1,Wrong Item Delivered
RET006460,ORD0073025,P0193,2024-10-29,1,Customer Changed Mind
RET006461,ORD0073099,P0011,2024-12-08,28,Customer Changed Mind
RET006462,ORD0073117,P0024,2023-03-11,1,Damaged in Transit
RET006463,ORD0073126,P0053,2023-11-08,1,Customer Changed Mind
RET006464,ORD0073137,P0016,2024-07-14,1,Late Delivery
RET006465,ORD0073159,P0025,2023-04-19,1,Quality Issue
RET006466,ORD0073170,P0123,2023-12-07,1,Damaged in Transit
RET006467,ORD0073178,P0039,2024-06-16,2,Damaged in Transit
RET006468,ORD0073181,P0144,2024-08-05,1,Damaged in Transit
RET006469,ORD0073183,P0179,2024-10-08,3,Damaged in Transit
RET006470,ORD0073185,P0015,2024-12-11,1,Late Delivery
RET006471,ORD0073195,P0186,2023-05-05,1,Customer Changed Mind
RET006472,ORD0073230,P0012,2024-09-26,1,Other
RET006473,ORD0073251,P0105,2023-07-19,1,Damaged in Transit
RET006474,ORD0073275,P0122,2024-09-29,1,Quality Issue
RET006475,ORD0073299,P0036,2024-03-10,1,Other
RET006476,ORD0073300,P0127,2024-03-27,1,Damaged in Transit
RET006477,ORD0073300,P0162,2024-03-17,2,Damaged in Transit
RET006478,ORD0073301,P0156,2024-03-28,2,Quality Issue
RET006479,ORD0073308,P0189,2024-12-20,1,Quality Issue
RET006480,ORD0073316,P0073,2023-08-21,2,Quality Issue
RET006481,ORD0073329,P0136,2024-07-26,3,Damaged in Transit
RET006482,ORD0073349,P0035,2023-07-17,2,Wrong Item Delivered
RET006483,ORD0073356,P0056,2024-01-31,2,Customer Changed Mind
RET006484,ORD0073390,P0159,2023-03-03,1,Damaged in Transit
RET006485,ORD0073408,P0093,2024-03-17,1,Damaged in Transit
RET006486,ORD0073409,P0189,2024-04-29,1,Late Delivery
RET006487,ORD0073421,P0057,2024-11-21,2,Quality Issue
RET006488,ORD0073429,P0074,2023-05-30,36,Customer Changed Mind
RET006489,ORD0073442,P0029,2023-02-20,2,Damaged in Transit
RET006490,ORD0073451,P0115,2023-09-26,2,Customer Changed Mind
RET006491,ORD0073468,P0176,2024-12-13,1,Quality Issue
RET006492,ORD0073473,P0020,2023-03-12,1,Damaged in Transit
RET006493,ORD0073474,P0183,2023-03-22,2,Damaged in Transit
RET006494,ORD0073499,P0005,2024-03-01,1,Other
RET006495,ORD0073529,P0185,2024-02-14,4,Customer Changed Mind
RET006496,ORD0073536,P0194,2024-07-07,2,Quality Issue
RET006497,ORD0073554,P0157,2023-10-17,7,Damaged in Transit
RET006498,ORD0073569,P0083,2023-12-12,1,Damaged in Transit
RET006499,ORD0073570,P0048,2024-01-20,2,Quality Issue
RET006500,ORD0073575,P0116,2024-05-05,1,Quality Issue
RET006501,ORD0073594,P0029,2023-06-28,1,Wrong Item Delivered
RET006502,ORD0073608,P0141,2024-03-03,1,Other
RET006503,ORD0073619,P0048,2023-02-17,1,Wrong Item Delivered
RET006504,ORD0073630,P0110,2024-01-22,2,Other
RET006505,ORD0073631,P0115,2024-02-15,4,Damaged in Transit
RET006506,ORD0073631,P0192,2024-02-10,2,Damaged in Transit
RET006507,ORD0073632,P0085,2024-03-02,1,Customer Changed Mind
RET006508,ORD0073634,P0109,2024-03-13,1,Damaged in Transit
RET006509,ORD0073642,P0124,2023-01-12,1,Other
RET006510,ORD0073645,P0174,2023-05-04,1,Customer Changed Mind
RET006511,ORD0073649,P0032,2023-09-16,1,Quality Issue
RET006512,ORD0073655,P0034,2023-11-24,1,Wrong Item Delivered
RET006513,ORD0073657,P0132,2024-01-10,1,Quality Issue
RET006514,ORD0073696,P0094,2023-05-18,4,Quality Issue
RET006515,ORD0073708,P0028,2024-05-19,5,Damaged in Transit
RET006516,ORD0073711,P0087,2024-08-19,1,Quality Issue
RET006517,ORD0073712,P0140,2024-08-14,3,Damaged in Transit
RET006518,ORD0073724,P0123,2023-05-01,369,Customer Changed Mind
RET006519,ORD0073725,P0196,2023-11-23,86,Quality Issue
RET006520,ORD0073727,P0008,2023-12-22,35,Late Delivery
RET006521,ORD0073735,P0044,2024-11-28,38,Other
RET006522,ORD0073745,P0008,2024-06-11,177,Wrong Item Delivered
RET006523,ORD0073749,P0026,2023-02-06,2,Damaged in Transit
RET006524,ORD0073749,P0050,2023-02-03,2,Damaged in Transit
RET006525,ORD0073804,P0038,2024-12-24,1,Wrong Item Delivered
RET006526,ORD0073826,P0198,2023-10-05,49,Late Delivery
RET006527,ORD0073826,P0049,2023-10-10,274,Other
RET006528,ORD0073827,P0192,2023-11-13,57,Wrong Item Delivered
RET006529,ORD0073830,P0163,2024-04-02,3,Late Delivery
RET006530,ORD0073833,P0143,2024-09-13,14,Damaged in Transit
RET006531,ORD0073834,P0038,2024-09-10,38,Quality Issue
RET006532,ORD0073858,P0196,2024-10-11,2,Quality Issue
RET006533,ORD0073865,P0024,2023-06-24,2,Other
RET006534,ORD0073880,P0122,2024-08-28,1,Wrong Item Delivered
RET006535,ORD0073884,P0181,2024-11-26,2,Customer Changed Mind
RET006536,ORD0073888,P0088,2023-02-15,1,Quality Issue
RET006537,ORD0073890,P0027,2023-03-14,1,Other
RET006538,ORD0073916,P0016,2024-05-12,1,Damaged in Transit
RET006539,ORD0073930,P0074,2023-08-21,1,Wrong Item Delivered
RET006540,ORD0073933,P0094,2023-09-05,1,Customer Changed Mind
RET006541,ORD0073964,P0076,2023-04-16,1,Wrong Item Delivered
RET006542,ORD0073968,P0177,2023-07-02,1,Customer Changed Mind
RET006543,ORD0073972,P0024,2023-10-02,1,Wrong Item Delivered
RET006544,ORD0073974,P0200,2023-11-14,1,Late Delivery
RET006545,ORD9999999,P0100,2024-08-14,2,Customer Changed Mind
RET006546,ORD0074019,P0046,2024-06-13,1,Quality Issue
RET006547,ORD0074023,P0099,2024-07-29,1,Wrong Item Delivered
RET006548,ORD0074040,P0070,2023-09-04,17,Damaged in Transit
RET006549,ORD0074040,P0194,2023-09-07,11,Damaged in Transit
RET006550,ORD0074059,P0054,2023-07-05,4,Damaged in Transit
RET006551,ORD0074060,P0030,2023-09-14,1,Other
RET006552,ORD0074062,P0180,2023-11-15,1,Customer Changed Mind
RET006553,ORD0074096,P0048,2024-02-23,1,Quality Issue
RET006554,ORD0074114,P0149,2023-06-14,2,Customer Changed Mind
RET006555,ORD0074123,P0193,2023-12-09,2,Other
RET006556,ORD0074124,P0077,2023-12-27,1,Damaged in Transit
RET006557,ORD0074133,P0084,2024-07-26,2,Damaged in Transit
RET006558,ORD0074153,P0098,2023-11-26,1,Quality Issue
RET006559,ORD0074166,P0087,2024-11-09,1,Wrong Item Delivered
RET006560,ORD0074198,P0092,2023-08-07,1,Late Delivery
RET006561,ORD0074203,P0007,2023-11-01,1,Wrong Item Delivered
RET006562,ORD0074209,P0044,2024-03-21,1,Late Delivery
RET006563,ORD0074210,P0025,2024-04-02,1,Wrong Item Delivered
RET006564,ORD0074220,P0065,2024-08-21,1,Damaged in Transit
RET006565,ORD0074224,P0024,2024-08-24,1,Customer Changed Mind
RET006566,ORD0074236,P0111,2023-03-20,1,Wrong Item Delivered
RET006567,ORD0074264,P0023,2024-11-03,2,Wrong Item Delivered
RET006568,ORD0074307,P0074,2023-12-17,1,Damaged in Transit
RET006569,ORD0074313,P0192,2024-03-01,1,Wrong Item Delivered
RET006570,ORD0074315,P0130,2024-04-18,1,Customer Changed Mind
RET006571,ORD0074322,P0117,2024-08-15,1,Wrong Item Delivered
RET006572,ORD0074374,P0194,2023-10-10,1,Quality Issue
RET006573,ORD0074392,P0163,2023-06-16,1,Late Delivery
RET006574,ORD0074394,P0118,2023-08-02,1,Quality Issue
RET006575,ORD0074396,P0172,2023-08-25,2,Wrong Item Delivered
RET006576,ORD0074411,P0158,2023-04-05,1,Wrong Item Delivered
RET006577,ORD0074417,P0030,2023-10-26,1,Late Delivery
RET006578,ORD0074422,P0137,2024-05-22,1,Damaged in Transit
RET006579,ORD0074440,P0089,2023-05-26,1,Customer Changed Mind
RET006580,ORD0074452,P0045,2023-12-21,2,Damaged in Transit
RET006581,ORD0074495,P0154,2024-04-10,1,Wrong Item Delivered
RET006582,ORD0074500,P0155,2024-07-08,3,Customer Changed Mind
RET006583,ORD0074502,P0098,2024-07-11,1,Quality Issue
RET006584,ORD0074516,P0181,2023-07-22,1,Customer Changed Mind
RET006585,ORD0074545,P0038,2023-04-15,32,Customer Changed Mind
RET006586,ORD0074558,P0033,2024-06-19,13,Other
RET006587,ORD0074564,P0111,2024-12-29,9,Customer Changed Mind
RET006588,ORD0074571,P0104,2023-07-06,1,Other
RET006589,ORD0074573,P0099,2023-09-04,1,Wrong Item Delivered
RET006590,ORD0074620,P0157,2023-01-28,2,Customer Changed Mind
RET006591,ORD0074639,P0085,2024-09-07,1,Damaged in Transit
RET006592,ORD0074641,P0184,2024-10-25,2,Damaged in Transit
RET006593,ORD0074652,P0178,2023-04-25,1,Damaged in Transit
RET006594,ORD0074686,P0161,2023-07-17,1,Customer Changed Mind
RET006595,ORD0074694,P0194,2023-11-21,1,Late Delivery
RET006596,ORD0074706,P0182,2024-08-17,1,Late Delivery
RET006597,ORD0074731,P0003,2024-08-03,2,Wrong Item Delivered
RET006598,ORD0074736,P0094,2024-11-08,1,Wrong Item Delivered
RET006599,ORD0074756,P0157,2023-11-05,1,Other
RET006600,ORD0074795,P0173,2023-10-31,1,Quality Issue
RET006601,ORD0074816,P0169,2024-09-22,1,Wrong Item Delivered
RET006602,ORD0074819,P0135,2024-12-29,1,Customer Changed Mind
RET006603,ORD0074843,P0008,2024-06-09,2,Late Delivery
RET006604,ORD0074850,P0008,2024-09-27,1,Damaged in Transit
RET006605,ORD0074870,P0005,2024-02-11,132,Wrong Item Delivered
RET006606,ORD0074886,P0056,2023-11-12,122,Quality Issue
RET006607,ORD0074887,P0106,2024-03-20,16,Quality Issue
RET006608,ORD0074888,P0032,2024-03-19,53,Damaged in Transit
RET006609,ORD0074894,P0126,2024-08-24,14,Quality Issue
RET006610,ORD0074920,P0114,2023-06-24,1,Wrong Item Delivered
RET006611,ORD0074936,P0102,2024-12-20,2,Damaged in Transit
RET006612,ORD0074962,P0113,2023-03-31,1,Late Delivery
RET006613,ORD0074989,P0107,2023-03-25,2,Quality Issue
RET006614,ORD0074992,P0102,2023-06-18,3,Quality Issue
RET006615,ORD0075011,P0088,2024-10-20,1,Damaged in Transit
RET006616,ORD0075011,P0047,2024-10-31,1,Damaged in Transit
RET006617,ORD0075015,P0080,2023-11-15,8,Damaged in Transit
RET006618,ORD0075017,P0137,2024-01-19,52,Customer Changed Mind
RET006619,ORD0075023,P0121,2024-12-29,46,Quality Issue
RET006620,ORD0075034,P0047,2023-05-20,1,Damaged in Transit
RET006621,ORD0075043,P0084,2023-09-07,1,Wrong Item Delivered
RET006622,ORD0075044,P0110,2023-09-24,1,Damaged in Transit
RET006623,ORD9999999,P0159,2024-04-12,2,Late Delivery
RET006624,ORD0075078,P0044,2023-02-01,1,Damaged in Transit
RET006625,ORD0075095,P0037,2023-09-09,1,Late Delivery
RET006626,ORD0075107,P0047,2024-03-30,1,Customer Changed Mind
RET006627,ORD0075142,P0146,2024-09-17,2,Customer Changed Mind
RET006628,ORD0075144,P0101,2024-11-18,1,Late Delivery
RET006629,ORD0075146,P0195,2023-02-13,1,Damaged in Transit
RET006630,ORD0075156,P0027,2023-09-09,1,Wrong Item Delivered
RET006631,ORD0075175,P0042,2023-05-14,2,Quality Issue
RET006632,ORD0075176,P0034,2023-05-10,1,Damaged in Transit
RET006633,ORD0075194,P0050,2024-09-30,1,Late Delivery
RET006634,ORD0075198,P0150,2023-02-13,2,Quality Issue
RET006635,ORD0075199,P0015,2023-02-28,1,Damaged in Transit
RET006636,ORD0075199,P0150,2023-03-03,3,Damaged in Transit
RET006637,ORD0075203,P0198,2023-04-15,1,Late Delivery
RET006638,ORD0075206,P0090,2023-07-05,1,Customer Changed Mind
RET006639,ORD0075211,P0057,2023-11-20,1,Late Delivery
RET006640,ORD0075220,P0194,2024-07-21,1,Wrong Item Delivered
RET006641,ORD0075228,P0120,2024-12-24,2,Damaged in Transit
RET006642,ORD0075228,P0153,2024-12-23,1,Quality Issue
RET006643,ORD0075247,P0172,2024-04-20,2,Quality Issue
RET006644,ORD0075278,P0146,2023-10-03,1,Customer Changed Mind
RET006645,ORD0075280,P0114,2023-10-27,1,Customer Changed Mind
RET006646,ORD0075330,P0121,2024-06-25,1,Quality Issue
RET006647,ORD0075331,P0083,2024-07-06,1,Damaged in Transit
RET006648,ORD0075360,P0030,2024-12-21,38,Customer Changed Mind
RET006649,ORD0075364,P0152,2023-05-14,7,Quality Issue
RET006650,ORD0075371,P0037,2024-05-04,94,Damaged in Transit
RET006651,ORD0075373,P0166,2024-07-22,226,Wrong Item Delivered
RET006652,ORD0075390,P0018,2023-12-27,46,Late Delivery
RET006653,ORD0075412,P0142,2024-02-10,2,Quality Issue
RET006654,ORD0075441,P0180,2024-06-29,3,Customer Changed Mind
RET006655,ORD0075447,P0077,2024-09-25,1,Damaged in Transit
RET006656,ORD0075482,P0048,2023-03-29,1,Damaged in Transit
RET006657,ORD0075484,P0120,2023-06-05,2,Customer Changed Mind
RET006658,ORD0075487,P0101,2023-07-01,1,Damaged in Transit
RET006659,ORD0075519,P0039,2023-03-29,5,Wrong Item Delivered
RET006660,ORD0075521,P0162,2023-06-29,4,Wrong Item Delivered
RET006661,ORD0075547,P0124,2024-07-09,1,Other
RET006662,ORD0075561,P0163,2023-03-20,1,Quality Issue
RET006663,ORD0075595,P0077,2024-08-28,1,Quality Issue
RET006664,ORD0075598,P0033,2024-12-04,1,Late Delivery
RET006665,ORD0075602,P0034,2023-02-05,2,Wrong Item Delivered
RET006666,ORD0075609,P0198,2023-04-18,2,Damaged in Transit
RET006667,ORD0075614,P0104,2023-07-31,1,Quality Issue
RET006668,ORD0075618,P0067,2023-09-06,1,Customer Changed Mind
RET006669,ORD0075621,P0001,2023-10-09,1,Customer Changed Mind
RET006670,ORD0075622,P0171,2023-10-19,1,Customer Changed Mind
RET006671,ORD0075629,P0023,2024-08-01,1,Customer Changed Mind
RET006672,ORD0075654,P0136,2024-04-30,1,Wrong Item Delivered
RET006673,ORD0075664,P0198,2023-03-20,1,Damaged in Transit
RET006674,ORD0075682,P0090,2024-01-31,4,Other
RET006675,ORD0075687,P0007,2024-05-29,1,Wrong Item Delivered
RET006676,ORD0075687,P0106,2024-06-04,1,Wrong Item Delivered
RET006677,ORD0075688,P0050,2024-07-12,1,Customer Changed Mind
RET006678,ORD0075690,P0134,2024-10-18,1,Other
RET006679,ORD0075692,P0179,2024-10-30,1,Customer Changed Mind
RET006680,ORD0075710,P0015,2023-03-17,26,Damaged in Transit
RET006681,ORD0075717,P0013,2024-03-18,16,Late Delivery
RET006682,ORD0075725,P0027,2023-01-13,1,Customer Changed Mind
RET006683,ORD0075731,P0058,2023-05-16,1,Damaged in Transit
RET006684,ORD0075733,P0154,2023-06-14,1,Wrong Item Delivered
RET006685,ORD0075738,P0063,2024-03-04,2,Wrong Item Delivered
RET006686,ORD0075742,P0198,2024-08-23,1,Customer Changed Mind
RET006687,ORD0075759,P0008,2023-10-13,1,Wrong Item Delivered
RET006688,ORD0075761,P0083,2023-10-30,1,Wrong Item Delivered
RET006689,ORD0075761,P0123,2023-11-10,1,Wrong Item Delivered
RET006690,ORD0075772,P0148,2024-06-07,1,Wrong Item Delivered
RET006691,ORD0075794,P0121,2023-08-02,1,Wrong Item Delivered
RET006692,ORD0075809,P0171,2024-08-14,3,Customer Changed Mind
RET006693,ORD0075835,P0118,2024-01-19,1,Damaged in Transit
RET006694,ORD0075857,P0132,2024-12-19,1,Damaged in Transit
RET006695,ORD0075857,P0147,2024-12-31,1,Damaged in Transit
RET006696,ORD0075877,P0091,2023-01-22,1,Damaged in Transit
RET006697,ORD0075905,P0196,2024-06-24,1,Customer Changed Mind
RET006698,ORD0075935,P0159,2023-11-10,1,Wrong Item Delivered
RET006699,ORD9999999,P0182,2024-01-05,1,Quality Issue
RET006700,ORD0075941,P0013,2024-05-28,2,Wrong Item Delivered
RET006701,ORD0075959,P0039,2023-02-17,1,Late Delivery
RET006702,ORD0075967,P0004,2023-06-09,1,Damaged in Transit
RET006703,ORD0075967,P0024,2023-06-09,1,Damaged in Transit
RET006704,ORD0075967,P0122,2023-06-09,1,Damaged in Transit
RET006705,ORD0075977,P0067,2023-11-22,1,Quality Issue
RET006706,ORD0075987,P0079,2024-08-10,1,Quality Issue
RET006707,ORD0076013,P0001,2024-03-23,1,Damaged in Transit
RET006708,ORD0076021,P0077,2024-06-05,1,Quality Issue
RET006709,ORD0076023,P0019,2024-07-26,2,Customer Changed Mind
RET006710,ORD0076027,P0011,2024-11-22,1,Other
RET006711,ORD0076041,P0083,2023-07-24,1,Wrong Item Delivered
RET006712,ORD0076045,P0131,2023-09-27,2,Wrong Item Delivered
RET006713,ORD0076091,P0036,2024-06-05,2,Customer Changed Mind
RET006714,ORD0076092,P0024,2024-07-28,1,Quality Issue
RET006715,ORD0076095,P0095,2024-07-28,2,Quality Issue
RET006716,ORD0076137,P0157,2023-12-06,7,Wrong Item Delivered
RET006717,ORD0076146,P0160,2023-07-16,8,Customer Changed Mind
RET006718,ORD0076152,P0083,2024-05-16,118,Customer Changed Mind
RET006719,ORD0076160,P0145,2023-01-26,7,Quality Issue
RET006720,ORD0076188,P0068,2024-04-22,107,Customer Changed Mind
RET006721,ORD0076198,P0198,2023-05-17,12,Customer Changed Mind
RET006722,ORD0076201,P0130,2023-06-18,20,Quality Issue
RET006723,ORD0076209,P0200,2024-01-18,54,Late Delivery
RET006724,ORD0076237,P0111,2024-07-02,1,Late Delivery
RET006725,ORD0076251,P0178,2023-07-10,1,Damaged in Transit
RET006726,ORD0076256,P0011,2023-10-28,1,Customer Changed Mind
RET006727,ORD0076256,P0055,2023-10-19,1,Other
RET006728,ORD0076270,P0169,2024-08-11,1,Damaged in Transit
RET006729,ORD0076276,P0118,2023-02-10,2,Wrong Item Delivered
RET006730,ORD0076285,P0168,2023-12-08,1,Damaged in Transit
RET006731,ORD0076290,P0111,2024-04-13,2,Damaged in Transit
RET006732,ORD0076291,P0187,2024-05-28,2,Wrong Item Delivered
RET006733,ORD0076293,P0004,2024-06-19,1,Other
RET006734,ORD0076296,P0094,2024-09-24,1,Customer Changed Mind
RET006735,ORD0076321,P0068,2023-01-30,1,Damaged in Transit
RET006736,ORD0076325,P0029,2023-03-30,1,Damaged in Transit
RET006737,ORD0076327,P0044,2023-05-11,1,Wrong Item Delivered
RET006738,ORD0076329,P0162,2023-08-10,2,Late Delivery
RET006739,ORD0076350,P0190,2024-11-13,1,Damaged in Transit
RET006740,ORD0076350,P0122,2024-11-18,1,Damaged in Transit
RET006741,ORD0076358,P0048,2024-04-01,81,Wrong Item Delivered
RET006742,ORD0076379,P0113,2023-08-21,1,Quality Issue
RET006743,ORD0076380,P0198,2023-09-14,1,Customer Changed Mind
RET006744,ORD0076383,P0047,2024-01-11,1,Late Delivery
RET006745,ORD0076400,P0003,2024-09-14,1,Wrong Item Delivered
RET006746,ORD0076458,P0026,2023-06-13,1,Damaged in Transit
RET006747,ORD0076460,P0095,2023-06-20,3,Wrong Item Delivered
RET006748,ORD0076482,P0187,2024-12-27,2,Damaged in Transit
RET006749,ORD0076482,P0061,2024-12-14,3,Damaged in Transit
RET006750,ORD0076495,P0083,2023-07-09,5,Customer Changed Mind
RET006751,ORD0076502,P0187,2023-12-26,1,Quality Issue
RET006752,ORD0076506,P0196,2024-04-26,1,Customer Changed Mind
RET006753,ORD0076508,P0069,2024-08-08,2,Damaged in Transit
RET006754,ORD0076514,P0048,2024-11-30,2,Quality Issue
RET006755,ORD0076520,P0087,2023-07-12,1,Quality Issue
RET006756,ORD0076561,P0024,2023-10-17,75,Damaged in Transit
RET006757,ORD0076565,P0109,2023-12-13,91,Customer Changed Mind
RET006758,ORD0076568,P0126,2024-07-03,200,Customer Changed Mind
RET006759,ORD0076569,P0081,2024-12-11,188,Quality Issue
RET006760,ORD0076615,P0151,2024-09-19,3,Quality Issue
RET006761,ORD0076627,P0158,2023-07-09,2,Late Delivery
RET006762,ORD0076646,P0090,2024-02-03,1,Late Delivery
RET006763,ORD0076720,P0083,2023-11-12,1,Damaged in Transit
RET006764,ORD0076735,P0048,2024-11-08,1,Customer Changed Mind
RET006765,ORD0076738,P0048,2023-04-18,2,Other
RET006766,ORD0076742,P0188,2023-08-16,63,Customer Changed Mind
RET006767,ORD0076756,P0191,2023-06-25,1,Quality Issue
RET006768,ORD0076799,P0049,2023-08-04,1,Damaged in Transit
RET006769,ORD0076814,P0032,2024-05-04,1,Quality Issue
RET006770,ORD0076820,P0123,2024-08-30,2,Customer Changed Mind
RET006771,ORD0076823,P0171,2024-10-09,2,Other
RET006772,ORD0076864,P0008,2023-06-13,1,Damaged in Transit
RET006773,ORD0076867,P0016,2023-07-28,1,Late Delivery
RET006774,ORD0076876,P0014,2024-04-24,1,Damaged in Transit
RET006775,ORD0076876,P0093,2024-04-22,1,Damaged in Transit
RET006776,ORD0076879,P0005,2024-05-24,1,Damaged in Transit
RET006777,ORD0076899,P0073,2023-11-20,4,Customer Changed Mind
RET006778,ORD0076908,P0168,2024-05-20,1,Damaged in Transit
RET006779,ORD0076908,P0124,2024-05-05,2,Damaged in Transit
RET006780,ORD0076910,P0120,2024-06-18,1,Customer Changed Mind
RET006781,ORD0076955,P0150,2024-02-07,1,Late Delivery
RET006782,ORD0076967,P0004,2024-08-22,1,Quality Issue
RET006783,ORD0076968,P0140,2024-09-05,1,Wrong Item Delivered
RET006784,ORD0076969,P0007,2024-09-19,1,Customer Changed Mind
RET006785,ORD0076971,P0044,2024-09-10,1,Wrong Item Delivered
RET006786,ORD0076981,P0053,2023-03-17,1,Damaged in Transit
RET006787,ORD0076981,P0029,2023-03-18,1,Damaged in Transit
RET006788,ORD0076989,P0185,2023-07-06,1,Late Delivery
RET006789,ORD0076991,P0137,2023-09-25,1,Damaged in Transit
RET006790,ORD0076994,P0170,2023-10-04,1,Late Delivery
RET006791,ORD0077011,P0090,2024-05-17,1,Quality Issue
RET006792,ORD0077058,P0055,2023-02-25,1,Late Delivery
RET006793,ORD0077071,P0103,2023-07-03,1,Damaged in Transit
RET006794,ORD0077073,P0169,2023-07-07,1,Customer Changed Mind
RET006795,ORD0077075,P0118,2023-08-06,1,Wrong Item Delivered
RET006796,ORD0077112,P0037,2023-09-17,1,Late Delivery
RET006797,ORD0077113,P0105,2023-10-04,1,Late Delivery
RET006798,ORD0077114,P0038,2023-10-01,1,Customer Changed Mind
RET006799,ORD0077118,P0152,2023-11-21,1,Wrong Item Delivered
RET006800,ORD0077132,P0198,2024-05-02,1,Wrong Item Delivered
RET006801,ORD0077133,P0150,2024-05-16,2,Other
RET006802,ORD0077135,P0159,2024-07-13,1,Damaged in Transit
RET006803,ORD0077137,P0026,2024-06-16,1,Wrong Item Delivered
RET006804,ORD0077159,P0029,2023-05-31,1,Quality Issue
RET006805,ORD0077214,P0004,2024-05-08,1,Damaged in Transit
RET006806,ORD0077226,P0039,2023-02-23,2,Wrong Item Delivered
RET006807,ORD0077237,P0194,2023-10-30,1,Wrong Item Delivered
RET006808,ORD0077242,P0070,2023-11-24,1,Wrong Item Delivered
RET006809,ORD0077258,P0037,2024-11-08,1,Customer Changed Mind
RET006810,ORD0077258,P0128,2024-11-08,2,Damaged in Transit
RET006811,ORD0077275,P0151,2024-09-22,306,Damaged in Transit
RET006812,ORD0077278,P0083,2024-11-30,194,Other
RET006813,ORD0077292,P0137,2024-02-04,2,Quality Issue
RET006814,ORD0077304,P0034,2023-03-06,3,Damaged in Transit
RET006815,ORD0077305,P0013,2023-04-15,2,Customer Changed Mind
RET006816,ORD0077312,P0073,2023-08-18,1,Late Delivery
RET006817,ORD0077317,P0038,2024-01-06,3,Other
RET006818,ORD0077333,P0131,2024-10-11,1,Wrong Item Delivered
RET006819,ORD0077340,P0195,2023-06-25,285,Wrong Item Delivered
RET006820,ORD0077340,P0058,2023-06-23,49,Wrong Item Delivered
RET006821,ORD0077344,P0093,2024-03-07,8,Damaged in Transit
RET006822,ORD0077352,P0107,2023-01-22,1,Wrong Item Delivered
RET006823,ORD0077357,P0076,2023-05-03,1,Late Delivery
RET006824,ORD0077360,P0034,2023-06-03,1,Damaged in Transit
RET006825,ORD0077363,P0192,2023-07-23,1,Other
RET006826,ORD0077366,P0127,2023-08-12,2,Wrong Item Delivered
RET006827,ORD0077386,P0106,2024-06-08,1,Damaged in Transit
RET006828,ORD0077405,P0177,2024-06-01,287,Quality Issue
RET006829,ORD0077423,P0117,2023-11-02,1,Damaged in Transit
RET006830,ORD0077427,P0001,2024-02-15,1,Quality Issue
RET006831,ORD0077451,P0152,2023-08-13,1,Quality Issue
RET006832,ORD0077458,P0119,2024-03-08,4,Damaged in Transit
RET006833,ORD0077470,P0189,2023-04-24,51,Quality Issue
RET006834,ORD0077474,P0058,2024-01-05,126,Wrong Item Delivered
RET006835,ORD0077485,P0051,2023-04-29,1,Customer Changed Mind
RET006836,ORD0077498,P0036,2024-05-20,2,Late Delivery
RET006837,ORD0077502,P0047,2023-01-19,1,Quality Issue
RET006838,ORD0077513,P0166,2023-07-13,1,Quality Issue
RET006839,ORD0077566,P0044,2024-07-05,1,Customer Changed Mind
RET006840,ORD0077572,P0087,2023-02-22,1,Wrong Item Delivered
RET006841,ORD0077572,P0139,2023-02-16,1,Wrong Item Delivered
RET006842,ORD0077576,P0137,2023-03-14,1,Other
RET006843,ORD0077598,P0031,2024-03-02,1,Quality Issue
RET006844,ORD0077619,P0106,2023-07-17,43,Customer Changed Mind
RET006845,ORD0077622,P0079,2023-11-05,45,Damaged in Transit
RET006846,ORD0077622,P0159,2023-11-13,9,Damaged in Transit
RET006847,ORD0077651,P0037,2024-10-29,1,Customer Changed Mind
RET006848,ORD0077703,P0008,2023-11-14,1,Damaged in Transit
RET006849,ORD0077724,P0068,2024-09-03,1,Wrong Item Delivered
RET006850,ORD0077738,P0026,2023-07-23,1,Wrong Item Delivered
RET006851,ORD0077751,P0159,2024-02-21,2,Late Delivery
RET006852,ORD0077759,P0032,2024-07-01,1,Customer Changed Mind
RET006853,ORD0077783,P0091,2023-02-14,48,Customer Changed Mind
RET006854,ORD0077788,P0193,2023-08-09,75,Late Delivery
RET006855,ORD0077801,P0188,2023-02-28,1,Late Delivery
RET006856,ORD0077804,P0011,2023-06-04,1,Customer Changed Mind
RET006857,ORD0077818,P0196,2024-01-15,1,Other
RET006858,ORD0077841,P0109,2024-10-26,1,Customer Changed Mind
RET006859,ORD0077844,P0106,2024-12-29,1,Damaged in Transit
RET006860,ORD0077846,P0004,2023-07-17,2,Wrong Item Delivered
RET006861,ORD0077855,P0048,2024-04-08,4,Customer Changed Mind
RET006862,ORD0077860,P0113,2024-08-15,2,Late Delivery
RET006863,ORD0077864,P0182,2024-10-11,2,Late Delivery
RET006864,ORD0077871,P0025,2023-06-10,4,Damaged in Transit
RET006865,ORD0077871,P0014,2023-05-29,2,Damaged in Transit
RET006866,ORD0077879,P0068,2023-09-19,1,Damaged in Transit
RET006867,ORD0077888,P0127,2024-04-09,1,Customer Changed Mind
RET006868,ORD0077891,P0117,2024-06-06,3,Customer Changed Mind
RET006869,ORD0077938,P0152,2023-02-22,1,Wrong Item Delivered
RET006870,ORD0077939,P0068,2023-03-17,1,Damaged in Transit
RET006871,ORD0077939,P0008,2023-03-23,1,Damaged in Transit
RET006872,ORD0077943,P0144,2023-04-28,1,Customer Changed Mind
RET006873,ORD0077953,P0014,2023-10-17,1,Late Delivery
RET006874,ORD0077957,P0149,2023-12-13,1,Damaged in Transit
RET006875,ORD0077960,P0029,2024-02-04,1,Damaged in Transit
RET006876,ORD0077978,P0058,2023-02-06,1,Quality Issue
RET006877,ORD0077992,P0188,2023-10-15,1,Other
RET006878,ORD0078005,P0188,2024-04-27,1,Wrong Item Delivered
RET006879,ORD0078012,P0128,2024-08-01,1,Wrong Item Delivered
RET006880,ORD0078024,P0079,2023-02-14,1,Damaged in Transit
RET006881,ORD0078025,P0073,2023-02-07,1,Customer Changed Mind
RET006882,ORD0078032,P0128,2023-09-08,1,Other
RET006883,ORD0078035,P0095,2023-10-11,1,Other
RET006884,ORD0078041,P0127,2023-12-22,1,Quality Issue
RET006885,ORD0078043,P0065,2024-02-11,1,Customer Changed Mind
RET006886,ORD0078049,P0158,2024-05-11,1,Wrong Item Delivered
RET006887,ORD0078052,P0003,2024-06-22,1,Late Delivery
RET006888,ORD0078069,P0049,2023-04-28,1,Late Delivery
RET006889,ORD0078077,P0052,2023-09-10,1,Late Delivery
RET006890,ORD0078082,P0083,2023-10-08,1,Late Delivery
RET006891,ORD0078099,P0195,2024-12-07,1,Wrong Item Delivered
RET006892,ORD0078105,P0036,2023-07-04,201,Other
RET006893,ORD0078107,P0177,2024-01-25,104,Customer Changed Mind
RET006894,ORD0078108,P0032,2024-02-08,77,Late Delivery
RET006895,ORD0078118,P0087,2023-04-05,1,Damaged in Transit
RET006896,ORD0078121,P0102,2023-06-05,1,Customer Changed Mind
RET006897,ORD0078125,P0109,2023-07-13,1,Late Delivery
RET006898,ORD0078126,P0183,2023-08-31,2,Quality Issue
RET006899,ORD0078133,P0036,2023-11-13,1,Damaged in Transit
RET006900,ORD0078133,P0138,2023-11-12,1,Damaged in Transit
RET006901,ORD0078135,P0124,2023-12-22,1,Other
RET006902,ORD0078156,P0023,2023-05-06,2,Other
RET006903,ORD0078158,P0101,2023-07-19,70,Quality Issue
RET006904,ORD0078162,P0038,2023-12-16,54,Quality Issue
RET006905,ORD0078165,P0088,2024-01-28,5,Late Delivery
RET006906,ORD9999999,P0035,2023-03-06,2,Customer Changed Mind
RET006907,ORD0078189,P0093,2023-07-31,1,Damaged in Transit
RET006908,ORD0078189,P0097,2023-08-17,1,Damaged in Transit
RET006909,ORD0078190,P0078,2023-08-30,2,Quality Issue
RET006910,ORD0078194,P0133,2024-01-09,2,Wrong Item Delivered
RET006911,ORD0078205,P0183,2024-07-03,1,Customer Changed Mind
RET006912,ORD0078222,P0141,2023-02-08,3,Damaged in Transit
RET006913,ORD0078224,P0176,2023-03-11,1,Wrong Item Delivered
RET006914,ORD0078227,P0047,2023-04-24,4,Damaged in Transit
RET006915,ORD0078253,P0174,2023-01-21,4,Other
RET006916,ORD0078270,P0035,2023-10-31,1,Damaged in Transit
RET006917,ORD0078271,P0197,2023-11-07,1,Damaged in Transit
RET006918,ORD0078271,P0177,2023-11-05,1,Damaged in Transit
RET006919,ORD0078288,P0133,2023-01-31,2,Late Delivery
RET006920,ORD0078292,P0137,2023-03-14,1,Late Delivery
RET006921,ORD0078297,P0048,2023-10-18,4,Wrong Item Delivered
RET006922,ORD0078297,P0016,2023-10-22,2,Wrong Item Delivered
RET006923,ORD0078314,P0137,2024-09-30,1,Quality Issue
RET006924,ORD0078328,P0014,2023-10-10,1,Quality Issue
RET006925,ORD0078329,P0128,2023-11-07,2,Customer Changed Mind
RET006926,ORD0078335,P0066,2024-03-29,1,Damaged in Transit
RET006927,ORD0078335,P0093,2024-04-06,1,Damaged in Transit
RET006928,ORD0078340,P0013,2024-06-23,1,Wrong Item Delivered
RET006929,ORD0078402,P0188,2024-07-04,1,Customer Changed Mind
RET006930,ORD0078412,P0159,2024-08-25,1,Wrong Item Delivered
RET006931,ORD0078431,P0040,2023-11-28,1,Late Delivery
RET006932,ORD0078435,P0181,2024-01-18,1,Customer Changed Mind
RET006933,ORD0078440,P0187,2024-03-16,1,Wrong Item Delivered
RET006934,ORD0078451,P0023,2024-11-11,1,Wrong Item Delivered
RET006935,ORD0078453,P0004,2024-12-15,1,Damaged in Transit
RET006936,ORD0078467,P0071,2024-10-13,236,Other
RET006937,ORD0078468,P0105,2024-10-24,18,Wrong Item Delivered
RET006938,ORD0078493,P0168,2024-03-17,1,Customer Changed Mind
RET006939,ORD0078498,P0188,2024-07-20,1,Wrong Item Delivered
RET006940,ORD0078500,P0051,2024-09-03,1,Damaged in Transit
RET006941,ORD0078505,P0119,2024-12-20,1,Late Delivery
RET006942,ORD0078514,P0094,2023-10-04,4,Late Delivery
RET006943,ORD0078520,P0019,2024-02-29,1,Late Delivery
RET006944,ORD0078538,P0196,2023-03-07,1,Wrong Item Delivered
RET006945,ORD0078539,P0056,2023-03-25,4,Quality Issue
RET006946,ORD0078544,P0105,2023-08-04,1,Damaged in Transit
RET006947,ORD0078551,P0085,2023-12-20,1,Late Delivery
RET006948,ORD0078555,P0107,2024-02-26,4,Damaged in Transit
RET006949,ORD0078563,P0143,2024-08-02,2,Damaged in Transit
RET006950,ORD0078567,P0143,2024-12-05,1,Damaged in Transit
RET006951,ORD0078567,P0133,2024-12-08,3,Damaged in Transit
RET006952,ORD0078570,P0031,2023-02-03,2,Wrong Item Delivered
RET006953,ORD0078579,P0039,2023-11-03,1,Quality Issue
RET006954,ORD0078594,P0152,2023-05-30,11,Other
RET006955,ORD0078622,P0085,2024-03-31,1,Wrong Item Delivered
RET006956,ORD0078625,P0049,2024-06-09,1,Wrong Item Delivered
RET006957,ORD0078631,P0012,2024-10-26,1,Wrong Item Delivered
RET006958,ORD0078654,P0025,2024-03-02,2,Late Delivery
RET006959,ORD0078667,P0150,2023-04-03,230,Quality Issue
RET006960,ORD0078671,P0113,2023-11-13,110,Damaged in Transit
RET006961,ORD0078683,P0055,2024-12-30,38,Wrong Item Delivered
RET006962,ORD0078687,P0025,2023-04-01,2,Damaged in Transit
RET006963,ORD0078699,P0084,2023-10-04,1,Damaged in Transit
RET006964,ORD0078709,P0190,2024-02-27,1,Wrong Item Delivered
RET006965,ORD0078716,P0076,2024-08-14,1,Customer Changed Mind
RET006966,ORD0078716,P0198,2024-07-31,2,Customer Changed Mind
RET006967,ORD0078718,P0058,2024-10-15,2,Quality Issue
RET006968,ORD0078741,P0103,2024-03-20,2,Damaged in Transit
RET006969,ORD0078756,P0044,2024-12-21,1,Other
RET006970,ORD0078761,P0149,2023-05-18,2,Quality Issue
RET006971,ORD0078776,P0114,2023-12-28,1,Wrong Item Delivered
RET006972,ORD0078784,P0074,2024-05-22,1,Customer Changed Mind
RET006973,ORD0078793,P0187,2024-10-18,1,Customer Changed Mind
RET006974,ORD0078815,P0014,2024-02-04,1,Wrong Item Delivered
RET006975,ORD0078816,P0141,2024-04-26,1,Customer Changed Mind
RET006976,ORD0078820,P0169,2024-07-21,2,Damaged in Transit
RET006977,ORD0078826,P0054,2024-10-20,1,Damaged in Transit
RET006978,ORD0078826,P0101,2024-10-14,1,Damaged in Transit
RET006979,ORD0078866,P0106,2023-04-03,2,Customer Changed Mind
RET006980,ORD0078884,P0077,2023-02-21,1,Wrong Item Delivered
RET006981,ORD0078887,P0050,2023-06-04,2,Quality Issue
RET006982,ORD0078891,P0069,2023-07-31,1,Damaged in Transit
RET006983,ORD0078891,P0134,2023-08-17,2,Damaged in Transit
RET006984,ORD0078893,P0038,2023-11-27,1,Quality Issue
RET006985,ORD9999999,P0034,2024-03-10,2,Wrong Item Delivered
RET006986,ORD0078900,P0122,2024-04-24,4,Customer Changed Mind
RET006987,ORD0078913,P0169,2023-04-14,1,Customer Changed Mind
RET006988,ORD0078918,P0014,2023-10-28,1,Late Delivery
RET006989,ORD0078938,P0010,2023-06-16,1,Late Delivery
RET006990,ORD0078965,P0196,2024-08-12,2,Quality Issue
RET006991,ORD0078974,P0062,2023-02-18,90,Customer Changed Mind
RET006992,ORD0079007,P0111,2023-11-25,1,Late Delivery
RET006993,ORD0079013,P0155,2024-01-26,1,Late Delivery
RET006994,ORD0079051,P0006,2024-02-08,2,Damaged in Transit
RET006995,ORD0079055,P0109,2024-05-16,1,Quality Issue
RET006996,ORD0079066,P0124,2024-09-04,1,Damaged in Transit
RET006997,ORD0079067,P0129,2024-09-22,1,Other
RET006998,ORD0079087,P0186,2023-09-06,1,Damaged in Transit
RET006999,ORD0079097,P0047,2023-12-27,1,Damaged in Transit
RET007000,ORD0079097,P0003,2023-12-30,2,Damaged in Transit
RET007001,ORD0079128,P0012,2023-12-13,40,Late Delivery
RET007002,ORD0079132,P0133,2024-04-13,16,Quality Issue
RET007003,ORD0079160,P0085,2023-04-03,2,Customer Changed Mind
RET007004,ORD0079165,P0067,2023-05-17,1,Other
RET007005,ORD0079166,P0046,2023-06-12,1,Damaged in Transit
RET007006,ORD0079166,P0061,2023-06-22,1,Damaged in Transit
RET007007,ORD0079175,P0188,2023-12-21,1,Late Delivery
RET007008,ORD0079182,P0093,2024-05-16,1,Wrong Item Delivered
RET007009,ORD0079186,P0186,2024-06-13,1,Wrong Item Delivered
RET007010,ORD0079207,P0047,2023-07-07,1,Late Delivery
RET007011,ORD0079208,P0148,2023-07-16,1,Damaged in Transit
RET007012,ORD0079216,P0036,2024-04-08,1,Wrong Item Delivered
RET007013,ORD0079216,P0026,2024-04-23,5,Wrong Item Delivered
RET007014,ORD0079280,P0144,2024-03-09,1,Quality Issue
RET007015,ORD0079284,P0057,2024-05-21,3,Other
RET007016,ORD0079312,P0025,2024-09-08,5,Other
RET007017,ORD0079313,P0159,2024-09-29,1,Wrong Item Delivered
RET007018,ORD0079314,P0129,2024-11-19,1,Wrong Item Delivered
RET007019,ORD0079314,P0144,2024-11-04,3,Wrong Item Delivered
RET007020,ORD0079322,P0126,2023-03-07,2,Customer Changed Mind
RET007021,ORD0079323,P0036,2023-03-15,1,Quality Issue
RET007022,ORD0079328,P0175,2023-05-13,2,Customer Changed Mind
RET007023,ORD0079343,P0044,2023-11-20,1,Late Delivery
RET007024,ORD0079360,P0094,2024-09-13,1,Customer Changed Mind
RET007025,ORD0079365,P0071,2024-11-28,2,Late Delivery
RET007026,ORD0079366,P0116,2024-12-10,2,Late Delivery
RET007027,ORD0079384,P0015,2024-02-08,1,Damaged in Transit
RET007028,ORD0079388,P0163,2024-06-23,1,Damaged in Transit
RET007029,ORD0079390,P0180,2024-09-02,3,Other
RET007030,ORD9999999,P0056,2024-09-18,1,Wrong Item Delivered
RET007031,ORD0079400,P0111,2023-02-12,1,Customer Changed Mind
RET007032,ORD0079417,P0131,2023-12-27,1,Quality Issue
RET007033,ORD0079420,P0101,2024-01-03,1,Wrong Item Delivered
RET007034,ORD0079420,P0105,2024-01-02,1,Wrong Item Delivered
RET007035,ORD0079430,P0105,2024-08-03,1,Quality Issue
RET007036,ORD0079433,P0113,2023-01-24,1,Wrong Item Delivered
RET007037,ORD0079454,P0169,2024-04-15,2,Wrong Item Delivered
RET007038,ORD0079455,P0106,2024-04-16,5,Damaged in Transit
RET007039,ORD0079455,P0003,2024-04-11,1,Damaged in Transit
RET007040,ORD0079462,P0189,2024-09-25,1,Customer Changed Mind
RET007041,ORD0079488,P0195,2023-12-30,1,Wrong Item Delivered
RET007042,ORD0079489,P0085,2024-02-08,1,Other
RET007043,ORD0079496,P0052,2024-07-14,1,Damaged in Transit
RET007044,ORD0079546,P0047,2024-10-23,2,Customer Changed Mind
RET007045,ORD0079561,P0087,2024-01-18,1,Quality Issue
RET007046,ORD0079572,P0011,2024-07-21,2,Customer Changed Mind
RET007047,ORD0079587,P0200,2023-03-21,1,Damaged in Transit
RET007048,ORD0079587,P0021,2023-03-17,1,Damaged in Transit
RET007049,ORD0079589,P0104,2023-05-04,1,Damaged in Transit
RET007050,ORD0079596,P0083,2023-06-12,1,Late Delivery
RET007051,ORD0079620,P0019,2024-10-12,1,Quality Issue
RET007052,ORD0079634,P0038,2023-07-02,1,Other
RET007053,ORD0079657,P0179,2024-05-31,1,Wrong Item Delivered
RET007054,ORD0079667,P0157,2024-09-21,1,Quality Issue
RET007055,ORD0079677,P0095,2023-03-23,5,Other
RET007056,ORD0079698,P0104,2024-11-13,1,Customer Changed Mind
RET007057,ORD0079701,P0179,2024-12-19,1,Damaged in Transit
RET007058,ORD0079702,P0109,2024-12-17,4,Damaged in Transit
RET007059,ORD0079713,P0184,2024-07-12,49,Wrong Item Delivered
RET007060,ORD0079716,P0004,2023-01-30,1,Quality Issue
RET007061,ORD0079737,P0170,2024-11-03,1,Customer Changed Mind
RET007062,ORD0079748,P0025,2023-04-08,1,Customer Changed Mind
RET007063,ORD0079749,P0108,2023-05-19,2,Late Delivery
RET007064,ORD0079781,P0063,2023-09-28,1,Customer Changed Mind
RET007065,ORD0079781,P0079,2023-10-08,1,Quality Issue
RET007066,ORD0079795,P0093,2024-07-29,1,Customer Changed Mind
RET007067,ORD0079832,P0168,2023-05-12,1,Damaged in Transit
RET007068,ORD0079849,P0016,2023-01-18,1,Other
RET007069,ORD0079862,P0087,2023-07-19,1,Customer Changed Mind
RET007070,ORD0079865,P0075,2023-10-17,1,Late Delivery
RET007071,ORD0079866,P0001,2023-10-26,1,Quality Issue
RET007072,ORD0079874,P0181,2024-05-09,1,Damaged in Transit
RET007073,ORD0079875,P0149,2024-05-16,1,Wrong Item Delivered
RET007074,ORD0079890,P0101,2023-04-20,1,Damaged in Transit
RET007075,ORD0079890,P0045,2023-04-26,1,Damaged in Transit
RET007076,ORD0079896,P0196,2023-08-26,2,Wrong Item Delivered
RET007077,ORD0079913,P0075,2024-05-21,2,Late Delivery
RET007078,ORD0079923,P0042,2024-12-15,1,Customer Changed Mind
RET007079,ORD0079936,P0006,2023-06-17,2,Damaged in Transit
RET007080,ORD0079945,P0183,2024-04-08,1,Wrong Item Delivered
RET007081,ORD0079969,P0023,2023-06-25,29,Wrong Item Delivered
RET007082,ORD0079977,P0153,2024-04-23,7,Late Delivery
RET007083,ORD0079984,P0004,2023-02-18,2,Damaged in Transit
RET007084,ORD0080002,P0095,2024-07-07,4,Customer Changed Mind
RET007085,ORD0080030,P0163,2023-08-24,1,Wrong Item Delivered
RET007086,ORD0080061,P0065,2024-09-30,2,Wrong Item Delivered
RET007087,ORD0080062,P0039,2024-09-09,1,Damaged in Transit
RET007088,ORD0080072,P0106,2023-03-08,2,Damaged in Transit
RET007089,ORD0080079,P0024,2023-05-10,1,Damaged in Transit
RET007090,ORD0080080,P0036,2023-05-20,1,Wrong Item Delivered
RET007091,ORD0080083,P0182,2023-08-08,1,Late Delivery
RET007092,ORD9999999,P0006,2023-12-26,1,Customer Changed Mind
RET007093,ORD0080100,P0044,2024-05-16,1,Late Delivery
RET007094,ORD9999999,P0014,2023-02-18,2,Quality Issue
RET007095,ORD0080161,P0049,2024-02-09,2,Wrong Item Delivered
RET007096,ORD0080185,P0136,2024-08-25,162,Damaged in Transit
RET007097,ORD0080187,P0068,2024-11-24,45,Other
RET007098,ORD0080188,P0085,2024-12-14,4,Late Delivery
RET007099,ORD0080189,P0194,2023-01-31,1,Customer Changed Mind
RET007100,ORD0080192,P0129,2023-03-19,3,Damaged in Transit
RET007101,ORD0080192,P0057,2023-03-14,1,Damaged in Transit
RET007102,ORD0080197,P0015,2023-06-24,2,Damaged in Transit
RET007103,ORD0080206,P0095,2023-11-08,1,Quality Issue
RET007104,ORD0080214,P0144,2024-07-26,1,Damaged in Transit
RET007105,ORD0080219,P0038,2024-11-15,3,Quality Issue
RET007106,ORD0080222,P0107,2023-06-07,32,Late Delivery
RET007107,ORD0080230,P0122,2024-02-13,74,Wrong Item Delivered
RET007108,ORD0080230,P0053,2024-02-04,50,Wrong Item Delivered
RET007109,ORD0080243,P0121,2023-07-14,1,Customer Changed Mind
RET007110,ORD0080244,P0056,2023-08-19,1,Wrong Item Delivered
RET007111,ORD0080247,P0111,2023-09-09,1,Customer Changed Mind
RET007112,ORD9999999,P0196,2023-12-13,1,Other
RET007113,ORD0080257,P0125,2023-11-29,1,Customer Changed Mind
RET007114,ORD0080263,P0047,2024-03-30,1,Quality Issue
RET007115,ORD0080274,P0098,2024-11-08,2,Late Delivery
RET007116,ORD0080284,P0037,2023-12-07,2,Other
RET007117,ORD0080298,P0128,2024-06-27,1,Damaged in Transit
RET007118,ORD0080298,P0049,2024-06-27,2,Damaged in Transit
RET007119,ORD0080347,P0038,2023-01-18,3,Customer Changed Mind
RET007120,ORD0080348,P0029,2023-03-27,1,Damaged in Transit
RET007121,ORD0080360,P0034,2024-01-30,1,Quality Issue
RET007122,ORD9999999,P0050,2024-02-07,2,Customer Changed Mind
RET007123,ORD0080441,P0158,2024-06-02,1,Other
RET007124,ORD0080447,P0138,2024-08-30,2,Late Delivery
RET007125,ORD0080450,P0095,2024-10-05,1,Wrong Item Delivered
RET007126,ORD0080460,P0103,2023-08-07,3,Damaged in Transit
RET007127,ORD0080498,P0132,2024-08-11,1,Quality Issue
RET007128,ORD0080501,P0020,2024-11-11,2,Other
RET007129,ORD0080546,P0050,2024-10-13,1,Customer Changed Mind
RET007130,ORD0080548,P0111,2024-11-15,1,Quality Issue
RET007131,ORD0080568,P0008,2023-09-16,1,Wrong Item Delivered
RET007132,ORD0080618,P0111,2023-10-05,1,Customer Changed Mind
RET007133,ORD0080644,P0052,2023-04-27,1,Other
RET007134,ORD0080650,P0109,2023-08-06,1,Quality Issue
RET007135,ORD0080656,P0198,2024-03-19,1,Quality Issue
RET007136,ORD0080662,P0110,2024-10-22,4,Late Delivery
RET007137,ORD0080687,P0041,2023-02-22,5,Customer Changed Mind
RET007138,ORD0080691,P0196,2023-04-22,1,Other
RET007139,ORD0080724,P0036,2023-04-29,3,Quality Issue
RET007140,ORD0080749,P0075,2023-01-26,1,Damaged in Transit
RET007141,ORD0080761,P0083,2024-05-03,2,Other
RET007142,ORD0080762,P0113,2024-06-18,3,Customer Changed Mind
RET007143,ORD0080774,P0005,2023-04-20,149,Wrong Item Delivered
RET007144,ORD0080798,P0029,2023-10-28,1,Customer Changed Mind
RET007145,ORD0080807,P0109,2024-10-18,1,Customer Changed Mind
RET007146,ORD0080835,P0140,2024-09-28,2,Quality Issue
RET007147,ORD0080843,P0166,2023-06-08,5,Late Delivery
RET007148,ORD0080846,P0137,2023-08-27,3,Wrong Item Delivered
RET007149,ORD0080854,P0128,2024-01-21,1,Customer Changed Mind
RET007150,ORD0080855,P0001,2024-01-30,5,Customer Changed Mind
RET007151,ORD0080856,P0059,2024-02-13,3,Customer Changed Mind
RET007152,ORD0080877,P0151,2023-06-27,1,Customer Changed Mind
RET007153,ORD0080878,P0068,2023-08-23,1,Damaged in Transit
RET007154,ORD0080915,P0122,2023-08-13,1,Customer Changed Mind
RET007155,ORD0080926,P0044,2024-04-17,1,Customer Changed Mind
RET007156,ORD0080933,P0120,2024-11-03,1,Damaged in Transit
RET007157,ORD0080947,P0191,2023-10-04,2,Quality Issue
RET007158,ORD0080950,P0183,2024-03-31,3,Damaged in Transit
RET007159,ORD0080952,P0020,2024-05-27,1,Wrong Item Delivered
RET007160,ORD0080983,P0154,2024-04-12,2,Other
RET007161,ORD0080995,P0179,2024-12-25,1,Wrong Item Delivered
RET007162,ORD0081008,P0063,2023-08-28,1,Damaged in Transit
RET007163,ORD0081016,P0063,2023-12-18,1,Quality Issue
RET007164,ORD0081018,P0192,2023-12-30,2,Customer Changed Mind
RET007165,ORD0081035,P0110,2024-11-29,1,Quality Issue
RET007166,ORD0081044,P0083,2023-04-06,1,Wrong Item Delivered
RET007167,ORD0081063,P0183,2023-11-21,1,Customer Changed Mind
RET007168,ORD0081064,P0027,2023-12-26,1,Customer Changed Mind
RET007169,ORD0081077,P0046,2024-04-10,1,Wrong Item Delivered
RET007170,ORD0081088,P0021,2024-09-12,2,Customer Changed Mind
RET007171,ORD0081095,P0051,2023-03-31,2,Wrong Item Delivered
RET007172,ORD0081124,P0078,2023-01-29,1,Wrong Item Delivered
RET007173,ORD0081143,P0166,2023-12-15,2,Other
RET007174,ORD0081146,P0016,2024-02-21,2,Damaged in Transit
RET007175,ORD9999999,P0039,2024-03-06,8,Quality Issue
RET007176,ORD0081182,P0125,2024-06-26,64,Customer Changed Mind
RET007177,ORD0081217,P0124,2024-01-16,1,Wrong Item Delivered
RET007178,ORD0081217,P0014,2024-01-28,1,Wrong Item Delivered
RET007179,ORD0081232,P0049,2024-07-22,1,Late Delivery
RET007180,ORD0081245,P0140,2023-03-16,2,Damaged in Transit
RET007181,ORD0081253,P0174,2023-12-11,1,Damaged in Transit
RET007182,ORD0081268,P0075,2024-01-16,36,Customer Changed Mind
RET007183,ORD0081281,P0001,2023-04-29,1,Other
RET007184,ORD0081295,P0001,2024-02-22,1,Wrong Item Delivered
RET007185,ORD0081305,P0133,2024-08-02,1,Quality Issue
RET007186,ORD0081309,P0186,2024-12-22,1,Late Delivery
RET007187,ORD0081310,P0090,2024-12-29,1,Wrong Item Delivered
RET007188,ORD0081345,P0085,2023-04-11,2,Wrong Item Delivered
RET007189,ORD0081349,P0157,2023-06-17,1,Customer Changed Mind
RET007190,ORD0081356,P0099,2023-08-29,1,Quality Issue
RET007191,ORD0081374,P0102,2024-11-19,3,Damaged in Transit
RET007192,ORD0081380,P0006,2023-03-01,1,Wrong Item Delivered
RET007193,ORD0081392,P0181,2023-10-19,1,Other
RET007194,ORD0081397,P0082,2023-12-23,1,Customer Changed Mind
RET007195,ORD0081408,P0198,2024-05-30,1,Late Delivery
RET007196,ORD0081409,P0138,2024-08-22,2,Wrong Item Delivered
RET007197,ORD0081419,P0134,2024-10-28,1,Customer Changed Mind
RET007198,ORD0081430,P0032,2023-06-27,1,Customer Changed Mind
RET007199,ORD0081440,P0156,2023-12-18,1,Wrong Item Delivered
RET007200,ORD0081447,P0143,2024-03-21,1,Damaged in Transit
RET007201,ORD0081447,P0077,2024-03-11,2,Damaged in Transit
RET007202,ORD0081465,P0002,2024-12-07,1,Quality Issue
RET007203,ORD0081469,P0028,2023-03-15,1,Customer Changed Mind
RET007204,ORD0081471,P0008,2023-03-12,2,Damaged in Transit
RET007205,ORD0081471,P0107,2023-03-12,2,Damaged in Transit
RET007206,ORD0081495,P0134,2023-03-27,8,Late Delivery
RET007207,ORD0081497,P0148,2023-04-15,53,Damaged in Transit
RET007208,ORD0081497,P0065,2023-04-12,10,Damaged in Transit
RET007209,ORD0081511,P0036,2024-07-24,22,Wrong Item Delivered
RET007210,ORD0081522,P0024,2023-07-05,1,Damaged in Transit
RET007211,ORD0081542,P0199,2023-02-27,2,Quality Issue
RET007212,ORD0081542,P0059,2023-02-21,1,Customer Changed Mind
RET007213,ORD0081579,P0014,2023-02-23,2,Quality Issue
RET007214,ORD0081609,P0028,2024-06-23,2,Damaged in Transit
RET007215,ORD0081612,P0128,2024-07-27,1,Customer Changed Mind
RET007216,ORD0081616,P0034,2024-12-15,1,Customer Changed Mind
RET007217,ORD0081627,P0008,2023-04-14,1,Quality Issue
RET007218,ORD0081638,P0048,2023-11-14,2,Damaged in Transit
RET007219,ORD0081646,P0038,2024-01-26,2,Other
RET007220,ORD0081659,P0192,2024-09-27,2,Quality Issue
RET007221,ORD0081662,P0114,2024-10-27,2,Damaged in Transit
RET007222,ORD0081665,P0157,2024-11-21,1,Damaged in Transit
RET007223,ORD0081665,P0107,2024-11-30,1,Damaged in Transit
RET007224,ORD0081681,P0111,2023-02-11,3,Quality Issue
RET007225,ORD0081695,P0100,2024-06-24,1,Customer Changed Mind
RET007226,ORD0081698,P0100,2024-09-05,3,Damaged in Transit
RET007227,ORD0081714,P0119,2023-07-22,2,Customer Changed Mind
RET007228,ORD0081720,P0143,2023-12-25,1,Quality Issue
RET007229,ORD0081725,P0005,2024-01-12,1,Quality Issue
RET007230,ORD0081739,P0136,2024-07-27,1,Damaged in Transit
RET007231,ORD0081747,P0079,2024-10-01,1,Wrong Item Delivered
RET007232,ORD0081753,P0015,2023-02-08,1,Quality Issue
RET007233,ORD0081764,P0009,2024-02-06,1,Late Delivery
RET007234,ORD0081781,P0043,2023-05-02,1,Wrong Item Delivered
RET007235,ORD0081811,P0023,2024-06-11,2,Wrong Item Delivered
RET007236,ORD0081817,P0198,2024-10-27,2,Damaged in Transit
RET007237,ORD0081817,P0051,2024-10-25,1,Damaged in Transit
RET007238,ORD0081823,P0188,2023-01-24,1,Damaged in Transit
RET007239,ORD0081830,P0158,2023-04-26,1,Damaged in Transit
RET007240,ORD0081833,P0048,2023-08-30,1,Wrong Item Delivered
RET007241,ORD0081841,P0044,2023-12-05,1,Other
RET007242,ORD0081862,P0097,2023-01-19,1,Damaged in Transit
RET007243,ORD0081864,P0195,2023-02-10,2,Damaged in Transit
RET007244,ORD0081871,P0182,2023-08-19,2,Wrong Item Delivered
RET007245,ORD0081872,P0004,2023-09-09,2,Damaged in Transit
RET007246,ORD0081872,P0112,2023-09-05,1,Damaged in Transit
RET007247,ORD0081885,P0170,2024-04-27,1,Customer Changed Mind
RET007248,ORD0081888,P0023,2024-06-29,2,Quality Issue
RET007249,ORD0081890,P0031,2024-08-19,1,Quality Issue
RET007250,ORD0081934,P0052,2024-03-16,1,Damaged in Transit
RET007251,ORD0081945,P0004,2024-09-28,2,Customer Changed Mind
RET007252,ORD0081968,P0189,2024-03-04,4,Late Delivery
RET007253,ORD0081998,P0162,2024-01-20,1,Damaged in Transit
RET007254,ORD0082013,P0179,2023-02-19,1,Damaged in Transit
RET007255,ORD0082016,P0053,2023-03-17,1,Late Delivery
RET007256,ORD0082090,P0081,2024-06-04,1,Quality Issue
RET007257,ORD0082100,P0047,2023-02-28,5,Quality Issue
RET007258,ORD0082119,P0123,2024-06-17,1,Quality Issue
RET007259,ORD0082120,P0028,2024-06-22,3,Wrong Item Delivered
RET007260,ORD0082122,P0101,2024-07-28,1,Damaged in Transit
RET007261,ORD0082138,P0149,2023-09-30,2,Quality Issue
RET007262,ORD0082141,P0146,2024-01-24,1,Damaged in Transit
RET007263,ORD0082141,P0006,2024-01-17,1,Damaged in Transit
RET007264,ORD0082154,P0162,2023-05-23,1,Wrong Item Delivered
RET007265,ORD0082158,P0031,2023-09-25,2,Customer Changed Mind
RET007266,ORD0082172,P0194,2024-06-04,1,Quality Issue
RET007267,ORD0082190,P0101,2023-10-21,34,Wrong Item Delivered
RET007268,ORD0082195,P0074,2024-05-02,56,Damaged in Transit
RET007269,ORD0082213,P0026,2023-11-25,1,Quality Issue
RET007270,ORD0082216,P0154,2024-05-28,1,Quality Issue
RET007271,ORD0082223,P0030,2024-11-20,3,Wrong Item Delivered
RET007272,ORD0082259,P0012,2024-06-29,2,Wrong Item Delivered
RET007273,ORD0082269,P0028,2024-09-24,1,Wrong Item Delivered
RET007274,ORD0082280,P0029,2023-09-03,47,Quality Issue
RET007275,ORD9999999,P0049,2023-09-24,1,Late Delivery
RET007276,ORD0082316,P0174,2023-11-26,1,Quality Issue
RET007277,ORD0082319,P0146,2024-01-06,1,Late Delivery
RET007278,ORD0082354,P0093,2023-03-23,1,Damaged in Transit
RET007279,ORD0082368,P0107,2023-10-31,1,Damaged in Transit
RET007280,ORD0082383,P0111,2024-11-12,2,Late Delivery
RET007281,ORD0082428,P0056,2023-05-08,1,Damaged in Transit
RET007282,ORD0082434,P0154,2023-07-06,1,Damaged in Transit
RET007283,ORD0082443,P0094,2024-01-29,1,Late Delivery
RET007284,ORD0082456,P0048,2024-06-30,1,Quality Issue
RET007285,ORD0082464,P0044,2024-11-21,1,Damaged in Transit
RET007286,ORD9999999,P0132,2023-06-04,1,Damaged in Transit
RET007287,ORD0082499,P0044,2023-05-12,1,Damaged in Transit
RET007288,ORD0082515,P0048,2023-12-16,1,Quality Issue
RET007289,ORD0082520,P0022,2024-03-21,2,Damaged in Transit
RET007290,ORD0082521,P0132,2024-04-11,2,Customer Changed Mind
RET007291,ORD0082533,P0030,2024-12-20,1,Late Delivery
RET007292,ORD0082534,P0043,2024-12-29,1,Quality Issue
RET007293,ORD0082538,P0087,2023-01-26,1,Wrong Item Delivered
RET007294,ORD0082539,P0135,2023-03-21,1,Customer Changed Mind
RET007295,ORD0082547,P0067,2023-06-21,1,Quality Issue
RET007296,ORD0082548,P0015,2023-06-08,1,Wrong Item Delivered
RET007297,ORD0082549,P0132,2023-06-25,1,Customer Changed Mind
RET007298,ORD0082569,P0195,2024-03-17,1,Quality Issue
RET007299,ORD0082576,P0034,2024-07-12,1,Damaged in Transit
RET007300,ORD0082579,P0150,2024-09-22,1,Customer Changed Mind
RET007301,ORD0082600,P0012,2023-11-12,1,Late Delivery
RET007302,ORD0082619,P0100,2023-01-29,1,Damaged in Transit
RET007303,ORD0082629,P0187,2023-06-25,1,Damaged in Transit
RET007304,ORD0082630,P0090,2023-06-17,2,Wrong Item Delivered
RET007305,ORD0082651,P0082,2023-02-28,1,Damaged in Transit
RET007306,ORD0082660,P0079,2023-10-21,1,Quality Issue
RET007307,ORD0082693,P0001,2023-03-18,2,Quality Issue
RET007308,ORD0082704,P0024,2023-08-29,1,Customer Changed Mind
RET007309,ORD0082713,P0016,2023-12-14,1,Wrong Item Delivered
RET007310,ORD0082722,P0162,2024-04-29,1,Wrong Item Delivered
RET007311,ORD0082738,P0132,2023-09-04,2,Damaged in Transit
RET007312,ORD0082759,P0191,2023-06-21,162,Customer Changed Mind
RET007313,ORD0082760,P0111,2023-07-12,119,Wrong Item Delivered
RET007314,ORD0082775,P0109,2023-05-08,1,Late Delivery
RET007315,ORD0082799,P0020,2024-06-20,1,Wrong Item Delivered
RET007316,ORD0082808,P0085,2024-10-28,1,Wrong Item Delivered
RET007317,ORD0082822,P0035,2024-02-28,2,Wrong Item Delivered
RET007318,ORD0082844,P0077,2023-05-30,9,Quality Issue
RET007319,ORD0082845,P0108,2023-08-27,4,Other
RET007320,ORD0082859,P0101,2024-12-08,42,Customer Changed Mind
RET007321,ORD0082889,P0002,2024-08-03,2,Quality Issue
RET007322,ORD0082911,P0101,2023-06-06,2,Damaged in Transit
RET007323,ORD0082916,P0099,2023-08-19,1,Customer Changed Mind
RET007324,ORD0082926,P0024,2024-01-07,1,Wrong Item Delivered
RET007325,ORD0082939,P0107,2024-06-27,1,Other
RET007326,ORD0082946,P0073,2024-11-18,1,Wrong Item Delivered
RET007327,ORD0082948,P0008,2024-11-28,1,Wrong Item Delivered
RET007328,ORD0082952,P0032,2023-06-01,2,Damaged in Transit
RET007329,ORD0082969,P0034,2024-06-20,1,Customer Changed Mind
RET007330,ORD0082974,P0107,2024-09-07,2,Quality Issue
RET007331,ORD0082992,P0168,2023-08-22,2,Quality Issue
RET007332,ORD0083022,P0057,2024-05-03,28,Customer Changed Mind
RET007333,ORD0083022,P0012,2024-04-25,59,Late Delivery
RET007334,ORD0083033,P0163,2023-03-14,2,Wrong Item Delivered
RET007335,ORD0083039,P0061,2023-09-29,1,Late Delivery
RET007336,ORD0083055,P0180,2024-07-18,3,Quality Issue
RET007337,ORD0083057,P0196,2024-08-12,1,Damaged in Transit
RET007338,ORD0083061,P0198,2024-12-05,1,Late Delivery
RET007339,ORD0083075,P0135,2023-07-07,1,Damaged in Transit
RET007340,ORD0083076,P0131,2023-06-29,1,Customer Changed Mind
RET007341,ORD0083085,P0060,2023-12-15,1,Customer Changed Mind
RET007342,ORD0083105,P0177,2023-04-20,1,Wrong Item Delivered
RET007343,ORD0083109,P0101,2023-07-01,1,Damaged in Transit
RET007344,ORD0083134,P0194,2023-03-29,1,Other
RET007345,ORD0083136,P0062,2023-07-31,5,Quality Issue
RET007346,ORD9999999,P0134,2024-06-30,2,Damaged in Transit
RET007347,ORD0083154,P0108,2024-12-26,1,Customer Changed Mind
RET007348,ORD0083164,P0044,2023-06-02,2,Quality Issue
RET007349,ORD0083175,P0098,2024-02-13,2,Wrong Item Delivered
RET007350,ORD0083177,P0110,2024-01-15,3,Wrong Item Delivered
RET007351,ORD0083177,P0157,2024-01-27,2,Wrong Item Delivered
RET007352,ORD0083194,P0079,2024-01-14,71,Quality Issue
RET007353,ORD0083211,P0056,2024-04-04,12,Customer Changed Mind
RET007354,ORD0083220,P0178,2024-12-27,52,Quality Issue
RET007355,ORD0083223,P0129,2023-04-12,3,Wrong Item Delivered
RET007356,ORD0083241,P0107,2023-01-22,4,Wrong Item Delivered
RET007357,ORD0083255,P0131,2024-06-26,1,Customer Changed Mind
RET007358,ORD0083265,P0091,2023-02-23,2,Customer Changed Mind
RET007359,ORD0083277,P0131,2024-03-02,1,Damaged in Transit
RET007360,ORD0083290,P0126,2023-03-14,113,Customer Changed Mind
RET007361,ORD0083316,P0175,2024-09-24,210,Quality Issue
RET007362,ORD0083336,P0200,2024-06-10,1,Customer Changed Mind
RET007363,ORD0083363,P0121,2023-01-28,67,Damaged in Transit
RET007364,ORD0083387,P0129,2023-05-21,3,Damaged in Transit
RET007365,ORD0083390,P0034,2023-10-14,1,Wrong Item Delivered
RET007366,ORD0083393,P0035,2023-10-26,4,Customer Changed Mind
RET007367,ORD0083407,P0098,2024-12-02,1,Wrong Item Delivered
RET007368,ORD0083412,P0025,2023-03-08,39,Quality Issue
RET007369,ORD0083426,P0010,2024-07-21,68,Quality Issue
RET007370,ORD0083441,P0085,2023-08-16,2,Customer Changed Mind
RET007371,ORD0083442,P0123,2023-08-19,4,Damaged in Transit
RET007372,ORD0083476,P0131,2024-10-09,1,Damaged in Transit
RET007373,ORD0083485,P0022,2023-05-02,1,Quality Issue
RET007374,ORD0083508,P0025,2024-04-03,1,Quality Issue
RET007375,ORD0083521,P0063,2024-08-31,2,Wrong Item Delivered
RET007376,ORD0083521,P0091,2024-08-21,1,Wrong Item Delivered
RET007377,ORD0083551,P0123,2024-02-13,1,Damaged in Transit
RET007378,ORD0083552,P0186,2024-03-04,1,Damaged in Transit
RET007379,ORD0083552,P0044,2024-03-03,1,Damaged in Transit
RET007380,ORD0083574,P0078,2024-09-25,223,Quality Issue
RET007381,ORD0083585,P0003,2023-11-27,5,Late Delivery
RET007382,ORD0083586,P0093,2024-02-11,115,Damaged in Transit
RET007383,ORD0083589,P0185,2024-06-17,15,Damaged in Transit
RET007384,ORD0083618,P0123,2024-08-26,2,Other
RET007385,ORD0083626,P0085,2024-12-18,1,Customer Changed Mind
RET007386,ORD0083652,P0049,2023-03-04,1,Other
RET007387,ORD0083658,P0020,2023-07-04,1,Customer Changed Mind
RET007388,ORD0083670,P0073,2023-11-01,1,Quality Issue
RET007389,ORD0083674,P0156,2024-01-16,1,Quality Issue
RET007390,ORD0083682,P0077,2024-09-19,1,Late Delivery
RET007391,ORD0083689,P0196,2024-12-23,1,Other
RET007392,ORD0083698,P0051,2023-05-12,1,Wrong Item Delivered
RET007393,ORD0083700,P0110,2023-08-03,2,Late Delivery
RET007394,ORD0083723,P0103,2024-06-07,1,Quality Issue
RET007395,ORD0083726,P0039,2024-09-10,1,Other
RET007396,ORD0083739,P0155,2023-05-04,113,Quality Issue
RET007397,ORD0083745,P0187,2023-12-17,243,Quality Issue
RET007398,ORD0083759,P0052,2023-10-09,9,Late Delivery
RET007399,ORD0083790,P0027,2024-08-23,1,Damaged in Transit
RET007400,ORD0083799,P0179,2023-02-25,1,Other
RET007401,ORD0083806,P0001,2023-09-14,1,Quality Issue
RET007402,ORD9999999,P0043,2024-12-01,2,Customer Changed Mind
RET007403,ORD0083839,P0129,2023-02-12,10,Quality Issue
RET007404,ORD0083841,P0093,2023-05-09,31,Late Delivery
RET007405,ORD0083852,P0194,2024-06-10,150,Wrong Item Delivered
RET007406,ORD0083872,P0091,2024-04-26,1,Customer Changed Mind
RET007407,ORD0083894,P0173,2023-11-14,2,Other
RET007408,ORD0083931,P0096,2023-09-17,13,Quality Issue
RET007409,ORD0083937,P0140,2024-08-13,55,Wrong Item Delivered
RET007410,ORD0083950,P0155,2023-12-17,320,Customer Changed Mind
RET007411,ORD0083953,P0119,2024-05-29,234,Damaged in Transit
RET007412,ORD0083956,P0172,2023-04-29,9,Other
RET007413,ORD0083976,P0126,2023-10-21,3,Customer Changed Mind
RET007414,ORD0083996,P0196,2023-04-30,1,Quality Issue
RET007415,ORD0084002,P0043,2023-08-28,3,Quality Issue
RET007416,ORD0084003,P0170,2023-10-07,1,Wrong Item Delivered
RET007417,ORD0084024,P0045,2023-10-02,1,Damaged in Transit
RET007418,ORD0084027,P0106,2024-02-16,1,Quality Issue
RET007419,ORD0084054,P0053,2024-06-12,166,Damaged in Transit
RET007420,ORD0084068,P0001,2024-01-25,1,Damaged in Transit
RET007421,ORD0084068,P0093,2024-01-21,1,Damaged in Transit
RET007422,ORD0084084,P0053,2023-09-12,1,Customer Changed Mind
RET007423,ORD0084087,P0048,2023-10-08,2,Wrong Item Delivered
RET007424,ORD0084101,P0051,2024-09-23,1,Damaged in Transit
RET007425,ORD0084131,P0085,2023-04-22,1,Customer Changed Mind
RET007426,ORD0084149,P0004,2024-01-20,1,Wrong Item Delivered
RET007427,ORD0084155,P0157,2024-04-21,1,Customer Changed Mind
RET007428,ORD0084158,P0117,2024-06-18,1,Damaged in Transit
RET007429,ORD0084158,P0083,2024-07-01,1,Damaged in Transit
RET007430,ORD0084163,P0183,2024-09-19,1,Quality Issue
RET007431,ORD0084168,P0162,2024-12-18,1,Other
RET007432,ORD0084169,P0150,2024-12-22,1,Customer Changed Mind
RET007433,ORD0084178,P0175,2023-04-25,1,Wrong Item Delivered
RET007434,ORD0084179,P0075,2023-05-25,1,Quality Issue
RET007435,ORD0084192,P0131,2024-01-11,1,Wrong Item Delivered
RET007436,ORD0084212,P0177,2023-03-05,2,Customer Changed Mind
RET007437,ORD0084213,P0173,2023-03-13,5,Customer Changed Mind
RET007438,ORD0084218,P0034,2023-05-25,1,Quality Issue
RET007439,ORD0084218,P0122,2023-06-04,3,Customer Changed Mind
RET007440,ORD0084224,P0067,2023-10-10,1,Quality Issue
RET007441,ORD0084235,P0051,2024-09-16,1,Customer Changed Mind
RET007442,ORD0084239,P0043,2023-04-11,1,Other
RET007443,ORD0084260,P0085,2024-07-01,1,Damaged in Transit
RET007444,ORD0084263,P0040,2024-09-21,2,Damaged in Transit
RET007445,ORD0084282,P0178,2024-03-10,1,Damaged in Transit
RET007446,ORD0084284,P0034,2024-05-26,3,Damaged in Transit
RET007447,ORD0084293,P0049,2023-02-22,1,Wrong Item Delivered
RET007448,ORD0084300,P0087,2023-06-03,1,Other
RET007449,ORD0084305,P0048,2023-08-04,1,Damaged in Transit
RET007450,ORD0084319,P0029,2024-06-27,2,Other
RET007451,ORD0084328,P0181,2024-10-30,1,Customer Changed Mind
RET007452,ORD0084328,P0026,2024-10-28,1,Late Delivery
RET007453,ORD0084340,P0106,2023-05-20,38,Quality Issue
RET007454,ORD0084367,P0155,2024-05-24,51,Other
RET007455,ORD0084383,P0044,2023-10-29,3,Damaged in Transit
RET007456,ORD0084387,P0171,2024-05-10,1,Quality Issue
RET007457,ORD0084396,P0142,2023-11-01,167,Other
RET007458,ORD0084412,P0123,2023-04-30,1,Quality Issue
RET007459,ORD0084434,P0166,2024-12-08,1,Other
RET007460,ORD0084446,P0042,2023-06-06,1,Quality Issue
RET007461,ORD0084448,P0077,2023-07-04,1,Wrong Item Delivered
RET007462,ORD0084459,P0019,2024-03-31,1,Wrong Item Delivered
RET007463,ORD0084461,P0016,2024-06-11,2,Quality Issue
RET007464,ORD0084467,P0132,2024-08-15,3,Damaged in Transit
RET007465,ORD0084469,P0195,2024-08-24,4,Late Delivery
RET007466,ORD0084475,P0047,2023-03-25,1,Damaged in Transit
RET007467,ORD0084479,P0049,2023-05-21,1,Late Delivery
RET007468,ORD0084481,P0178,2023-07-10,1,Other
RET007469,ORD0084491,P0123,2024-05-12,1,Wrong Item Delivered
RET007470,ORD0084495,P0154,2024-07-03,1,Other
RET007471,ORD0084497,P0058,2024-07-27,1,Wrong Item Delivered
RET007472,ORD0084499,P0019,2024-08-23,2,Quality Issue
RET007473,ORD0084508,P0029,2023-02-01,1,Customer Changed Mind
RET007474,ORD0084516,P0197,2023-06-07,1,Quality Issue
RET007475,ORD0084527,P0038,2024-01-01,1,Customer Changed Mind
RET007476,ORD0084537,P0122,2024-06-20,1,Customer Changed Mind
RET007477,ORD0084542,P0119,2024-11-07,1,Customer Changed Mind
RET007478,ORD0084543,P0032,2024-11-10,1,Quality Issue
RET007479,ORD0084557,P0143,2023-08-20,1,Late Delivery
RET007480,ORD0084561,P0083,2024-01-16,5,Quality Issue
RET007481,ORD0084565,P0048,2024-06-28,1,Customer Changed Mind
RET007482,ORD0084574,P0085,2023-06-09,4,Quality Issue
RET007483,ORD0084576,P0045,2023-07-22,4,Late Delivery
RET007484,ORD0084580,P0015,2023-11-28,3,Customer Changed Mind
RET007485,ORD0084605,P0100,2024-06-09,21,Quality Issue
RET007486,ORD0084607,P0187,2024-08-20,15,Quality Issue
RET007487,ORD0084609,P0058,2024-10-30,55,Other
RET007488,ORD0084610,P0126,2024-12-15,52,Quality Issue
RET007489,ORD0084628,P0058,2024-08-08,1,Wrong Item Delivered
RET007490,ORD0084635,P0134,2023-02-07,4,Damaged in Transit
RET007491,ORD0084641,P0154,2023-08-19,2,Wrong Item Delivered
RET007492,ORD0084648,P0026,2023-12-17,5,Wrong Item Delivered
RET007493,ORD0084666,P0159,2023-07-02,5,Customer Changed Mind
RET007494,ORD0084670,P0186,2023-11-09,3,Wrong Item Delivered
RET007495,ORD0084671,P0137,2023-11-28,2,Damaged in Transit
RET007496,ORD0084671,P0062,2023-12-03,2,Customer Changed Mind
RET007497,ORD0084700,P0134,2023-09-20,3,Other
RET007498,ORD0084717,P0104,2024-10-23,2,Damaged in Transit
RET007499,ORD0084756,P0105,2023-05-23,1,Quality Issue
RET007500,ORD0084763,P0021,2023-10-30,1,Quality Issue
RET007501,ORD0084777,P0123,2024-06-19,1,Wrong Item Delivered
RET007502,ORD0084785,P0198,2023-01-27,1,Quality Issue
RET007503,ORD0084788,P0125,2023-04-10,1,Customer Changed Mind
RET007504,ORD0084788,P0016,2023-04-03,1,Customer Changed Mind
RET007505,ORD0084791,P0005,2023-06-17,2,Late Delivery
RET007506,ORD0084792,P0001,2023-07-26,5,Wrong Item Delivered
RET007507,ORD0084803,P0016,2024-03-25,2,Customer Changed Mind
RET007508,ORD0084806,P0119,2024-06-02,2,Other
RET007509,ORD0084824,P0007,2023-12-20,9,Damaged in Transit
RET007510,ORD0084828,P0188,2024-07-27,151,Damaged in Transit
RET007511,ORD0084834,P0029,2023-05-13,1,Late Delivery
RET007512,ORD0084852,P0063,2024-06-15,1,Late Delivery
RET007513,ORD0084869,P0123,2024-01-13,125,Quality Issue
RET007514,ORD0084892,P0101,2024-01-24,2,Customer Changed Mind
RET007515,ORD0084921,P0155,2023-10-30,1,Quality Issue
RET007516,ORD0084925,P0099,2023-12-07,1,Damaged in Transit
RET007517,ORD0084941,P0059,2024-12-22,1,Customer Changed Mind
RET007518,ORD0084944,P0013,2023-03-03,2,Late Delivery
RET007519,ORD0084958,P0074,2024-01-23,1,Customer Changed Mind
RET007520,ORD0084958,P0023,2024-01-23,1,Quality Issue
RET007521,ORD0084960,P0145,2024-03-16,1,Damaged in Transit
RET007522,ORD0084965,P0098,2024-06-06,4,Late Delivery
RET007523,ORD0084966,P0023,2024-07-08,2,Wrong Item Delivered
RET007524,ORD0084984,P0184,2023-06-30,1,Damaged in Transit
RET007525,ORD0085015,P0182,2024-11-08,1,Wrong Item Delivered
RET007526,ORD0085025,P0015,2023-06-20,76,Quality Issue
RET007527,ORD0085027,P0122,2023-08-18,37,Late Delivery
RET007528,ORD0085030,P0079,2023-12-27,27,Customer Changed Mind
RET007529,ORD0085037,P0121,2023-01-23,24,Damaged in Transit
RET007530,ORD0085041,P0043,2023-11-17,30,Damaged in Transit
RET007531,ORD0085049,P0158,2024-07-01,12,Customer Changed Mind
RET007532,ORD0085057,P0188,2023-05-05,27,Wrong Item Delivered
RET007533,ORD0085066,P0087,2024-11-06,45,Quality Issue
RET007534,ORD0085071,P0115,2023-05-12,21,Damaged in Transit
RET007535,ORD0085076,P0002,2023-09-20,4,Customer Changed Mind
RET007536,ORD0085081,P0008,2024-01-21,68,Quality Issue
RET007537,ORD0085091,P0039,2024-11-22,31,Quality Issue
RET007538,ORD0085101,P0162,2023-07-10,1,Damaged in Transit
RET007539,ORD0085106,P0119,2023-09-11,1,Late Delivery
RET007540,ORD0085113,P0016,2024-01-10,2,Customer Changed Mind
RET007541,ORD0085115,P0181,2024-01-27,1,Customer Changed Mind
RET007542,ORD0085146,P0179,2023-02-28,1,Customer Changed Mind
RET007543,ORD0085148,P0159,2023-04-18,1,Quality Issue
RET007544,ORD0085202,P0150,2023-02-24,1,Quality Issue
RET007545,ORD0085213,P0034,2023-08-15,2,Quality Issue
RET007546,ORD9999999,P0085,2023-08-25,1,Quality Issue
RET007547,ORD0085216,P0110,2023-09-06,1,Customer Changed Mind
RET007548,ORD0085228,P0076,2024-05-20,1,Customer Changed Mind
RET007549,ORD0085241,P0044,2023-06-23,1,Customer Changed Mind
RET007550,ORD0085242,P0173,2023-08-06,2,Customer Changed Mind
RET007551,ORD0085247,P0022,2023-12-15,1,Late Delivery
RET007552,ORD0085268,P0179,2023-08-31,1,Quality Issue
RET007553,ORD0085274,P0141,2024-02-18,1,Late Delivery
RET007554,ORD0085286,P0108,2024-09-16,1,Damaged in Transit
RET007555,ORD0085290,P0169,2024-12-22,1,Damaged in Transit
RET007556,ORD0085291,P0129,2024-12-28,1,Wrong Item Delivered
RET007557,ORD0085295,P0052,2023-05-10,1,Other
RET007558,ORD0085309,P0052,2023-12-22,1,Customer Changed Mind
RET007559,ORD0085327,P0175,2023-04-17,3,Damaged in Transit
RET007560,ORD0085333,P0024,2023-07-24,3,Customer Changed Mind
RET007561,ORD0085340,P0053,2023-11-17,1,Damaged in Transit
RET007562,ORD0085349,P0095,2024-05-07,1,Wrong Item Delivered
RET007563,ORD0085355,P0063,2023-05-06,48,Damaged in Transit
RET007564,ORD0085383,P0032,2024-05-09,1,Customer Changed Mind
RET007565,ORD0085392,P0093,2023-03-27,1,Quality Issue
RET007566,ORD0085394,P0038,2023-04-01,1,Customer Changed Mind
RET007567,ORD0085408,P0146,2024-01-16,2,Damaged in Transit
RET007568,ORD0085448,P0087,2024-01-10,1,Quality Issue
RET007569,ORD0085473,P0198,2023-09-05,1,Customer Changed Mind
RET007570,ORD0085484,P0093,2023-12-13,1,Wrong Item Delivered
RET007571,ORD0085490,P0163,2024-03-18,1,Customer Changed Mind
RET007572,ORD0085492,P0082,2024-03-27,1,Late Delivery
RET007573,ORD0085514,P0008,2023-06-03,2,Damaged in Transit
RET007574,ORD0085523,P0032,2023-11-12,1,Customer Changed Mind
RET007575,ORD0085531,P0028,2024-05-29,1,Other
RET007576,ORD0085532,P0093,2024-05-31,1,Damaged in Transit
RET007577,ORD0085534,P0167,2024-07-14,1,Quality Issue
RET007578,ORD0085537,P0051,2024-08-03,1,Quality Issue
RET007579,ORD0085539,P0161,2024-08-24,2,Damaged in Transit
RET007580,ORD0085575,P0194,2023-05-28,2,Other
RET007581,ORD0085585,P0153,2023-10-19,1,Damaged in Transit
RET007582,ORD0085595,P0157,2024-09-07,1,Damaged in Transit
RET007583,ORD0085603,P0163,2023-04-09,2,Late Delivery
RET007584,ORD0085613,P0024,2024-02-14,1,Damaged in Transit
RET007585,ORD0085620,P0144,2024-09-28,1,Quality Issue
RET007586,ORD0085633,P0028,2023-10-28,2,Wrong Item Delivered
RET007587,ORD0085646,P0162,2024-06-19,4,Damaged in Transit
RET007588,ORD0085659,P0113,2023-06-27,5,Wrong Item Delivered
RET007589,ORD0085710,P0128,2023-12-12,1,Quality Issue
RET007590,ORD0085752,P0052,2024-11-24,1,Quality Issue
RET007591,ORD0085756,P0121,2023-03-17,338,Quality Issue
RET007592,ORD0085764,P0179,2023-12-11,185,Wrong Item Delivered
RET007593,ORD0085790,P0053,2024-05-15,4,Quality Issue
RET007594,ORD0085800,P0083,2023-01-15,1,Late Delivery
RET007595,ORD0085813,P0015,2023-09-03,1,Wrong Item Delivered
RET007596,ORD0085830,P0048,2024-10-28,1,Wrong Item Delivered
RET007597,ORD0085839,P0007,2023-08-13,2,Other
RET007598,ORD0085841,P0021,2023-11-21,18,Damaged in Transit
RET007599,ORD0085854,P0158,2024-08-25,15,Quality Issue
RET007600,ORD9999999,P0056,2024-04-10,334,Customer Changed Mind
RET007601,ORD0085866,P0131,2024-05-27,130,Customer Changed Mind
RET007602,ORD0085873,P0147,2023-01-31,4,Damaged in Transit
RET007603,ORD0085884,P0083,2023-08-08,1,Damaged in Transit
RET007604,ORD0085900,P0181,2023-02-10,1,Customer Changed Mind
RET007605,ORD0085926,P0019,2024-06-01,1,Damaged in Transit
RET007606,ORD0085956,P0087,2023-05-26,4,Damaged in Transit
RET007607,ORD0085965,P0121,2023-10-31,2,Customer Changed Mind
RET007608,ORD0085970,P0143,2023-12-17,1,Wrong Item Delivered
RET007609,ORD0085970,P0168,2023-12-19,1,Wrong Item Delivered
RET007610,ORD0085997,P0137,2024-01-20,2,Damaged in Transit
RET007611,ORD0085997,P0106,2024-01-18,1,Damaged in Transit
RET007612,ORD0085998,P0154,2024-04-15,1,Damaged in Transit
RET007613,ORD0086006,P0129,2023-01-17,1,Late Delivery
RET007614,ORD0086029,P0176,2024-09-03,1,Damaged in Transit
RET007615,ORD0086030,P0177,2024-09-02,1,Quality Issue
RET007616,ORD0086034,P0140,2024-12-15,1,Quality Issue
RET007617,ORD0086046,P0103,2023-08-27,1,Wrong Item Delivered
RET007618,ORD0086065,P0055,2023-05-09,1,Customer Changed Mind
RET007619,ORD0086071,P0178,2023-07-24,3,Quality Issue
RET007620,ORD0086089,P0060,2024-09-15,2,Customer Changed Mind
RET007621,ORD0086112,P0196,2023-10-10,1,Quality Issue
RET007622,ORD0086116,P0150,2024-04-02,1,Customer Changed Mind
RET007623,ORD0086124,P0179,2024-08-23,1,Other
RET007624,ORD0086137,P0122,2023-04-29,2,Customer Changed Mind
RET007625,ORD0086141,P0042,2023-08-15,1,Damaged in Transit
RET007626,ORD0086143,P0036,2023-10-04,1,Damaged in Transit
RET007627,ORD0086152,P0134,2024-03-13,1,Damaged in Transit
RET007628,ORD0086155,P0002,2024-05-19,2,Quality Issue
RET007629,ORD0086159,P0085,2024-08-12,1,Customer Changed Mind
RET007630,ORD0086160,P0009,2024-09-30,3,Customer Changed Mind
RET007631,ORD0086164,P0172,2024-11-12,1,Wrong Item Delivered
RET007632,ORD0086180,P0095,2023-11-29,1,Late Delivery
RET007633,ORD0086181,P0007,2023-11-16,1,Customer Changed Mind
RET007634,ORD0086210,P0096,2023-06-29,2,Damaged in Transit
RET007635,ORD0086218,P0064,2024-01-03,1,Customer Changed Mind
RET007636,ORD0086220,P0030,2024-02-11,1,Wrong Item Delivered
RET007637,ORD0086222,P0013,2024-03-08,1,Customer Changed Mind
RET007638,ORD0086254,P0113,2024-12-18,2,Other
RET007639,ORD0086259,P0004,2023-06-07,21,Other
RET007640,ORD0086264,P0038,2023-12-18,15,Customer Changed Mind
RET007641,ORD0086271,P0111,2024-07-02,35,Damaged in Transit
RET007642,ORD0086273,P0148,2024-11-28,11,Late Delivery
RET007643,ORD0086293,P0024,2024-08-23,2,Customer Changed Mind
RET007644,ORD0086303,P0137,2023-04-11,1,Damaged in Transit
RET007645,ORD0086312,P0090,2023-10-19,1,Damaged in Transit
RET007646,ORD0086313,P0105,2023-11-30,1,Other
RET007647,ORD0086318,P0109,2024-03-01,1,Customer Changed Mind
RET007648,ORD0086324,P0115,2024-05-11,1,Damaged in Transit
RET007649,ORD0086331,P0128,2024-08-16,1,Customer Changed Mind
RET007650,ORD0086357,P0127,2023-01-23,2,Late Delivery
RET007651,ORD0086382,P0200,2024-09-24,2,Damaged in Transit
RET007652,ORD0086402,P0183,2024-08-24,20,Wrong Item Delivered
RET007653,ORD0086453,P0029,2023-06-12,1,Customer Changed Mind
RET007654,ORD0086459,P0114,2023-11-02,1,Late Delivery
RET007655,ORD0086460,P0121,2023-12-12,1,Customer Changed Mind
RET007656,ORD0086461,P0200,2024-02-14,1,Wrong Item Delivered
RET007657,ORD0086468,P0066,2024-05-09,1,Damaged in Transit
RET007658,ORD0086488,P0095,2023-04-19,1,Damaged in Transit
RET007659,ORD0086489,P0138,2023-05-01,1,Quality Issue
RET007660,ORD0086500,P0074,2024-02-21,2,Wrong Item Delivered
RET007661,ORD0086505,P0111,2024-06-25,1,Customer Changed Mind
RET007662,ORD0086507,P0165,2024-07-19,1,Customer Changed Mind
RET007663,ORD0086527,P0187,2023-10-19,1,Damaged in Transit
RET007664,ORD0086532,P0137,2024-01-07,1,Wrong Item Delivered
RET007665,ORD0086538,P0162,2024-03-25,1,Customer Changed Mind
RET007666,ORD0086561,P0142,2023-09-17,1,Wrong Item Delivered
RET007667,ORD0086564,P0181,2023-10-31,1,Late Delivery
RET007668,ORD0086583,P0126,2023-08-18,95,Wrong Item Delivered
RET007669,ORD0086586,P0020,2024-01-16,136,Quality Issue
RET007670,ORD0086604,P0024,2023-05-18,1,Quality Issue
RET007671,ORD0086626,P0162,2024-06-12,1,Quality Issue
RET007672,ORD9999999,P0183,2024-04-03,21,Customer Changed Mind
RET007673,ORD0086655,P0054,2023-06-09,17,Quality Issue
RET007674,ORD0086660,P0200,2023-08-18,17,Quality Issue
RET007675,ORD0086660,P0165,2023-08-28,11,Customer Changed Mind
RET007676,ORD0086665,P0103,2024-03-06,9,Damaged in Transit
RET007677,ORD0086667,P0101,2024-03-30,2,Customer Changed Mind
RET007678,ORD0086686,P0182,2023-07-07,1,Customer Changed Mind
RET007679,ORD0086709,P0024,2024-03-31,2,Damaged in Transit
RET007680,ORD0086732,P0132,2023-04-23,1,Customer Changed Mind
RET007681,ORD0086762,P0095,2024-10-13,1,Wrong Item Delivered
RET007682,ORD0086769,P0032,2023-01-30,1,Quality Issue
RET007683,ORD0086775,P0108,2023-06-17,1,Customer Changed Mind
RET007684,ORD0086778,P0185,2023-10-31,1,Customer Changed Mind
RET007685,ORD0086787,P0106,2024-09-19,1,Wrong Item Delivered
RET007686,ORD0086806,P0146,2024-01-10,1,Wrong Item Delivered
RET007687,ORD0086824,P0126,2023-03-07,4,Damaged in Transit
RET007688,ORD0086827,P0025,2023-07-09,1,Other
RET007689,ORD0086831,P0103,2023-09-15,5,Damaged in Transit
RET007690,ORD0086840,P0179,2024-03-13,2,Quality Issue
RET007691,ORD0086856,P0093,2023-01-14,3,Other
RET007692,ORD0086857,P0041,2023-02-25,1,Late Delivery
RET007693,ORD0086867,P0031,2023-09-14,1,Late Delivery
RET007694,ORD0086871,P0061,2023-12-02,1,Wrong Item Delivered
RET007695,ORD0086893,P0001,2023-06-24,2,Quality Issue
RET007696,ORD0086894,P0047,2023-07-25,1,Late Delivery
RET007697,ORD0086898,P0123,2023-10-06,4,Customer Changed Mind
RET007698,ORD0086899,P0131,2023-10-15,4,Wrong Item Delivered
RET007699,ORD0086907,P0095,2024-04-24,1,Wrong Item Delivered
RET007700,ORD0086908,P0087,2024-05-24,4,Customer Changed Mind
RET007701,ORD0086933,P0200,2023-04-18,2,Customer Changed Mind
RET007702,ORD0086935,P0087,2023-05-25,2,Damaged in Transit
RET007703,ORD0086939,P0122,2023-07-20,1,Late Delivery
RET007704,ORD0086947,P0093,2023-11-11,2,Quality Issue
RET007705,ORD0086948,P0034,2024-02-07,2,Quality Issue
RET007706,ORD0086952,P0118,2024-05-10,1,Customer Changed Mind
RET007707,ORD0086969,P0181,2023-05-21,1,Damaged in Transit
RET007708,ORD0086987,P0040,2024-04-13,2,Other
RET007709,ORD0086993,P0047,2024-09-15,1,Late Delivery
RET007710,ORD0087001,P0082,2023-06-08,1,Other
RET007711,ORD0087013,P0043,2023-12-06,2,Late Delivery
RET007712,ORD0087026,P0065,2024-12-24,2,Customer Changed Mind
RET007713,ORD0087046,P0123,2024-05-05,1,Customer Changed Mind
RET007714,ORD0087052,P0035,2024-11-10,2,Late Delivery
RET007715,ORD0087053,P0063,2024-12-16,3,Late Delivery
RET007716,ORD0087080,P0123,2023-08-10,1,Late Delivery
RET007717,ORD0087096,P0065,2024-06-09,1,Damaged in Transit
RET007718,ORD0087097,P0075,2024-06-18,2,Customer Changed Mind
RET007719,ORD0087100,P0141,2024-08-19,1,Damaged in Transit
RET007720,ORD0087100,P0142,2024-08-09,1,Damaged in Transit
RET007721,ORD0087120,P0087,2023-05-25,1,Customer Changed Mind
RET007722,ORD0087128,P0048,2023-08-02,1,Late Delivery
RET007723,ORD0087130,P0079,2023-10-25,1,Damaged in Transit
RET007724,ORD0087135,P0034,2023-12-16,1,Customer Changed Mind
RET007725,ORD0087137,P0154,2023-12-27,2,Quality Issue
RET007726,ORD0087142,P0182,2024-03-31,1,Customer Changed Mind
RET007727,ORD0087148,P0074,2024-07-17,1,Damaged in Transit
RET007728,ORD0087188,P0093,2024-04-02,1,Quality Issue
RET007729,ORD0087189,P0137,2024-04-14,1,Damaged in Transit
RET007730,ORD0087192,P0088,2024-08-05,1,Wrong Item Delivered
RET007731,ORD0087201,P0060,2024-11-08,1,Other
RET007732,ORD0087226,P0169,2024-07-29,2,Damaged in Transit
RET007733,ORD0087237,P0111,2023-08-06,73,Late Delivery
RET007734,ORD0087255,P0004,2023-05-20,2,Damaged in Transit
RET007735,ORD0087270,P0196,2024-06-09,1,Late Delivery
RET007736,ORD0087277,P0181,2024-12-08,1,Customer Changed Mind
RET007737,ORD0087290,P0024,2024-04-26,2,Damaged in Transit
RET007738,ORD0087300,P0030,2023-06-01,18,Customer Changed Mind
RET007739,ORD0087309,P0024,2024-03-10,191,Customer Changed Mind
RET007740,ORD0087343,P0029,2024-09-24,1,Damaged in Transit
RET007741,ORD0087343,P0093,2024-10-02,2,Damaged in Transit
RET007742,ORD0087343,P0094,2024-09-22,1,Damaged in Transit
RET007743,ORD0087350,P0021,2023-02-14,4,Quality Issue
RET007744,ORD0087354,P0111,2023-04-25,1,Wrong Item Delivered
RET007745,ORD0087384,P0056,2024-10-25,15,Late Delivery
RET007746,ORD0087393,P0157,2023-04-01,6,Damaged in Transit
RET007747,ORD0087395,P0061,2023-06-04,70,Customer Changed Mind
RET007748,ORD0087400,P0021,2023-11-29,13,Damaged in Transit
RET007749,ORD0087404,P0149,2024-04-07,10,Wrong Item Delivered
RET007750,ORD0087405,P0137,2024-06-17,30,Late Delivery
RET007751,ORD0087424,P0163,2023-10-24,3,Customer Changed Mind
RET007752,ORD0087431,P0001,2024-02-17,1,Customer Changed Mind
RET007753,ORD0087441,P0049,2024-08-10,1,Customer Changed Mind
RET007754,ORD0087447,P0060,2023-02-18,1,Wrong Item Delivered
RET007755,ORD0087474,P0191,2023-07-01,1,Damaged in Transit
RET007756,ORD0087475,P0136,2023-07-24,1,Customer Changed Mind
RET007757,ORD0087477,P0183,2023-09-25,2,Customer Changed Mind
RET007758,ORD0087478,P0140,2023-10-26,1,Damaged in Transit
RET007759,ORD0087507,P0043,2024-06-11,1,Late Delivery
RET007760,ORD0087531,P0169,2024-09-30,3,Customer Changed Mind
RET007761,ORD0087542,P0137,2024-02-11,4,Customer Changed Mind
RET007762,ORD0087550,P0110,2024-11-25,2,Wrong Item Delivered
RET007763,ORD0087551,P0032,2024-12-28,1,Damaged in Transit
RET007764,ORD0087557,P0085,2023-03-14,1,Late Delivery
RET007765,ORD0087582,P0049,2024-05-13,2,Damaged in Transit
RET007766,ORD0087605,P0005,2023-07-12,2,Wrong Item Delivered
RET007767,ORD0087609,P0125,2023-10-21,1,Quality Issue
RET007768,ORD0087613,P0134,2024-04-24,1,Damaged in Transit
RET007769,ORD0087628,P0013,2023-12-13,8,Wrong Item Delivered
RET007770,ORD0087642,P0162,2023-03-15,1,Wrong Item Delivered
RET007771,ORD0087652,P0047,2024-04-21,1,Damaged in Transit
RET007772,ORD0087659,P0111,2024-08-17,1,Other
RET007773,ORD0087666,P0123,2024-12-14,1,Customer Changed Mind
RET007774,ORD0087706,P0023,2024-08-13,1,Late Delivery
RET007775,ORD0087720,P0111,2023-04-09,1,Damaged in Transit
RET007776,ORD0087730,P0120,2023-11-26,1,Quality Issue
RET007777,ORD0087756,P0112,2023-07-27,1,Customer Changed Mind
RET007778,ORD0087761,P0076,2023-08-31,1,Damaged in Transit
RET007779,ORD0087782,P0162,2024-09-28,1,Damaged in Transit
RET007780,ORD0087794,P0007,2023-10-23,1,Late Delivery
RET007781,ORD0087811,P0135,2024-08-06,3,Late Delivery
RET007782,ORD0087862,P0029,2023-01-19,5,Damaged in Transit
RET007783,ORD0087863,P0169,2023-04-04,43,Other
RET007784,ORD0087864,P0156,2023-05-28,7,Wrong Item Delivered
RET007785,ORD0087871,P0018,2024-05-07,46,Other
RET007786,ORD0087895,P0106,2024-02-19,1,Late Delivery
RET007787,ORD0087899,P0078,2024-06-25,1,Customer Changed Mind
RET007788,ORD0087909,P0182,2024-10-31,1,Quality Issue
RET007789,ORD0087921,P0026,2023-06-02,1,Customer Changed Mind
RET007790,ORD0087933,P0157,2024-01-03,1,Wrong Item Delivered
RET007791,ORD0087934,P0014,2024-02-27,1,Wrong Item Delivered
RET007792,ORD0087945,P0198,2024-04-27,1,Damaged in Transit
RET007793,ORD0087965,P0124,2023-05-17,1,Wrong Item Delivered
RET007794,ORD0087966,P0149,2023-06-10,1,Damaged in Transit
RET007795,ORD0087966,P0198,2023-06-04,1,Damaged in Transit
RET007796,ORD0087972,P0106,2023-11-13,1,Wrong Item Delivered
RET007797,ORD0088010,P0106,2024-07-14,1,Other
RET007798,ORD0088037,P0001,2024-07-18,1,Customer Changed Mind
RET007799,ORD0088043,P0181,2023-01-26,1,Damaged in Transit
RET007800,ORD0088045,P0101,2023-04-09,2,Damaged in Transit
RET007801,ORD0088081,P0191,2023-12-12,2,Damaged in Transit
RET007802,ORD9999999,P0113,2023-12-12,1,Damaged in Transit
RET007803,ORD0088119,P0074,2024-07-14,2,Wrong Item Delivered
RET007804,ORD0088153,P0199,2023-02-19,1,Wrong Item Delivered
RET007805,ORD0088175,P0096,2024-09-14,1,Damaged in Transit
RET007806,ORD0088190,P0083,2023-05-01,1,Wrong Item Delivered
RET007807,ORD0088190,P0008,2023-05-04,1,Wrong Item Delivered
RET007808,ORD0088195,P0087,2023-08-15,1,Customer Changed Mind
RET007809,ORD0088202,P0025,2023-12-22,1,Damaged in Transit
RET007810,ORD0088222,P0198,2023-03-23,1,Customer Changed Mind
RET007811,ORD0088223,P0187,2023-04-25,1,Quality Issue
RET007812,ORD0088234,P0085,2024-05-03,1,Customer Changed Mind
RET007813,ORD0088251,P0126,2023-08-08,3,Quality Issue
RET007814,ORD0088256,P0189,2023-10-10,2,Damaged in Transit
RET007815,ORD0088261,P0174,2024-03-06,4,Customer Changed Mind
RET007816,ORD0088280,P0054,2023-08-09,4,Quality Issue
RET007817,ORD0088301,P0036,2023-03-16,1,Quality Issue
RET007818,ORD0088304,P0013,2023-05-07,1,Wrong Item Delivered
RET007819,ORD0088305,P0116,2023-05-13,4,Damaged in Transit
RET007820,ORD0088313,P0049,2023-11-28,1,Other
RET007821,ORD0088336,P0117,2023-08-28,1,Late Delivery
RET007822,ORD0088379,P0056,2024-07-03,1,Wrong Item Delivered
RET007823,ORD0088389,P0024,2023-02-14,1,Late Delivery
RET007824,ORD0088390,P0144,2023-02-13,1,Damaged in Transit
RET007825,ORD0088396,P0114,2023-03-16,1,Customer Changed Mind
RET007826,ORD0088403,P0187,2023-06-15,1,Damaged in Transit
RET007827,ORD0088404,P0079,2023-06-20,1,Damaged in Transit
RET007828,ORD0088412,P0008,2023-10-27,2,Wrong Item Delivered
RET007829,ORD0088419,P0071,2024-02-24,1,Quality Issue
RET007830,ORD0088451,P0131,2023-11-15,2,Quality Issue
RET007831,ORD0088487,P0173,2023-03-10,3,Quality Issue
RET007832,ORD0088509,P0014,2024-09-10,1,Damaged in Transit
RET007833,ORD0088512,P0051,2024-12-10,1,Damaged in Transit
RET007834,ORD0088532,P0181,2023-11-17,1,Customer Changed Mind
RET007835,ORD0088563,P0118,2023-11-26,2,Damaged in Transit
RET007836,ORD0088589,P0198,2024-05-26,38,Quality Issue
RET007837,ORD0088592,P0179,2024-11-17,9,Customer Changed Mind
RET007838,ORD0088629,P0165,2024-10-16,1,Late Delivery
RET007839,ORD0088652,P0182,2023-11-29,4,Quality Issue
RET007840,ORD0088653,P0034,2024-01-01,1,Quality Issue
RET007841,ORD0088673,P0148,2024-03-18,1,Other
RET007842,ORD0088700,P0168,2023-12-28,1,Other
RET007843,ORD0088713,P0077,2024-08-24,1,Other
RET007844,ORD0088725,P0112,2023-02-21,3,Customer Changed Mind
RET007845,ORD0088737,P0143,2023-12-06,4,Wrong Item Delivered
RET007846,ORD0088741,P0027,2024-03-08,1,Wrong Item Delivered
RET007847,ORD0088747,P0026,2024-07-08,3,Damaged in Transit
RET007848,ORD0088755,P0190,2023-04-13,2,Wrong Item Delivered
RET007849,ORD0088755,P0068,2023-04-24,1,Wrong Item Delivered
RET007850,ORD0088780,P0107,2024-03-23,1,Late Delivery
RET007851,ORD0088792,P0132,2024-06-06,1,Late Delivery
RET007852,ORD0088813,P0127,2024-01-06,3,Customer Changed Mind
RET007853,ORD0088817,P0137,2024-05-18,4,Quality Issue
RET007854,ORD0088821,P0093,2024-08-19,1,Wrong Item Delivered
RET007855,ORD9999999,P0119,2024-10-13,1,Customer Changed Mind
RET007856,ORD0088825,P0061,2024-11-24,1,Other
RET007857,ORD0088835,P0030,2023-04-17,1,Other
RET007858,ORD0088857,P0024,2024-10-09,1,Customer Changed Mind
RET007859,ORD0088871,P0018,2024-01-01,4,Late Delivery
RET007860,ORD0088872,P0166,2024-01-13,1,Late Delivery
RET007861,ORD0088888,P0092,2023-04-14,1,Damaged in Transit
RET007862,ORD0088893,P0089,2023-08-07,4,Late Delivery
RET007863,ORD0088904,P0198,2024-07-31,1,Wrong Item Delivered
RET007864,ORD0088907,P0001,2024-08-23,3,Customer Changed Mind
RET007865,ORD0088918,P0042,2023-04-20,1,Damaged in Transit
RET007866,ORD0088919,P0005,2023-04-07,1,Wrong Item Delivered
RET007867,ORD0088920,P0111,2023-04-12,1,Damaged in Transit
RET007868,ORD0088924,P0073,2023-08-14,1,Customer Changed Mind
RET007869,ORD0088926,P0180,2023-11-01,1,Damaged in Transit
RET007870,ORD0088930,P0159,2023-12-30,1,Quality Issue
RET007871,ORD0088940,P0200,2024-05-09,1,Quality Issue
RET007872,ORD0088965,P0162,2023-04-10,2,Wrong Item Delivered
RET007873,ORD0088965,P0168,2023-04-07,1,Other
RET007874,ORD0088966,P0023,2023-05-05,2,Late Delivery
RET007875,ORD0088971,P0023,2023-10-12,1,Quality Issue
RET007876,ORD0088974,P0096,2023-12-09,1,Damaged in Transit
RET007877,ORD0088975,P0029,2023-12-19,3,Customer Changed Mind
RET007878,ORD0088995,P0198,2023-05-02,1,Customer Changed Mind
RET007879,ORD0089022,P0132,2023-10-03,1,Wrong Item Delivered
RET007880,ORD0089039,P0118,2023-01-24,1,Quality Issue
RET007881,ORD0089063,P0123,2023-05-29,2,Customer Changed Mind
RET007882,ORD0089082,P0015,2024-10-16,1,Wrong Item Delivered
RET007883,ORD0089092,P0058,2023-08-06,4,Other
RET007884,ORD0089100,P0074,2024-02-09,3,Quality Issue
RET007885,ORD0089120,P0052,2023-11-03,40,Late Delivery
RET007886,ORD0089122,P0078,2023-12-23,26,Damaged in Transit
RET007887,ORD0089146,P0100,2024-03-02,1,Other
RET007888,ORD0089148,P0155,2024-07-27,1,Customer Changed Mind
RET007889,ORD0089151,P0200,2024-09-28,2,Damaged in Transit
RET007890,ORD0089200,P0079,2023-03-31,1,Quality Issue
RET007891,ORD0089220,P0056,2024-09-29,3,Damaged in Transit
RET007892,ORD0089238,P0181,2023-03-26,3,Quality Issue
RET007893,ORD0089246,P0123,2023-07-02,1,Late Delivery
RET007894,ORD0089257,P0072,2024-02-23,5,Customer Changed Mind
RET007895,ORD0089259,P0194,2024-03-27,1,Damaged in Transit
RET007896,ORD0089261,P0137,2024-04-13,3,Damaged in Transit
RET007897,ORD0089269,P0193,2024-11-02,1,Quality Issue
RET007898,ORD0089287,P0189,2024-10-06,16,Quality Issue
RET007899,ORD0089289,P0020,2024-11-19,25,Damaged in Transit
RET007900,ORD0089290,P0085,2024-12-13,5,Late Delivery
RET007901,ORD0089303,P0123,2023-07-25,2,Damaged in Transit
RET007902,ORD0089308,P0060,2024-03-13,3,Wrong Item Delivered
RET007903,ORD0089341,P0137,2024-06-26,1,Wrong Item Delivered
RET007904,ORD0089341,P0020,2024-07-01,1,Wrong Item Delivered
RET007905,ORD0089355,P0154,2024-12-30,1,Other
RET007906,ORD0089361,P0008,2023-11-20,370,Quality Issue
RET007907,ORD0089363,P0015,2024-02-09,6,Other
RET007908,ORD0089366,P0155,2024-04-07,72,Damaged in Transit
RET007909,ORD0089376,P0077,2023-03-13,1,Other
RET007910,ORD0089386,P0047,2023-10-17,1,Quality Issue
RET007911,ORD0089388,P0161,2023-11-12,2,Customer Changed Mind
RET007912,ORD0089399,P0108,2024-05-26,1,Damaged in Transit
RET007913,ORD0089426,P0113,2023-05-08,1,Damaged in Transit
RET007914,ORD0089431,P0143,2023-07-03,2,Damaged in Transit
RET007915,ORD0089433,P0058,2023-07-14,1,Damaged in Transit
RET007916,ORD0089454,P0124,2024-06-02,1,Late Delivery
RET007917,ORD0089472,P0035,2023-07-26,35,Late Delivery
RET007918,ORD0089478,P0124,2024-06-05,144,Wrong Item Delivered
RET007919,ORD0089487,P0056,2023-06-25,4,Quality Issue
RET007920,ORD0089496,P0137,2024-01-19,1,Wrong Item Delivered
RET007921,ORD0089512,P0067,2024-12-13,3,Late Delivery
RET007922,ORD0089518,P0005,2023-05-08,1,Quality Issue
RET007923,ORD0089533,P0109,2024-09-15,1,Damaged in Transit
RET007924,ORD0089534,P0033,2024-10-31,1,Customer Changed Mind
RET007925,ORD0089547,P0117,2024-02-04,33,Customer Changed Mind
RET007926,ORD0089547,P0158,2024-01-29,27,Damaged in Transit
RET007927,ORD0089565,P0019,2023-09-29,1,Customer Changed Mind
RET007928,ORD0089579,P0183,2024-07-09,1,Late Delivery
RET007929,ORD0089583,P0030,2023-01-09,1,Other
RET007930,ORD0089594,P0037,2023-08-27,2,Other
RET007931,ORD0089595,P0036,2023-08-21,1,Customer Changed Mind
RET007932,ORD0089597,P0049,2024-01-20,1,Quality Issue
RET007933,ORD0089601,P0109,2024-02-12,2,Damaged in Transit
RET007934,ORD0089618,P0187,2023-04-08,2,Late Delivery
RET007935,ORD0089623,P0163,2023-07-17,1,Damaged in Transit
RET007936,ORD0089629,P0157,2023-08-31,1,Late Delivery
RET007937,ORD0089646,P0106,2024-05-03,2,Damaged in Transit
RET007938,ORD0089654,P0135,2024-10-13,2,Wrong Item Delivered
RET007939,ORD0089656,P0188,2024-10-31,1,Quality Issue
RET007940,ORD0089684,P0047,2024-07-05,1,Quality Issue
RET007941,ORD0089702,P0183,2023-12-11,42,Customer Changed Mind
RET007942,ORD0089741,P0048,2024-05-14,1,Other
RET007943,ORD0089771,P0028,2023-12-19,1,Late Delivery
RET007944,ORD0089785,P0149,2024-07-27,1,Wrong Item Delivered
RET007945,ORD9999999,P0095,2024-09-26,1,Damaged in Transit
RET007946,ORD0089806,P0137,2023-02-22,2,Customer Changed Mind
RET007947,ORD0089823,P0144,2023-07-13,1,Late Delivery
RET007948,ORD0089826,P0159,2023-11-03,1,Wrong Item Delivered
RET007949,ORD0089828,P0164,2023-11-24,2,Wrong Item Delivered
RET007950,ORD0089832,P0149,2024-02-29,1,Other
RET007951,ORD0089851,P0037,2023-07-11,1,Wrong Item Delivered
RET007952,ORD0089853,P0013,2023-09-13,1,Quality Issue
RET007953,ORD0089897,P0108,2023-09-16,140,Wrong Item Delivered
RET007954,ORD0089923,P0004,2023-12-08,1,Customer Changed Mind
RET007955,ORD0089936,P0179,2024-11-07,2,Customer Changed Mind
RET007956,ORD0089945,P0056,2023-05-07,1,Wrong Item Delivered
RET007957,ORD0089954,P0095,2023-09-10,1,Quality Issue
RET007958,ORD0089959,P0176,2024-01-15,1,Late Delivery
RET007959,ORD0089962,P0005,2024-03-09,1,Damaged in Transit
RET007960,ORD0089974,P0050,2023-02-12,22,Wrong Item Delivered
RET007961,ORD0089984,P0049,2024-02-06,14,Quality Issue
RET007962,ORD0089990,P0012,2023-03-29,31,Customer Changed Mind
RET007963,ORD0090006,P0148,2024-12-19,162,Damaged in Transit
RET007964,ORD0090006,P0049,2024-12-15,17,Damaged in Transit
RET007965,ORD0090011,P0126,2023-04-28,1,Damaged in Transit
RET007966,ORD0090011,P0140,2023-04-30,2,Damaged in Transit
RET007967,ORD0090037,P0106,2024-10-21,1,Customer Changed Mind
RET007968,ORD0090040,P0031,2024-12-25,1,Damaged in Transit
RET007969,ORD0090048,P0075,2023-10-16,71,Other
RET007970,ORD0090049,P0082,2023-11-03,55,Damaged in Transit
RET007971,ORD0090073,P0181,2023-06-28,266,Damaged in Transit
RET007972,ORD0090085,P0075,2023-02-13,2,Damaged in Transit
RET007973,ORD0090096,P0121,2023-11-21,1,Wrong Item Delivered
RET007974,ORD0090100,P0006,2024-02-22,1,Customer Changed Mind
RET007975,ORD0090108,P0129,2024-08-26,4,Quality Issue
RET007976,ORD0090119,P0052,2023-09-17,45,Quality Issue
RET007977,ORD0090131,P0024,2023-02-12,2,Customer Changed Mind
RET007978,ORD0090135,P0099,2023-04-05,1,Damaged in Transit
RET007979,ORD0090138,P0070,2023-05-11,2,Damaged in Transit
RET007980,ORD0090140,P0048,2023-05-22,1,Other
RET007981,ORD0090163,P0043,2024-07-14,1,Damaged in Transit
RET007982,ORD0090175,P0051,2023-02-05,2,Other
RET007983,ORD0090178,P0031,2023-03-12,1,Wrong Item Delivered
RET007984,ORD0090232,P0196,2024-03-19,1,Quality Issue
RET007985,ORD0090242,P0098,2024-11-16,1,Customer Changed Mind
RET007986,ORD0090247,P0083,2024-12-16,1,Other
RET007987,ORD0090255,P0175,2023-06-15,3,Damaged in Transit
RET007988,ORD0090256,P0095,2023-06-16,1,Customer Changed Mind
RET007989,ORD0090259,P0079,2023-07-07,1,Quality Issue
RET007990,ORD9999999,P0074,2023-08-14,1,Other
RET007991,ORD0090264,P0112,2023-09-21,2,Quality Issue
RET007992,ORD0090307,P0021,2023-04-22,2,Customer Changed Mind
RET007993,ORD0090310,P0152,2023-06-23,1,Customer Changed Mind
RET007994,ORD0090315,P0054,2023-09-30,1,Customer Changed Mind
RET007995,ORD0090318,P0103,2024-01-25,1,Customer Changed Mind
RET007996,ORD0090343,P0027,2023-11-01,1,Wrong Item Delivered
RET007997,ORD0090349,P0158,2024-04-13,1,Damaged in Transit
RET007998,ORD0090372,P0165,2023-06-18,1,Damaged in Transit
RET007999,ORD0090377,P0019,2023-11-16,1,Damaged in Transit
RET008000,ORD0090395,P0035,2024-10-29,1,Late Delivery
RET008001,ORD0090434,P0123,2023-10-02,1,Damaged in Transit
RET008002,ORD0090437,P0037,2023-11-11,1,Quality Issue
RET008003,ORD0090475,P0001,2023-10-31,1,Quality Issue
RET008004,ORD0090482,P0165,2024-01-25,1,Customer Changed Mind
RET008005,ORD0090486,P0126,2024-05-12,1,Wrong Item Delivered
RET008006,ORD0090505,P0186,2023-05-08,1,Damaged in Transit
RET008007,ORD0090507,P0162,2023-05-19,1,Customer Changed Mind
RET008008,ORD0090510,P0023,2023-06-01,1,Late Delivery
RET008009,ORD0090520,P0082,2024-01-09,1,Customer Changed Mind
RET008010,ORD0090539,P0148,2023-01-20,1,Customer Changed Mind
RET008011,ORD0090542,P0106,2023-03-03,1,Late Delivery
RET008012,ORD0090546,P0149,2023-04-19,1,Wrong Item Delivered
RET008013,ORD0090576,P0195,2023-01-27,2,Damaged in Transit
RET008014,ORD0090595,P0094,2024-03-01,1,Quality Issue
RET008015,ORD0090612,P0197,2023-07-27,2,Late Delivery
RET008016,ORD0090616,P0087,2023-11-23,1,Wrong Item Delivered
RET008017,ORD0090635,P0181,2024-01-25,131,Damaged in Transit
RET008018,ORD0090644,P0163,2023-04-19,1,Late Delivery
RET008019,ORD0090655,P0099,2023-09-22,2,Quality Issue
RET008020,ORD0090657,P0048,2023-09-21,1,Customer Changed Mind
RET008021,ORD0090671,P0057,2024-09-17,1,Wrong Item Delivered
RET008022,ORD0090684,P0007,2023-06-13,30,Late Delivery
RET008023,ORD0090698,P0057,2023-03-11,1,Damaged in Transit
RET008024,ORD0090722,P0036,2024-09-02,1,Damaged in Transit
RET008025,ORD0090731,P0087,2023-02-20,1,Damaged in Transit
RET008026,ORD0090733,P0164,2023-03-02,2,Quality Issue
RET008027,ORD0090752,P0108,2024-06-03,1,Customer Changed Mind
RET008028,ORD0090767,P0049,2023-05-08,2,Late Delivery
RET008029,ORD0090812,P0198,2023-02-09,1,Customer Changed Mind
RET008030,ORD0090817,P0064,2023-03-30,3,Wrong Item Delivered
RET008031,ORD0090819,P0010,2023-04-15,3,Damaged in Transit
RET008032,ORD0090831,P0085,2023-12-19,2,Customer Changed Mind
RET008033,ORD0090834,P0111,2024-02-06,3,Damaged in Transit
RET008034,ORD0090862,P0008,2024-04-15,1,Damaged in Transit
RET008035,ORD0090864,P0144,2024-05-02,1,Damaged in Transit
RET008036,ORD0090871,P0101,2024-07-16,1,Other
RET008037,ORD0090886,P0001,2024-02-06,150,Wrong Item Delivered
RET008038,ORD0090912,P0107,2024-08-25,1,Damaged in Transit
RET008039,ORD0090928,P0093,2023-09-01,2,Quality Issue
RET008040,ORD0090945,P0182,2024-06-22,1,Customer Changed Mind
RET008041,ORD0090951,P0182,2024-09-16,2,Damaged in Transit
RET008042,ORD0090956,P0185,2023-06-10,1,Customer Changed Mind
RET008043,ORD0090959,P0127,2023-08-04,1,Customer Changed Mind
RET008044,ORD0090989,P0026,2023-03-08,186,Customer Changed Mind
RET008045,ORD0090996,P0030,2023-12-06,16,Customer Changed Mind
RET008046,ORD0091007,P0192,2023-08-10,1,Damaged in Transit
RET008047,ORD0091013,P0165,2023-10-21,1,Customer Changed Mind
RET008048,ORD0091021,P0179,2024-03-12,1,Quality Issue
RET008049,ORD0091024,P0183,2024-04-04,4,Damaged in Transit
RET008050,ORD0091025,P0158,2024-05-13,1,Quality Issue
RET008051,ORD0091028,P0200,2024-06-01,3,Damaged in Transit
RET008052,ORD0091037,P0028,2023-08-22,7,Damaged in Transit
RET008053,ORD0091038,P0034,2023-11-16,45,Other
RET008054,ORD0091130,P0057,2024-11-10,27,Wrong Item Delivered
RET008055,ORD0091132,P0028,2024-12-26,4,Damaged in Transit
RET008056,ORD0091132,P0107,2024-12-26,74,Damaged in Transit
RET008057,ORD0091136,P0107,2023-06-09,81,Wrong Item Delivered
RET008058,ORD0091136,P0088,2023-06-17,68,Wrong Item Delivered
RET008059,ORD0091145,P0131,2024-04-17,22,Wrong Item Delivered
RET008060,ORD0091159,P0131,2023-06-22,2,Customer Changed Mind
RET008061,ORD0091187,P0034,2024-11-27,2,Wrong Item Delivered
RET008062,ORD0091193,P0200,2023-04-29,96,Quality Issue
RET008063,ORD0091197,P0031,2023-09-04,29,Customer Changed Mind
RET008064,ORD0091202,P0060,2024-03-24,28,Customer Changed Mind
RET008065,ORD0091212,P0132,2023-02-11,1,Damaged in Transit
RET008066,ORD0091237,P0035,2024-04-14,1,Other
RET008067,ORD0091262,P0038,2024-01-31,1,Damaged in Transit
RET008068,ORD0091271,P0173,2024-07-31,1,Wrong Item Delivered
RET008069,ORD0091271,P0027,2024-07-30,1,Wrong Item Delivered
RET008070,ORD0091292,P0031,2024-06-08,178,Quality Issue
RET008071,ORD0091304,P0125,2023-06-26,1,Wrong Item Delivered
RET008072,ORD0091318,P0053,2024-07-04,1,Late Delivery
RET008073,ORD0091322,P0030,2024-11-05,1,Wrong Item Delivered
RET008074,ORD0091335,P0021,2024-08-24,4,Wrong Item Delivered
RET008075,ORD0091337,P0013,2024-08-17,1,Wrong Item Delivered
RET008076,ORD0091340,P0094,2024-11-16,1,Wrong Item Delivered
RET008077,ORD0091346,P0088,2023-03-21,3,Quality Issue
RET008078,ORD0091354,P0181,2023-10-09,1,Damaged in Transit
RET008079,ORD0091359,P0052,2023-12-18,1,Wrong Item Delivered
RET008080,ORD0091359,P0023,2023-12-30,2,Wrong Item Delivered
RET008081,ORD0091383,P0087,2024-01-29,1,Other
RET008082,ORD0091393,P0063,2024-06-29,2,Customer Changed Mind
RET008083,ORD0091406,P0031,2023-05-26,40,Late Delivery
RET008084,ORD0091415,P0103,2024-06-27,4,Quality Issue
RET008085,ORD0091423,P0021,2023-02-14,1,Customer Changed Mind
RET008086,ORD0091431,P0030,2023-05-28,2,Wrong Item Delivered
RET008087,ORD0091444,P0049,2024-10-01,5,Wrong Item Delivered
RET008088,ORD0091502,P0074,2023-06-13,1,Customer Changed Mind
RET008089,ORD0091520,P0044,2024-02-15,1,Customer Changed Mind
RET008090,ORD0091530,P0014,2024-09-16,1,Damaged in Transit
RET008091,ORD0091562,P0088,2023-10-09,1,Customer Changed Mind
RET008092,ORD0091582,P0108,2024-04-30,1,Damaged in Transit
RET008093,ORD0091585,P0119,2024-06-17,2,Quality Issue
RET008094,ORD0091596,P0163,2023-05-27,1,Quality Issue
RET008095,ORD0091655,P0131,2024-12-18,1,Quality Issue
RET008096,ORD0091679,P0093,2024-04-15,1,Other
RET008097,ORD0091682,P0119,2024-07-06,2,Damaged in Transit
RET008098,ORD0091689,P0032,2024-11-09,1,Customer Changed Mind
RET008099,ORD0091691,P0111,2024-12-11,1,Damaged in Transit
RET008100,ORD0091704,P0052,2023-07-14,1,Wrong Item Delivered
RET008101,ORD0091704,P0029,2023-07-20,1,Wrong Item Delivered
RET008102,ORD0091705,P0083,2023-08-07,1,Late Delivery
RET008103,ORD0091715,P0003,2023-11-18,1,Damaged in Transit
RET008104,ORD0091719,P0169,2024-02-05,1,Customer Changed Mind
RET008105,ORD0091754,P0015,2023-11-23,1,Damaged in Transit
RET008106,ORD0091778,P0164,2024-11-09,1,Customer Changed Mind
RET008107,ORD0091820,P0057,2023-09-19,1,Wrong Item Delivered
RET008108,ORD0091820,P0110,2023-10-01,2,Wrong Item Delivered
RET008109,ORD0091849,P0064,2024-12-12,1,Damaged in Transit
RET008110,ORD9999999,P0144,2024-12-20,1,Damaged in Transit
RET008111,ORD0091861,P0032,2023-08-24,2,Quality Issue
RET008112,ORD0091876,P0049,2024-10-15,3,Wrong Item Delivered
RET008113,ORD0091888,P0113,2023-03-30,1,Quality Issue
RET008114,ORD0091893,P0129,2023-05-03,1,Other
RET008115,ORD0091895,P0090,2023-06-24,1,Other
RET008116,ORD0091898,P0031,2023-08-09,1,Quality Issue
RET008117,ORD0091903,P0181,2024-02-15,1,Quality Issue
RET008118,ORD0091912,P0146,2024-09-10,1,Customer Changed Mind
RET008119,ORD0091928,P0181,2023-10-09,1,Damaged in Transit
RET008120,ORD0091935,P0180,2024-05-11,1,Wrong Item Delivered
RET008121,ORD0091940,P0170,2024-09-16,1,Damaged in Transit
RET008122,ORD0091952,P0085,2023-03-22,1,Customer Changed Mind
RET008123,ORD0091958,P0143,2023-06-22,1,Quality Issue
RET008124,ORD0091988,P0155,2023-07-10,1,Other
RET008125,ORD0091998,P0144,2024-01-24,4,Other
RET008126,ORD0092013,P0106,2024-12-24,1,Damaged in Transit
RET008127,ORD0092016,P0027,2023-06-06,2,Damaged in Transit
RET008128,ORD0092022,P0001,2023-11-01,1,Wrong Item Delivered
RET008129,ORD0092027,P0129,2024-05-21,2,Late Delivery
RET008130,ORD0092039,P0159,2024-09-27,1,Other
RET008131,ORD0092040,P0152,2024-11-09,4,Late Delivery
RET008132,ORD0092045,P0127,2023-02-05,1,Wrong Item Delivered
RET008133,ORD0092064,P0124,2023-12-28,1,Customer Changed Mind
RET008134,ORD0092068,P0112,2024-01-11,1,Quality Issue
RET008135,ORD0092069,P0094,2024-01-28,1,Customer Changed Mind
RET008136,ORD0092071,P0111,2024-03-15,1,Quality Issue
RET008137,ORD0092078,P0066,2024-09-27,2,Other
RET008138,ORD0092094,P0146,2023-03-09,1,Customer Changed Mind
RET008139,ORD0092104,P0043,2023-08-10,2,Other
RET008140,ORD9999999,P0001,2023-10-06,1,Wrong Item Delivered
RET008141,ORD0092139,P0165,2023-06-05,1,Customer Changed Mind
RET008142,ORD0092147,P0085,2023-11-17,1,Wrong Item Delivered
RET008143,ORD0092162,P0024,2023-05-11,231,Customer Changed Mind
RET008144,ORD0092164,P0074,2023-09-14,123,Damaged in Transit
RET008145,ORD0092164,P0003,2023-09-16,62,Damaged in Transit
RET008146,ORD0092183,P0123,2023-07-02,1,Damaged in Transit
RET008147,ORD0092185,P0167,2023-07-17,1,Quality Issue
RET008148,ORD0092189,P0027,2023-08-09,1,Customer Changed Mind
RET008149,ORD0092197,P0093,2024-05-07,1,Late Delivery
RET008150,ORD0092203,P0098,2024-08-05,2,Customer Changed Mind
RET008151,ORD0092214,P0037,2023-06-07,1,Quality Issue
RET008152,ORD0092217,P0157,2023-10-08,1,Customer Changed Mind
RET008153,ORD0092222,P0200,2024-01-19,1,Quality Issue
RET008154,ORD0092232,P0027,2023-02-04,2,Customer Changed Mind
RET008155,ORD0092238,P0099,2023-06-02,2,Wrong Item Delivered
RET008156,ORD0092247,P0123,2024-01-28,1,Customer Changed Mind
RET008157,ORD0092271,P0148,2023-08-01,2,Damaged in Transit
RET008158,ORD0092272,P0121,2023-10-03,2,Quality Issue
RET008159,ORD0092279,P0026,2024-04-07,2,Other
RET008160,ORD0092283,P0143,2024-07-29,3,Wrong Item Delivered
RET008161,ORD0092289,P0036,2023-01-16,2,Customer Changed Mind
RET008162,ORD0092297,P0017,2023-04-23,2,Customer Changed Mind
RET008163,ORD0092356,P0126,2024-03-16,1,Wrong Item Delivered
RET008164,ORD0092363,P0036,2024-07-14,1,Quality Issue
RET008165,ORD0092381,P0036,2023-05-07,1,Customer Changed Mind
RET008166,ORD0092400,P0048,2024-04-18,3,Damaged in Transit
RET008167,ORD0092401,P0111,2024-06-10,1,Wrong Item Delivered
RET008168,ORD0092414,P0048,2023-07-12,153,Wrong Item Delivered
RET008169,ORD0092423,P0126,2024-11-05,24,Damaged in Transit
RET008170,ORD0092423,P0068,2024-11-11,12,Damaged in Transit
RET008171,ORD0092423,P0127,2024-11-06,214,Damaged in Transit
RET008172,ORD0092447,P0108,2024-12-26,1,Late Delivery
RET008173,ORD0092454,P0026,2023-04-07,2,Late Delivery
RET008174,ORD0092457,P0087,2023-05-08,1,Other
RET008175,ORD0092474,P0146,2024-02-23,1,Customer Changed Mind
RET008176,ORD0092487,P0147,2024-09-20,1,Customer Changed Mind
RET008177,ORD0092488,P0137,2024-10-16,1,Customer Changed Mind
RET008178,ORD0092502,P0126,2023-06-14,154,Wrong Item Delivered
RET008179,ORD0092513,P0090,2023-03-22,2,Wrong Item Delivered
RET008180,ORD0092513,P0170,2023-03-27,1,Wrong Item Delivered
RET008181,ORD0092516,P0061,2023-06-25,1,Late Delivery
RET008182,ORD0092519,P0183,2023-08-12,2,Wrong Item Delivered
RET008183,ORD0092523,P0176,2024-02-05,1,Damaged in Transit
RET008184,ORD0092523,P0107,2024-02-07,1,Damaged in Transit
RET008185,ORD0092526,P0010,2024-03-14,1,Wrong Item Delivered
RET008186,ORD0092539,P0152,2024-08-02,1,Damaged in Transit
RET008187,ORD0092565,P0131,2024-08-14,1,Late Delivery
RET008188,ORD0092585,P0069,2023-09-07,1,Customer Changed Mind
RET008189,ORD0092599,P0137,2024-05-08,1,Wrong Item Delivered
RET008190,ORD0092629,P0128,2024-10-05,2,Late Delivery
RET008191,ORD0092634,P0110,2024-12-09,1,Other
RET008192,ORD0092637,P0168,2023-06-27,1,Quality Issue
RET008193,ORD0092665,P0149,2023-04-05,1,Quality Issue
RET008194,ORD0092668,P0025,2023-05-27,1,Quality Issue
RET008195,ORD0092679,P0029,2023-12-01,1,Wrong Item Delivered
RET008196,ORD0092720,P0181,2023-05-13,1,Wrong Item Delivered
RET008197,ORD0092720,P0128,2023-05-18,1,Wrong Item Delivered
RET008198,ORD0092742,P0023,2024-06-22,1,Customer Changed Mind
RET008199,ORD0092749,P0053,2024-08-02,1,Customer Changed Mind
RET008200,ORD0092765,P0109,2023-05-01,1,Other
RET008201,ORD0092770,P0112,2023-06-24,2,Damaged in Transit
RET008202,ORD0092775,P0068,2023-10-07,1,Wrong Item Delivered
RET008203,ORD0092781,P0032,2023-12-08,1,Late Delivery
RET008204,ORD0092786,P0043,2024-02-21,1,Late Delivery
RET008205,ORD0092789,P0045,2024-05-14,1,Damaged in Transit
RET008206,ORD0092802,P0125,2023-09-07,24,Damaged in Transit
RET008207,ORD0092814,P0016,2024-06-02,10,Other
RET008208,ORD0092826,P0144,2023-12-28,15,Quality Issue
RET008209,ORD0092832,P0136,2024-07-11,29,Quality Issue
RET008210,ORD0092852,P0042,2024-02-01,1,Customer Changed Mind
RET008211,ORD0092855,P0108,2024-07-12,1,Quality Issue
RET008212,ORD0092858,P0010,2024-08-16,1,Customer Changed Mind
RET008213,ORD0092864,P0134,2024-11-21,1,Damaged in Transit
RET008214,ORD0092864,P0028,2024-11-20,2,Damaged in Transit
RET008215,ORD0092899,P0016,2024-12-30,11,Damaged in Transit
RET008216,ORD0092908,P0137,2023-09-13,2,Wrong Item Delivered
RET008217,ORD0092911,P0090,2023-11-24,3,Damaged in Transit
RET008218,ORD0092912,P0085,2023-11-30,1,Damaged in Transit
RET008219,ORD0092931,P0181,2023-03-18,1,Late Delivery
RET008220,ORD0092976,P0101,2023-10-07,1,Customer Changed Mind
RET008221,ORD0092978,P0052,2023-09-23,1,Wrong Item Delivered
RET008222,ORD0092980,P0057,2023-11-04,1,Damaged in Transit
RET008223,ORD0092983,P0032,2023-11-24,1,Customer Changed Mind
RET008224,ORD0092985,P0181,2024-02-13,2,Other
RET008225,ORD0092986,P0181,2024-03-09,1,Wrong Item Delivered
RET008226,ORD0092996,P0061,2024-09-23,1,Wrong Item Delivered
RET008227,ORD0093007,P0180,2023-04-10,2,Damaged in Transit
RET008228,ORD0093007,P0078,2023-04-24,1,Customer Changed Mind
RET008229,ORD0093009,P0010,2023-06-14,1,Customer Changed Mind
RET008230,ORD0093055,P0070,2024-12-02,3,Quality Issue
RET008231,ORD0093070,P0165,2024-12-01,91,Quality Issue
RET008232,ORD0093072,P0024,2023-02-07,1,Late Delivery
RET008233,ORD0093106,P0017,2024-11-02,1,Customer Changed Mind
RET008234,ORD0093113,P0041,2023-05-03,1,Damaged in Transit
RET008235,ORD0093116,P0049,2023-06-27,1,Wrong Item Delivered
RET008236,ORD0093127,P0104,2024-02-18,1,Wrong Item Delivered
RET008237,ORD0093128,P0074,2024-03-14,1,Wrong Item Delivered
RET008238,ORD0093135,P0131,2024-09-24,1,Other
RET008239,ORD0093149,P0095,2023-05-15,4,Wrong Item Delivered
RET008240,ORD0093178,P0121,2023-02-25,1,Wrong Item Delivered
RET008241,ORD0093178,P0142,2023-02-15,2,Quality Issue
RET008242,ORD0093196,P0190,2024-06-18,2,Quality Issue
RET008243,ORD0093208,P0115,2023-06-01,1,Quality Issue
RET008244,ORD0093211,P0115,2023-07-28,1,Late Delivery
RET008245,ORD0093231,P0187,2024-08-29,1,Wrong Item Delivered
RET008246,ORD9999999,P0142,2023-10-10,15,Wrong Item Delivered
RET008247,ORD0093251,P0137,2024-09-18,13,Damaged in Transit
RET008248,ORD0093252,P0005,2024-09-26,3,Customer Changed Mind
RET008249,ORD0093265,P0184,2023-07-23,1,Other
RET008250,ORD0093274,P0093,2024-03-10,1,Other
RET008251,ORD0093277,P0032,2024-06-07,1,Wrong Item Delivered
RET008252,ORD0093295,P0061,2023-10-20,23,Damaged in Transit
RET008253,ORD0093304,P0195,2024-08-22,5,Quality Issue
RET008254,ORD0093315,P0136,2023-05-13,1,Late Delivery
RET008255,ORD0093325,P0198,2023-08-19,1,Other
RET008256,ORD0093326,P0185,2023-08-28,1,Damaged in Transit
RET008257,ORD0093326,P0182,2023-09-05,1,Damaged in Transit
RET008258,ORD0093333,P0104,2024-05-18,2,Damaged in Transit
RET008259,ORD0093363,P0165,2023-12-04,1,Wrong Item Delivered
RET008260,ORD0093394,P0183,2023-12-26,4,Customer Changed Mind
RET008261,ORD0093400,P0091,2024-08-14,1,Other
RET008262,ORD0093417,P0076,2023-10-22,1,Customer Changed Mind
RET008263,ORD0093427,P0195,2023-11-23,1,Damaged in Transit
RET008264,ORD0093427,P0100,2023-12-01,1,Damaged in Transit
RET008265,ORD0093457,P0126,2023-03-19,2,Wrong Item Delivered
RET008266,ORD0093459,P0103,2023-04-11,2,Damaged in Transit
RET008267,ORD0093465,P0003,2023-07-14,1,Customer Changed Mind
RET008268,ORD0093468,P0084,2023-10-22,1,Damaged in Transit
RET008269,ORD0093475,P0028,2024-05-09,1,Damaged in Transit
RET008270,ORD0093489,P0052,2023-03-16,1,Quality Issue
RET008271,ORD0093495,P0094,2023-04-06,1,Damaged in Transit
RET008272,ORD0093495,P0101,2023-04-02,1,Damaged in Transit
RET008273,ORD0093518,P0179,2024-06-21,1,Late Delivery
RET008274,ORD0093522,P0182,2024-09-02,1,Damaged in Transit
RET008275,ORD0093524,P0024,2024-10-18,1,Quality Issue
RET008276,ORD0093542,P0043,2024-07-21,33,Customer Changed Mind
RET008277,ORD0093566,P0079,2023-05-04,1,Damaged in Transit
RET008278,ORD0093572,P0087,2023-06-23,2,Damaged in Transit
RET008279,ORD0093585,P0019,2024-05-28,1,Quality Issue
RET008280,ORD0093597,P0187,2023-09-01,48,Customer Changed Mind
RET008281,ORD0093630,P0074,2024-08-15,1,Quality Issue
RET008282,ORD0093642,P0170,2023-03-14,1,Wrong Item Delivered
RET008283,ORD0093675,P0074,2024-12-20,1,Damaged in Transit
RET008284,ORD0093693,P0006,2024-01-16,1,Quality Issue
RET008285,ORD0093711,P0192,2023-03-15,3,Other
RET008286,ORD0093713,P0029,2023-04-06,1,Quality Issue
RET008287,ORD0093718,P0003,2023-07-24,2,Quality Issue
RET008288,ORD0093726,P0005,2024-03-10,2,Wrong Item Delivered
RET008289,ORD0093749,P0068,2024-04-28,82,Customer Changed Mind
RET008290,ORD0093759,P0186,2023-04-15,1,Wrong Item Delivered
RET008291,ORD0093769,P0196,2023-10-18,1,Customer Changed Mind
RET008292,ORD0093780,P0058,2024-04-22,1,Customer Changed Mind
RET008293,ORD0093780,P0161,2024-04-24,1,Quality Issue
RET008294,ORD0093786,P0191,2024-07-02,1,Customer Changed Mind
RET008295,ORD0093846,P0142,2024-10-23,1,Wrong Item Delivered
RET008296,ORD0093861,P0162,2023-09-10,1,Late Delivery
RET008297,ORD0093867,P0106,2024-03-23,1,Wrong Item Delivered
RET008298,ORD0093879,P0051,2024-08-06,1,Quality Issue
RET008299,ORD0093880,P0122,2024-09-04,1,Late Delivery
RET008300,ORD0093906,P0083,2024-03-04,2,Damaged in Transit
RET008301,ORD0093924,P0176,2023-09-08,4,Quality Issue
RET008302,ORD0093932,P0064,2024-06-22,28,Wrong Item Delivered
RET008303,ORD0093935,P0060,2024-10-01,14,Late Delivery
RET008304,ORD0093955,P0090,2023-04-30,61,Damaged in Transit
RET008305,ORD0093967,P0015,2023-04-15,1,Other
RET008306,ORD0093993,P0111,2023-09-03,1,Damaged in Transit
RET008307,ORD0094023,P0008,2023-11-19,2,Damaged in Transit
RET008308,ORD0094028,P0196,2024-05-01,2,Customer Changed Mind
RET008309,ORD0094047,P0053,2024-06-02,55,Quality Issue
RET008310,ORD0094069,P0133,2024-08-10,1,Customer Changed Mind
RET008311,ORD0094093,P0109,2023-04-12,1,Late Delivery
RET008312,ORD0094093,P0137,2023-04-04,1,Customer Changed Mind
RET008313,ORD0094103,P0005,2023-12-26,1,Wrong Item Delivered
RET008314,ORD0094104,P0020,2024-01-17,1,Quality Issue
RET008315,ORD0094107,P0107,2024-04-12,2,Damaged in Transit
RET008316,ORD0094122,P0168,2023-08-29,2,Wrong Item Delivered
RET008317,ORD0094123,P0079,2023-09-13,1,Other
RET008318,ORD0094133,P0022,2023-12-28,1,Wrong Item Delivered
RET008319,ORD0094135,P0137,2024-02-19,1,Quality Issue
RET008320,ORD0094142,P0142,2024-09-17,1,Damaged in Transit
RET008321,ORD0094164,P0103,2024-02-10,2,Other
RET008322,ORD0094183,P0179,2024-11-17,1,Wrong Item Delivered
RET008323,ORD0094214,P0049,2023-08-12,2,Wrong Item Delivered
RET008324,ORD0094241,P0146,2023-04-06,20,Customer Changed Mind
RET008325,ORD0094278,P0110,2023-02-16,1,Late Delivery
RET008326,ORD0094282,P0051,2023-03-21,1,Customer Changed Mind
RET008327,ORD0094283,P0110,2023-05-02,1,Damaged in Transit
RET008328,ORD0094286,P0179,2023-06-19,1,Other
RET008329,ORD0094292,P0101,2023-09-06,1,Late Delivery
RET008330,ORD0094308,P0181,2024-05-25,1,Quality Issue
RET008331,ORD0094319,P0004,2024-10-05,2,Quality Issue
RET008332,ORD0094343,P0037,2024-09-27,2,Customer Changed Mind
RET008333,ORD0094374,P0132,2024-08-25,106,Late Delivery
RET008334,ORD0094384,P0032,2023-05-21,1,Damaged in Transit
RET008335,ORD0094394,P0123,2024-01-15,3,Customer Changed Mind
RET008336,ORD0094406,P0148,2024-11-15,1,Wrong Item Delivered
RET008337,ORD0094407,P0032,2024-12-26,1,Customer Changed Mind
RET008338,ORD0094411,P0082,2023-03-20,3,Wrong Item Delivered
RET008339,ORD0094411,P0001,2023-03-24,1,Wrong Item Delivered
RET008340,ORD0094422,P0095,2023-12-21,1,Customer Changed Mind
RET008341,ORD0094426,P0126,2024-07-19,1,Quality Issue
RET008342,ORD0094428,P0065,2024-07-26,1,Other
RET008343,ORD0094429,P0010,2024-08-06,3,Wrong Item Delivered
RET008344,ORD0094441,P0146,2023-04-24,1,Damaged in Transit
RET008345,ORD0094445,P0155,2023-10-21,2,Late Delivery
RET008346,ORD0094445,P0003,2023-11-03,1,Late Delivery
RET008347,ORD0094447,P0188,2023-12-02,1,Quality Issue
RET008348,ORD0094469,P0013,2024-12-07,1,Customer Changed Mind
RET008349,ORD0094476,P0120,2023-07-08,1,Customer Changed Mind
RET008350,ORD0094481,P0165,2023-10-02,1,Damaged in Transit
RET008351,ORD0094486,P0006,2024-01-11,1,Other
RET008352,ORD0094492,P0029,2024-06-25,1,Damaged in Transit
RET008353,ORD0094493,P0064,2024-07-18,1,Customer Changed Mind
RET008354,ORD0094496,P0030,2024-10-08,1,Damaged in Transit
RET008355,ORD0094512,P0174,2024-06-13,4,Customer Changed Mind
RET008356,ORD0094519,P0198,2024-10-25,1,Customer Changed Mind
RET008357,ORD0094531,P0095,2024-05-18,61,Late Delivery
RET008358,ORD0094538,P0177,2024-12-28,147,Quality Issue
RET008359,ORD0094544,P0022,2023-05-03,1,Customer Changed Mind
RET008360,ORD0094552,P0196,2023-09-10,2,Quality Issue
RET008361,ORD0094567,P0060,2024-02-24,1,Quality Issue
RET008362,ORD0094568,P0004,2024-03-06,1,Quality Issue
RET008363,ORD0094590,P0015,2023-06-01,1,Damaged in Transit
RET008364,ORD0094597,P0093,2023-11-02,1,Quality Issue
RET008365,ORD0094603,P0044,2024-05-05,1,Late Delivery
RET008366,ORD0094609,P0047,2024-06-18,1,Damaged in Transit
RET008367,ORD0094621,P0131,2023-02-15,1,Other
RET008368,ORD0094625,P0118,2023-06-03,1,Quality Issue
RET008369,ORD0094673,P0174,2024-03-08,3,Customer Changed Mind
RET008370,ORD0094682,P0132,2024-10-16,1,Customer Changed Mind
RET008371,ORD0094710,P0165,2024-10-24,3,Wrong Item Delivered
RET008372,ORD0094718,P0149,2023-08-12,1,Wrong Item Delivered
RET008373,ORD0094727,P0163,2024-05-24,1,Damaged in Transit
RET008374,ORD0094731,P0132,2024-08-05,3,Quality Issue
RET008375,ORD0094745,P0185,2023-09-03,1,Customer Changed Mind
RET008376,ORD0094755,P0175,2024-01-24,1,Other
RET008377,ORD0094760,P0161,2024-03-09,1,Quality Issue
RET008378,ORD0094761,P0059,2024-04-15,1,Quality Issue
RET008379,ORD0094769,P0093,2024-08-21,1,Wrong Item Delivered
RET008380,ORD0094770,P0149,2024-09-26,1,Wrong Item Delivered
RET008381,ORD0094772,P0157,2024-10-10,1,Damaged in Transit
RET008382,ORD0094782,P0005,2023-05-28,1,Wrong Item Delivered
RET008383,ORD0094787,P0001,2023-11-06,4,Quality Issue
RET008384,ORD0094791,P0137,2024-01-25,1,Customer Changed Mind
RET008385,ORD0094793,P0028,2024-01-29,1,Damaged in Transit
RET008386,ORD0094799,P0080,2024-08-26,4,Other
RET008387,ORD0094802,P0037,2024-09-28,3,Wrong Item Delivered
RET008388,ORD0094818,P0051,2023-09-21,1,Customer Changed Mind
RET008389,ORD0094835,P0037,2023-08-05,90,Customer Changed Mind
RET008390,ORD0094864,P0075,2024-01-16,1,Quality Issue
RET008391,ORD0094869,P0059,2024-04-06,1,Damaged in Transit
RET008392,ORD0094879,P0129,2024-09-01,1,Wrong Item Delivered
RET008393,ORD0094884,P0032,2023-02-28,2,Other
RET008394,ORD0094890,P0165,2023-09-09,2,Other
RET008395,ORD0094904,P0188,2024-09-21,1,Wrong Item Delivered
RET008396,ORD0094907,P0112,2024-12-10,1,Late Delivery
RET008397,ORD0094909,P0162,2024-12-20,4,Quality Issue
RET008398,ORD0094964,P0111,2023-09-22,73,Customer Changed Mind
RET008399,ORD0094972,P0126,2024-09-11,310,Damaged in Transit
RET008400,ORD0094973,P0042,2024-09-01,259,Damaged in Transit
RET008401,ORD0094974,P0146,2024-11-04,80,Damaged in Transit
RET008402,ORD0094974,P0094,2024-11-05,181,Damaged in Transit
RET008403,ORD0094984,P0016,2023-04-23,1,Damaged in Transit
RET008404,ORD0094984,P0111,2023-05-02,1,Damaged in Transit
RET008405,ORD0095001,P0180,2024-02-28,1,Other
RET008406,ORD0095012,P0120,2024-08-03,1,Quality Issue
RET008407,ORD0095030,P0012,2023-05-07,2,Wrong Item Delivered
RET008408,ORD0095031,P0125,2023-07-11,2,Quality Issue
RET008409,ORD0095053,P0135,2024-08-09,1,Customer Changed Mind
RET008410,ORD0095073,P0135,2023-06-24,1,Customer Changed Mind
RET008411,ORD0095078,P0183,2023-09-24,1,Customer Changed Mind
RET008412,ORD0095082,P0069,2024-01-02,1,Damaged in Transit
RET008413,ORD0095115,P0195,2024-03-19,2,Wrong Item Delivered
RET008414,ORD0095115,P0111,2024-03-30,2,Wrong Item Delivered
RET008415,ORD0095117,P0007,2024-05-02,1,Damaged in Transit
RET008416,ORD0095121,P0165,2024-08-21,1,Late Delivery
RET008417,ORD0095128,P0070,2023-06-08,2,Damaged in Transit
RET008418,ORD0095139,P0152,2024-02-23,3,Wrong Item Delivered
RET008419,ORD0095144,P0090,2024-05-17,3,Quality Issue
RET008420,ORD0095158,P0015,2023-03-12,1,Late Delivery
RET008421,ORD0095160,P0187,2023-04-13,1,Wrong Item Delivered
RET008422,ORD0095168,P0109,2023-09-30,1,Customer Changed Mind
RET008423,ORD0095178,P0019,2024-07-29,3,Quality Issue
RET008424,ORD0095180,P0165,2024-09-06,1,Customer Changed Mind
RET008425,ORD0095181,P0099,2024-09-19,2,Damaged in Transit
RET008426,ORD0095191,P0049,2023-06-06,1,Wrong Item Delivered
RET008427,ORD0095220,P0159,2023-02-19,1,Damaged in Transit
RET008428,ORD0095234,P0151,2023-08-21,1,Customer Changed Mind
RET008429,ORD0095243,P0082,2024-02-17,2,Damaged in Transit
RET008430,ORD0095257,P0154,2024-09-22,2,Damaged in Transit
RET008431,ORD0095259,P0094,2024-10-02,1,Customer Changed Mind
RET008432,ORD0095268,P0087,2023-06-07,37,Customer Changed Mind
RET008433,ORD0095280,P0104,2024-10-18,68,Damaged in Transit
RET008434,ORD0095302,P0054,2024-11-05,5,Late Delivery
RET008435,ORD0095327,P0095,2024-05-20,1,Other
RET008436,ORD0095331,P0041,2024-08-23,1,Quality Issue
RET008437,ORD0095334,P0097,2024-10-03,1,Other
RET008438,ORD0095336,P0174,2024-10-07,1,Damaged in Transit
RET008439,ORD0095339,P0162,2023-02-10,2,Customer Changed Mind
RET008440,ORD0095365,P0018,2024-10-28,1,Damaged in Transit
RET008441,ORD0095381,P0185,2023-03-18,2,Quality Issue
RET008442,ORD0095388,P0168,2023-07-05,1,Damaged in Transit
RET008443,ORD0095398,P0180,2024-01-13,1,Quality Issue
RET008444,ORD0095405,P0038,2024-05-29,1,Damaged in Transit
RET008445,ORD0095406,P0043,2024-06-01,1,Late Delivery
RET008446,ORD0095430,P0092,2024-01-13,1,Late Delivery
RET008447,ORD0095433,P0060,2024-03-02,1,Customer Changed Mind
RET008448,ORD0095448,P0057,2024-12-15,2,Late Delivery
RET008449,ORD0095460,P0195,2023-08-21,1,Customer Changed Mind
RET008450,ORD0095466,P0140,2024-01-02,1,Quality Issue
RET008451,ORD0095475,P0079,2024-03-07,1,Damaged in Transit
RET008452,ORD0095483,P0144,2024-06-11,1,Quality Issue
RET008453,ORD0095484,P0023,2024-07-04,1,Customer Changed Mind
RET008454,ORD0095492,P0121,2024-11-01,2,Damaged in Transit
RET008455,ORD0095493,P0089,2024-12-21,1,Damaged in Transit
RET008456,ORD0095501,P0058,2023-10-20,175,Customer Changed Mind
RET008457,ORD0095518,P0021,2024-03-26,15,Other
RET008458,ORD0095530,P0028,2023-03-19,1,Quality Issue
RET008459,ORD0095537,P0044,2023-08-17,1,Late Delivery
RET008460,ORD0095561,P0083,2024-06-30,1,Other
RET008461,ORD0095564,P0014,2024-07-29,1,Other
RET008462,ORD0095574,P0135,2023-06-09,1,Quality Issue
RET008463,ORD0095584,P0001,2024-06-02,1,Quality Issue
RET008464,ORD0095605,P0140,2023-10-26,1,Wrong Item Delivered
RET008465,ORD0095623,P0042,2024-11-06,1,Quality Issue
RET008466,ORD0095652,P0119,2023-06-29,2,Damaged in Transit
RET008467,ORD0095655,P0047,2023-09-10,1,Damaged in Transit
RET008468,ORD0095661,P0179,2024-04-28,1,Damaged in Transit
RET008469,ORD0095674,P0114,2024-11-22,1,Late Delivery
RET008470,ORD0095698,P0188,2024-03-11,77,Quality Issue
RET008471,ORD0095707,P0001,2023-03-26,2,Damaged in Transit
RET008472,ORD0095711,P0016,2023-06-13,1,Damaged in Transit
RET008473,ORD0095718,P0190,2024-01-21,1,Customer Changed Mind
RET008474,ORD0095725,P0196,2024-08-01,1,Quality Issue
RET008475,ORD0095736,P0093,2024-12-08,1,Damaged in Transit
RET008476,ORD0095751,P0038,2023-03-24,2,Late Delivery
RET008477,ORD0095759,P0016,2023-09-29,1,Wrong Item Delivered
RET008478,ORD0095767,P0063,2024-01-19,1,Wrong Item Delivered
RET008479,ORD0095768,P0031,2024-04-09,1,Customer Changed Mind
RET008480,ORD0095781,P0165,2024-12-03,1,Damaged in Transit
RET008481,ORD0095782,P0028,2024-12-28,5,Late Delivery
RET008482,ORD0095786,P0182,2023-04-24,3,Quality Issue
RET008483,ORD0095789,P0087,2023-12-10,1,Customer Changed Mind
RET008484,ORD0095796,P0186,2024-08-15,1,Quality Issue
RET008485,ORD0095812,P0197,2023-06-07,1,Damaged in Transit
RET008486,ORD0095824,P0122,2024-01-20,1,Quality Issue
RET008487,ORD0095826,P0009,2024-01-13,1,Damaged in Transit
RET008488,ORD0095851,P0188,2023-04-08,2,Wrong Item Delivered
RET008489,ORD0095851,P0074,2023-04-16,1,Wrong Item Delivered
RET008490,ORD0095856,P0051,2023-05-25,1,Quality Issue
RET008491,ORD0095863,P0115,2023-10-23,1,Wrong Item Delivered
RET008492,ORD0095865,P0143,2023-12-07,1,Customer Changed Mind
RET008493,ORD0095897,P0074,2023-06-01,8,Damaged in Transit
RET008494,ORD0095900,P0050,2023-11-03,154,Damaged in Transit
RET008495,ORD0095912,P0157,2023-03-10,2,Late Delivery
RET008496,ORD0095951,P0048,2024-03-10,1,Damaged in Transit
RET008497,ORD0095953,P0130,2024-04-30,2,Damaged in Transit
RET008498,ORD0095977,P0032,2024-11-21,28,Damaged in Transit
RET008499,ORD0095977,P0144,2024-12-01,21,Damaged in Transit
RET008500,ORD0095991,P0004,2023-04-12,1,Other
RET008501,ORD0095992,P0101,2023-06-28,4,Damaged in Transit
RET008502,ORD0096005,P0188,2024-10-22,2,Customer Changed Mind
RET008503,ORD0096009,P0051,2024-12-10,1,Customer Changed Mind
RET008504,ORD0096015,P0149,2023-03-27,1,Other
RET008505,ORD0096019,P0058,2023-05-19,1,Customer Changed Mind
RET008506,ORD0096037,P0099,2024-03-29,1,Late Delivery
RET008507,ORD0096045,P0068,2024-09-23,1,Wrong Item Delivered
RET008508,ORD0096049,P0165,2024-11-23,1,Customer Changed Mind
RET008509,ORD0096055,P0023,2023-04-15,1,Quality Issue
RET008510,ORD0096063,P0052,2024-01-28,1,Damaged in Transit
RET008511,ORD0096079,P0050,2023-04-24,1,Customer Changed Mind
RET008512,ORD0096095,P0141,2024-06-17,1,Quality Issue
RET008513,ORD0096098,P0168,2024-07-09,1,Damaged in Transit
RET008514,ORD0096101,P0168,2024-09-08,1,Customer Changed Mind
RET008515,ORD0096124,P0166,2024-11-15,52,Quality Issue
RET008516,ORD0096131,P0146,2023-04-17,1,Customer Changed Mind
RET008517,ORD0096151,P0143,2024-02-03,1,Quality Issue
RET008518,ORD0096155,P0126,2024-02-14,2,Customer Changed Mind
RET008519,ORD0096165,P0116,2024-09-03,1,Customer Changed Mind
RET008520,ORD0096166,P0124,2024-09-25,1,Damaged in Transit
RET008521,ORD0096191,P0068,2024-05-03,1,Late Delivery
RET008522,ORD0096244,P0050,2024-09-21,1,Late Delivery
RET008523,ORD0096250,P0015,2024-12-07,1,Quality Issue
RET008524,ORD0096254,P0001,2023-05-19,1,Wrong Item Delivered
RET008525,ORD0096265,P0050,2024-02-24,2,Quality Issue
RET008526,ORD0096290,P0159,2023-03-15,132,Damaged in Transit
RET008527,ORD0096292,P0102,2023-05-29,322,Damaged in Transit
RET008528,ORD0096296,P0045,2023-10-08,262,Quality Issue
RET008529,ORD0096297,P0169,2023-10-04,191,Quality Issue
RET008530,ORD0096301,P0107,2024-01-02,58,Late Delivery
RET008531,ORD0096305,P0092,2024-11-06,82,Wrong Item Delivered
RET008532,ORD0096307,P0140,2023-01-22,2,Quality Issue
RET008533,ORD0096314,P0146,2023-05-10,1,Damaged in Transit
RET008534,ORD0096318,P0137,2023-06-04,2,Late Delivery
RET008535,ORD0096326,P0043,2023-11-22,1,Quality Issue
RET008536,ORD0096336,P0131,2024-03-22,1,Late Delivery
RET008537,ORD0096393,P0037,2023-03-08,1,Damaged in Transit
RET008538,ORD0096393,P0045,2023-03-05,1,Damaged in Transit
RET008539,ORD0096415,P0179,2023-12-10,1,Wrong Item Delivered
RET008540,ORD0096417,P0188,2024-01-17,1,Late Delivery
RET008541,ORD0096432,P0110,2024-08-07,1,Late Delivery
RET008542,ORD0096438,P0160,2024-11-26,1,Customer Changed Mind
RET008543,ORD0096438,P0048,2024-12-12,1,Wrong Item Delivered
RET008544,ORD0096444,P0126,2023-03-18,1,Damaged in Transit
RET008545,ORD0096465,P0160,2024-08-10,1,Late Delivery
RET008546,ORD0096483,P0042,2023-04-03,1,Wrong Item Delivered
RET008547,ORD0096501,P0088,2024-10-21,1,Late Delivery
RET008548,ORD0096522,P0106,2024-01-01,1,Damaged in Transit
RET008549,ORD0096522,P0023,2023-12-26,1,Damaged in Transit
RET008550,ORD0096522,P0183,2024-01-06,5,Damaged in Transit
RET008551,ORD0096530,P0003,2024-05-29,2,Customer Changed Mind
RET008552,ORD0096546,P0162,2023-10-06,1,Damaged in Transit
RET008553,ORD0096559,P0131,2024-06-01,1,Late Delivery
RET008554,ORD0096563,P0053,2024-08-17,4,Other
RET008555,ORD0096574,P0027,2023-01-28,62,Damaged in Transit
RET008556,ORD0096575,P0150,2023-02-16,22,Damaged in Transit
RET008557,ORD0096580,P0087,2023-09-04,28,Damaged in Transit
RET008558,ORD0096581,P0079,2023-09-04,8,Damaged in Transit
RET008559,ORD0096595,P0104,2023-02-16,2,Late Delivery
RET008560,ORD0096600,P0049,2023-05-13,1,Wrong Item Delivered
RET008561,ORD0096605,P0196,2023-07-23,1,Late Delivery
RET008562,ORD0096608,P0047,2023-08-30,1,Quality Issue
RET008563,ORD0096640,P0016,2023-02-23,1,Quality Issue
RET008564,ORD0096643,P0182,2023-04-03,1,Other
RET008565,ORD0096649,P0051,2023-07-15,1,Damaged in Transit
RET008566,ORD0096652,P0191,2023-10-04,1,Customer Changed Mind
RET008567,ORD0096661,P0059,2024-06-24,1,Other
RET008568,ORD0096666,P0156,2024-10-19,1,Damaged in Transit
RET008569,ORD0096693,P0049,2024-05-01,1,Customer Changed Mind
RET008570,ORD0096698,P0048,2024-11-25,1,Quality Issue
RET008571,ORD0096710,P0003,2023-10-04,2,Other
RET008572,ORD0096717,P0057,2024-03-02,2,Wrong Item Delivered
RET008573,ORD0096727,P0028,2023-04-30,1,Late Delivery
RET008574,ORD0096745,P0003,2024-04-04,1,Customer Changed Mind
RET008575,ORD0096800,P0023,2024-02-28,5,Quality Issue
RET008576,ORD0096802,P0039,2024-07-17,1,Customer Changed Mind
RET008577,ORD0096848,P0079,2023-05-21,2,Wrong Item Delivered
RET008578,ORD0096851,P0105,2023-09-03,1,Damaged in Transit
RET008579,ORD0096855,P0057,2023-11-13,1,Quality Issue
RET008580,ORD0096872,P0105,2023-04-05,1,Damaged in Transit
RET008581,ORD0096873,P0008,2023-07-01,1,Wrong Item Delivered
RET008582,ORD0096874,P0193,2023-06-29,1,Wrong Item Delivered
RET008583,ORD0096884,P0159,2024-01-17,1,Customer Changed Mind
RET008584,ORD0096886,P0091,2024-02-04,4,Quality Issue
RET008585,ORD0096888,P0115,2024-03-08,1,Late Delivery
RET008586,ORD0096900,P0126,2024-09-03,3,Damaged in Transit
RET008587,ORD0096902,P0124,2024-11-07,3,Damaged in Transit
RET008588,ORD0096902,P0068,2024-10-30,2,Damaged in Transit
RET008589,ORD0096915,P0024,2024-02-14,254,Damaged in Transit
RET008590,ORD0096928,P0058,2023-05-13,4,Wrong Item Delivered
RET008591,ORD0096948,P0192,2024-11-23,1,Damaged in Transit
RET008592,ORD0096955,P0167,2023-04-13,33,Quality Issue
RET008593,ORD0096960,P0194,2023-09-14,2,Quality Issue
RET008594,ORD0096962,P0123,2023-10-22,63,Quality Issue
RET008595,ORD0096979,P0026,2023-06-02,2,Late Delivery
RET008596,ORD0096994,P0016,2024-07-26,2,Wrong Item Delivered
RET008597,ORD0097007,P0184,2023-04-11,4,Late Delivery
RET008598,ORD0097024,P0079,2024-03-26,1,Damaged in Transit
RET008599,ORD0097034,P0027,2023-01-11,1,Customer Changed Mind
RET008600,ORD0097036,P0185,2023-02-02,1,Wrong Item Delivered
RET008601,ORD0097038,P0038,2023-03-08,1,Customer Changed Mind
RET008602,ORD0097054,P0023,2024-10-24,5,Late Delivery
RET008603,ORD0097058,P0004,2023-01-31,1,Wrong Item Delivered
RET008604,ORD0097058,P0024,2023-02-01,1,Wrong Item Delivered
RET008605,ORD0097107,P0052,2024-03-23,4,Damaged in Transit
RET008606,ORD0097107,P0140,2024-03-16,68,Other
RET008607,ORD0097109,P0191,2024-05-11,20,Customer Changed Mind
RET008608,ORD0097122,P0056,2023-09-26,1,Damaged in Transit
RET008609,ORD0097130,P0126,2024-04-22,1,Damaged in Transit
RET008610,ORD0097150,P0150,2023-05-15,3,Quality Issue
RET008611,ORD0097153,P0157,2023-08-24,1,Late Delivery
RET008612,ORD0097180,P0184,2023-03-18,2,Quality Issue
RET008613,ORD0097215,P0185,2023-03-08,1,Wrong Item Delivered
RET008614,ORD0097217,P0110,2023-06-12,1,Wrong Item Delivered
RET008615,ORD0097228,P0151,2023-11-24,1,Customer Changed Mind
RET008616,ORD0097239,P0188,2024-05-21,2,Late Delivery
RET008617,ORD0097245,P0094,2024-10-15,1,Late Delivery
RET008618,ORD0097278,P0036,2024-04-02,1,Wrong Item Delivered
RET008619,ORD0097322,P0187,2024-12-11,1,Damaged in Transit
RET008620,ORD0097329,P0043,2023-08-09,162,Damaged in Transit
RET008621,ORD0097334,P0077,2024-05-03,25,Wrong Item Delivered
RET008622,ORD0097336,P0010,2024-11-29,132,Customer Changed Mind
RET008623,ORD0097339,P0047,2023-04-22,15,Damaged in Transit
RET008624,ORD0097363,P0112,2023-05-20,1,Quality Issue
RET008625,ORD0097369,P0116,2023-10-08,1,Customer Changed Mind
RET008626,ORD0097382,P0122,2024-12-27,1,Customer Changed Mind
RET008627,ORD0097387,P0093,2023-04-10,1,Wrong Item Delivered
RET008628,ORD0097408,P0029,2024-04-07,1,Wrong Item Delivered
RET008629,ORD0097411,P0146,2024-05-28,1,Late Delivery
RET008630,ORD0097416,P0044,2024-08-11,1,Damaged in Transit
RET008631,ORD0097425,P0126,2023-02-05,1,Quality Issue
RET008632,ORD0097429,P0106,2023-05-08,1,Quality Issue
RET008633,ORD0097473,P0011,2023-05-30,1,Wrong Item Delivered
RET008634,ORD0097495,P0132,2024-02-14,2,Damaged in Transit
RET008635,ORD0097502,P0108,2024-08-11,1,Wrong Item Delivered
RET008636,ORD0097502,P0038,2024-08-11,2,Wrong Item Delivered
RET008637,ORD0097504,P0185,2024-08-24,1,Other
RET008638,ORD0097510,P0137,2024-11-08,2,Customer Changed Mind
RET008639,ORD0097517,P0106,2023-05-19,6,Wrong Item Delivered
RET008640,ORD0097518,P0159,2023-06-01,2,Wrong Item Delivered
RET008641,ORD0097525,P0101,2024-02-28,4,Damaged in Transit
RET008642,ORD0097546,P0170,2023-07-29,1,Damaged in Transit
RET008643,ORD0097580,P0089,2023-03-23,3,Quality Issue
RET008644,ORD0097588,P0126,2023-08-16,1,Damaged in Transit
RET008645,ORD0097601,P0114,2024-06-25,2,Customer Changed Mind
RET008646,ORD0097606,P0160,2024-11-13,3,Wrong Item Delivered
RET008647,ORD0097641,P0183,2023-10-12,1,Wrong Item Delivered
RET008648,ORD0097648,P0003,2024-02-04,2,Quality Issue
RET008649,ORD0097657,P0126,2024-07-13,1,Wrong Item Delivered
RET008650,ORD0097661,P0048,2024-10-05,1,Customer Changed Mind
RET008651,ORD0097661,P0113,2024-09-20,1,Quality Issue
RET008652,ORD0097667,P0053,2023-02-21,1,Wrong Item Delivered
RET008653,ORD0097668,P0109,2023-05-09,1,Quality Issue
RET008654,ORD0097673,P0175,2023-08-20,1,Damaged in Transit
RET008655,ORD0097679,P0122,2024-02-02,2,Quality Issue
RET008656,ORD0097692,P0039,2024-09-20,3,Damaged in Transit
RET008657,ORD0097705,P0005,2023-06-08,1,Late Delivery
RET008658,ORD0097729,P0138,2024-06-14,1,Customer Changed Mind
RET008659,ORD0097751,P0050,2023-05-02,1,Customer Changed Mind
RET008660,ORD0097761,P0192,2023-08-11,1,Other
RET008661,ORD0097804,P0023,2023-07-08,34,Damaged in Transit
RET008662,ORD0097804,P0005,2023-06-28,5,Damaged in Transit
RET008663,ORD0097805,P0126,2023-09-22,41,Damaged in Transit
RET008664,ORD0097819,P0110,2023-09-14,1,Damaged in Transit
RET008665,ORD0097822,P0194,2023-09-29,1,Other
RET008666,ORD0097828,P0027,2024-03-03,4,Customer Changed Mind
RET008667,ORD0097847,P0085,2023-06-23,2,Wrong Item Delivered
RET008668,ORD0097849,P0177,2023-07-20,1,Quality Issue
RET008669,ORD0097863,P0049,2024-02-11,1,Late Delivery
RET008670,ORD0097896,P0015,2023-12-09,2,Customer Changed Mind
RET008671,ORD0097898,P0072,2023-11-26,1,Damaged in Transit
RET008672,ORD0097931,P0003,2024-07-21,1,Damaged in Transit
RET008673,ORD0097932,P0122,2024-08-24,1,Damaged in Transit
RET008674,ORD0097933,P0123,2024-10-08,1,Damaged in Transit
RET008675,ORD0097934,P0125,2024-11-29,1,Damaged in Transit
RET008676,ORD0097934,P0108,2024-11-13,3,Damaged in Transit
RET008677,ORD0097934,P0031,2024-11-16,2,Damaged in Transit
RET008678,ORD0097942,P0005,2023-02-25,2,Wrong Item Delivered
RET008679,ORD0097943,P0094,2023-03-04,2,Late Delivery
RET008680,ORD0097952,P0028,2024-02-05,3,Customer Changed Mind
RET008681,ORD0097958,P0094,2024-08-05,1,Wrong Item Delivered
RET008682,ORD0097964,P0090,2023-03-13,1,Customer Changed Mind
RET008683,ORD0097971,P0181,2023-09-24,1,Wrong Item Delivered
RET008684,ORD9999999,P0037,2024-06-27,1,Damaged in Transit
RET008685,ORD0097984,P0027,2024-08-06,1,Customer Changed Mind
RET008686,ORD0097998,P0136,2023-03-08,2,Late Delivery
RET008687,ORD0097999,P0165,2023-04-14,2,Damaged in Transit
RET008688,ORD0098011,P0032,2024-01-10,1,Damaged in Transit
RET008689,ORD0098014,P0085,2024-05-09,2,Wrong Item Delivered
RET008690,ORD0098018,P0032,2024-09-18,1,Customer Changed Mind
RET008691,ORD0098032,P0023,2023-05-03,40,Damaged in Transit
RET008692,ORD0098032,P0031,2023-04-16,17,Damaged in Transit
RET008693,ORD0098041,P0036,2024-06-18,5,Quality Issue
RET008694,ORD0098055,P0032,2023-04-04,1,Damaged in Transit
RET008695,ORD0098055,P0166,2023-03-26,1,Late Delivery
RET008696,ORD0098058,P0064,2023-05-26,1,Damaged in Transit
RET008697,ORD0098080,P0083,2024-09-07,1,Damaged in Transit
RET008698,ORD0098088,P0030,2023-02-07,2,Other
RET008699,ORD0098092,P0114,2023-04-03,1,Wrong Item Delivered
RET008700,ORD0098094,P0034,2023-04-27,1,Quality Issue
RET008701,ORD0098103,P0134,2023-12-13,1,Damaged in Transit
RET008702,ORD0098131,P0147,2023-03-13,9,Late Delivery
RET008703,ORD0098140,P0049,2023-11-15,43,Customer Changed Mind
RET008704,ORD0098150,P0121,2024-09-27,5,Damaged in Transit
RET008705,ORD0098156,P0014,2023-03-11,1,Late Delivery
RET008706,ORD0098207,P0098,2023-11-14,1,Wrong Item Delivered
RET008707,ORD0098214,P0035,2024-05-17,1,Wrong Item Delivered
RET008708,ORD0098214,P0137,2024-05-02,1,Wrong Item Delivered
RET008709,ORD0098225,P0094,2023-03-09,93,Damaged in Transit
RET008710,ORD0098232,P0048,2023-08-29,23,Other
RET008711,ORD0098238,P0178,2024-07-15,30,Quality Issue
RET008712,ORD0098252,P0158,2023-05-15,1,Wrong Item Delivered
RET008713,ORD0098255,P0126,2023-06-06,1,Late Delivery
RET008714,ORD0098258,P0077,2023-08-29,1,Wrong Item Delivered
RET008715,ORD0098264,P0064,2023-10-09,1,Other
RET008716,ORD9999999,P0044,2023-12-07,1,Late Delivery
RET008717,ORD0098273,P0059,2024-02-18,2,Wrong Item Delivered
RET008718,ORD0098277,P0050,2024-04-28,1,Other
RET008719,ORD0098278,P0074,2024-05-22,1,Wrong Item Delivered
RET008720,ORD0098279,P0003,2024-06-07,1,Damaged in Transit
RET008721,ORD0098287,P0198,2024-10-05,1,Customer Changed Mind
RET008722,ORD0098303,P0166,2023-11-13,2,Customer Changed Mind
RET008723,ORD0098314,P0131,2024-11-03,3,Damaged in Transit
RET008724,ORD0098321,P0010,2023-04-07,59,Damaged in Transit
RET008725,ORD0098325,P0046,2023-10-10,36,Wrong Item Delivered
RET008726,ORD0098328,P0005,2023-10-31,14,Wrong Item Delivered
RET008727,ORD0098344,P0140,2023-07-28,3,Customer Changed Mind
RET008728,ORD0098346,P0195,2023-10-08,2,Wrong Item Delivered
RET008729,ORD0098347,P0137,2023-11-12,2,Quality Issue
RET008730,ORD0098350,P0072,2024-01-26,1,Late Delivery
RET008731,ORD0098362,P0113,2024-10-09,1,Damaged in Transit
RET008732,ORD0098366,P0066,2023-02-04,2,Customer Changed Mind
RET008733,ORD0098371,P0154,2023-07-19,2,Damaged in Transit
RET008734,ORD0098380,P0026,2024-07-25,1,Customer Changed Mind
RET008735,ORD0098385,P0016,2024-11-04,1,Quality Issue
RET008736,ORD0098402,P0146,2023-07-15,1,Late Delivery
RET008737,ORD0098434,P0070,2023-10-01,1,Quality Issue
RET008738,ORD0098437,P0003,2024-01-02,2,Customer Changed Mind
RET008739,ORD0098487,P0072,2024-03-10,1,Customer Changed Mind
RET008740,ORD0098491,P0074,2024-04-16,1,Wrong Item Delivered
RET008741,ORD0098501,P0164,2024-09-26,2,Late Delivery
RET008742,ORD0098503,P0029,2024-11-27,1,Damaged in Transit
RET008743,ORD0098525,P0031,2023-07-17,1,Customer Changed Mind
RET008744,ORD0098549,P0149,2024-09-07,1,Damaged in Transit
RET008745,ORD0098552,P0058,2024-09-30,2,Damaged in Transit
RET008746,ORD9999999,P0131,2024-12-01,1,Wrong Item Delivered
RET008747,ORD0098566,P0031,2023-06-24,1,Wrong Item Delivered
RET008748,ORD0098584,P0099,2023-02-27,1,Damaged in Transit
RET008749,ORD0098587,P0021,2023-04-02,3,Quality Issue
RET008750,ORD0098609,P0098,2023-02-06,1,Wrong Item Delivered
RET008751,ORD0098616,P0061,2023-08-05,4,Damaged in Transit
RET008752,ORD0098655,P0051,2024-05-09,72,Late Delivery
RET008753,ORD0098680,P0191,2024-05-05,1,Late Delivery
RET008754,ORD0098680,P0015,2024-05-07,1,Quality Issue
RET008755,ORD0098707,P0184,2024-04-15,1,Quality Issue
RET008756,ORD0098712,P0078,2024-07-01,2,Other
RET008757,ORD0098719,P0057,2024-11-03,5,Damaged in Transit
RET008758,ORD0098747,P0075,2024-07-19,1,Other
RET008759,ORD0098779,P0005,2024-09-16,1,Customer Changed Mind
RET008760,ORD0098780,P0118,2024-10-22,1,Quality Issue
RET008761,ORD0098783,P0111,2024-12-29,1,Late Delivery
RET008762,ORD0098797,P0153,2023-10-25,1,Wrong Item Delivered
RET008763,ORD0098806,P0115,2024-01-31,1,Customer Changed Mind
RET008764,ORD0098812,P0112,2024-07-31,1,Quality Issue
RET008765,ORD0098822,P0106,2023-02-17,1,Other
RET008766,ORD0098853,P0043,2024-12-11,1,Wrong Item Delivered
RET008767,ORD0098872,P0117,2024-04-20,1,Wrong Item Delivered
RET008768,ORD0098872,P0123,2024-04-19,2,Wrong Item Delivered
RET008769,ORD0098874,P0121,2024-04-16,1,Damaged in Transit
RET008770,ORD0098910,P0050,2024-07-03,1,Wrong Item Delivered
RET008771,ORD0098931,P0162,2023-04-20,1,Customer Changed Mind
RET008772,ORD0098943,P0105,2023-08-29,2,Damaged in Transit
RET008773,ORD0098952,P0195,2024-02-02,1,Other
RET008774,ORD0099001,P0168,2024-03-24,1,Late Delivery
RET008775,ORD0099034,P0152,2024-07-05,58,Customer Changed Mind
RET008776,ORD0099041,P0153,2023-08-08,179,Quality Issue
RET008777,ORD0099070,P0083,2024-04-07,1,Quality Issue
RET008778,ORD0099077,P0136,2024-05-28,5,Customer Changed Mind
RET008779,ORD0099083,P0183,2024-10-06,2,Damaged in Transit
RET008780,ORD0099095,P0182,2023-03-22,1,Quality Issue
RET008781,ORD0099096,P0144,2023-05-21,1,Other
RET008782,ORD0099099,P0019,2023-09-20,1,Wrong Item Delivered
RET008783,ORD0099100,P0088,2023-09-23,1,Customer Changed Mind
RET008784,ORD0099132,P0072,2024-12-23,1,Customer Changed Mind
RET008785,ORD0099136,P0120,2023-04-01,1,Damaged in Transit
RET008786,ORD0099137,P0131,2023-03-13,1,Damaged in Transit
RET008787,ORD0099159,P0181,2024-04-28,1,Quality Issue
RET008788,ORD0099160,P0056,2024-04-19,1,Damaged in Transit
RET008789,ORD0099179,P0001,2023-01-29,1,Damaged in Transit
RET008790,ORD0099181,P0198,2023-03-02,2,Wrong Item Delivered
RET008791,ORD0099188,P0195,2023-11-22,3,Late Delivery
RET008792,ORD0099194,P0103,2024-03-16,1,Damaged in Transit
RET008793,ORD0099216,P0168,2024-04-16,1,Late Delivery
RET008794,ORD0099235,P0133,2024-10-26,3,Damaged in Transit
RET008795,ORD0099239,P0186,2023-04-05,47,Customer Changed Mind
RET008796,ORD0099245,P0032,2023-11-11,45,Customer Changed Mind
RET008797,ORD0099269,P0004,2024-05-19,94,Quality Issue
RET008798,ORD0099273,P0185,2024-11-15,65,Quality Issue
RET008799,ORD0099296,P0157,2024-01-21,10,Damaged in Transit
RET008800,ORD0099306,P0135,2023-03-29,1,Damaged in Transit
RET008801,ORD0099330,P0134,2024-06-15,1,Wrong Item Delivered
RET008802,ORD0099331,P0018,2024-07-11,2,Late Delivery
RET008803,ORD0099333,P0010,2024-09-01,1,Late Delivery
RET008804,ORD0099336,P0149,2024-10-17,1,Customer Changed Mind
RET008805,ORD0099359,P0083,2024-04-11,2,Customer Changed Mind
RET008806,ORD0099381,P0059,2023-04-11,1,Late Delivery
RET008807,ORD0099389,P0144,2023-09-30,1,Quality Issue
RET008808,ORD0099391,P0143,2023-10-11,1,Other
RET008809,ORD0099405,P0028,2024-06-23,1,Wrong Item Delivered
RET008810,ORD0099425,P0002,2023-10-03,1,Late Delivery
RET008811,ORD0099439,P0064,2024-04-29,2,Damaged in Transit
RET008812,ORD0099452,P0099,2024-10-17,2,Other
RET008813,ORD0099462,P0060,2024-12-30,1,Quality Issue
RET008814,ORD0099471,P0022,2024-08-24,113,Damaged in Transit
RET008815,ORD0099475,P0049,2023-07-12,184,Wrong Item Delivered
RET008816,ORD0099477,P0122,2023-09-08,117,Quality Issue
RET008817,ORD0099528,P0036,2023-11-29,42,Wrong Item Delivered
RET008818,ORD0099533,P0143,2024-08-06,4,Wrong Item Delivered
RET008819,ORD0099538,P0125,2023-02-18,2,Damaged in Transit
RET008820,ORD0099557,P0135,2024-02-12,1,Customer Changed Mind
RET008821,ORD0099574,P0157,2024-08-13,1,Quality Issue
RET008822,ORD0099576,P0168,2024-09-01,1,Quality Issue
RET008823,ORD0099589,P0061,2023-06-17,1,Customer Changed Mind
RET008824,ORD0099595,P0144,2023-12-28,5,Customer Changed Mind
RET008825,ORD0099597,P0166,2024-01-30,1,Other
RET008826,ORD0099615,P0098,2023-03-04,2,Wrong Item Delivered
RET008827,ORD0099618,P0047,2023-04-26,2,Customer Changed Mind
RET008828,ORD0099627,P0118,2023-10-27,2,Damaged in Transit
RET008829,ORD0099633,P0135,2024-03-13,1,Quality Issue
RET008830,ORD0099637,P0020,2024-05-12,1,Damaged in Transit
RET008831,ORD0099646,P0168,2024-09-28,1,Other
RET008832,ORD0099649,P0063,2024-10-21,2,Late Delivery
RET008833,ORD0099666,P0081,2024-09-14,35,Customer Changed Mind
RET008834,ORD0099667,P0073,2023-01-22,2,Other
RET008835,ORD0099670,P0144,2023-05-29,3,Quality Issue
RET008836,ORD0099678,P0191,2023-11-09,5,Other
RET008837,ORD0099685,P0094,2024-06-09,1,Other
RET008838,ORD0099693,P0031,2024-11-02,2,Wrong Item Delivered
RET008839,ORD0099715,P0027,2024-12-08,4,Other
RET008840,ORD0099736,P0001,2024-01-27,1,Damaged in Transit
RET008841,ORD0099768,P0103,2023-12-28,1,Customer Changed Mind
RET008842,ORD0099784,P0157,2023-03-29,2,Damaged in Transit
RET008843,ORD0099790,P0188,2023-06-24,1,Quality Issue
RET008844,ORD0099797,P0070,2023-10-27,1,Late Delivery
RET008845,ORD0099807,P0068,2024-02-26,1,Customer Changed Mind
RET008846,ORD0099829,P0085,2023-01-25,1,Wrong Item Delivered
RET008847,ORD0099857,P0162,2024-07-21,1,Customer Changed Mind
RET008848,ORD0099861,P0169,2024-10-20,1,Customer Changed Mind
RET008849,ORD0099863,P0182,2024-11-23,1,Wrong Item Delivered
RET008850,ORD0099881,P0032,2024-09-25,3,Late Delivery
RET008851,ORD0099889,P0047,2023-08-11,4,Quality Issue
RET008852,ORD0099899,P0188,2024-10-21,13,Quality Issue
RET008853,ORD0099915,P0157,2024-01-17,9,Customer Changed Mind
RET008854,ORD0099959,P0022,2023-05-05,267,Quality Issue
RET008855,ORD0099959,P0128,2023-05-01,33,Customer Changed Mind
RET008856,ORD0099960,P0079,2023-04-13,170,Customer Changed Mind
RET008857,ORD0099969,P0050,2024-12-21,12,Damaged in Transit
RET008858,ORD0099985,P0140,2024-01-11,1,Customer Changed Mind
RET008859,ORD0099999,P0038,2024-08-15,1,Customer Changed Mind
RET008860,ORD0100047,P0110,2024-11-06,1,Customer Changed Mind
RET008861,ORD0100054,P0093,2023-03-14,3,Damaged in Transit
RET008862,ORD0100075,P0038,2024-10-16,1,Wrong Item Delivered
RET008863,ORD0100083,P0159,2023-06-10,1,Customer Changed Mind
RET008864,ORD0100105,P0004,2024-09-20,2,Late Delivery
RET008865,ORD0100109,P0186,2023-03-01,1,Damaged in Transit
RET008866,ORD0100119,P0058,2023-08-01,1,Damaged in Transit
RET008867,ORD0100129,P0093,2024-01-29,1,Quality Issue
RET008868,ORD0100183,P0100,2024-03-27,3,Quality Issue
RET008869,ORD0100197,P0162,2024-12-17,1,Customer Changed Mind
RET008870,ORD0100203,P0076,2023-03-09,1,Customer Changed Mind
RET008871,ORD0100204,P0077,2023-03-22,2,Customer Changed Mind
RET008872,ORD0100217,P0085,2023-11-04,1,Damaged in Transit
RET008873,ORD9999999,P0004,2024-04-27,1,Damaged in Transit
RET008874,ORD0100227,P0074,2024-07-17,4,Wrong Item Delivered
RET008875,ORD0100241,P0168,2024-01-17,1,Quality Issue
RET008876,ORD0100259,P0193,2023-09-30,6,Other
RET008877,ORD0100263,P0043,2024-01-07,86,Damaged in Transit
RET008878,ORD0100275,P0042,2023-02-17,1,Damaged in Transit
RET008879,ORD0100277,P0198,2023-03-17,1,Customer Changed Mind
RET008880,ORD0100325,P0011,2024-06-11,30,Wrong Item Delivered
RET008881,ORD0100325,P0191,2024-06-01,7,Wrong Item Delivered
RET008882,ORD0100328,P0159,2024-07-22,26,Late Delivery
RET008883,ORD0100338,P0184,2023-05-05,248,Other
RET008884,ORD0100345,P0028,2024-06-04,106,Damaged in Transit
RET008885,ORD0100363,P0044,2023-07-24,1,Late Delivery
RET008886,ORD0100370,P0121,2023-10-08,2,Customer Changed Mind
RET008887,ORD0100373,P0166,2023-11-04,1,Damaged in Transit
RET008888,ORD0100386,P0024,2024-11-26,4,Customer Changed Mind
RET008889,ORD0100390,P0027,2023-03-16,1,Damaged in Transit
RET008890,ORD0100400,P0103,2023-11-22,1,Quality Issue
RET008891,ORD0100406,P0016,2024-03-10,1,Quality Issue
RET008892,ORD0100414,P0047,2024-09-12,1,Damaged in Transit
RET008893,ORD0100421,P0080,2024-11-20,1,Quality Issue
RET008894,ORD0100474,P0047,2024-10-20,1,Wrong Item Delivered
RET008895,ORD0100474,P0043,2024-11-03,1,Wrong Item Delivered
RET008896,ORD0100498,P0106,2023-06-29,1,Damaged in Transit
RET008897,ORD0100504,P0053,2024-01-31,1,Quality Issue
RET008898,ORD0100508,P0064,2024-04-12,3,Quality Issue
RET008899,ORD0100510,P0193,2024-08-18,1,Other
RET008900,ORD0100515,P0151,2024-12-09,1,Other
RET008901,ORD0100533,P0020,2024-11-27,1,Other
RET008902,ORD0100537,P0064,2023-02-15,1,Other
RET008903,ORD0100544,P0110,2023-07-05,1,Damaged in Transit
RET008904,ORD0100545,P0122,2023-07-15,1,Wrong Item Delivered
RET008905,ORD0100555,P0036,2023-11-19,1,Damaged in Transit
RET008906,ORD0100565,P0190,2024-08-07,1,Other
RET008907,ORD0100571,P0023,2024-11-19,1,Customer Changed Mind
RET008908,ORD0100581,P0198,2023-10-05,2,Customer Changed Mind
RET008909,ORD0100597,P0038,2024-12-25,2,Wrong Item Delivered
RET008910,ORD0100599,P0082,2024-12-15,2,Damaged in Transit
RET008911,ORD0100599,P0190,2024-12-19,1,Damaged in Transit
RET008912,ORD0100610,P0085,2023-11-18,2,Other
RET008913,ORD0100635,P0010,2024-01-15,1,Quality Issue
RET008914,ORD0100646,P0157,2023-06-16,2,Customer Changed Mind
RET008915,ORD0100650,P0124,2023-07-25,3,Late Delivery
RET008916,ORD0100670,P0029,2023-02-16,1,Customer Changed Mind
RET008917,ORD0100685,P0013,2023-10-30,1,Wrong Item Delivered
RET008918,ORD0100691,P0078,2024-02-29,1,Customer Changed Mind
RET008919,ORD0100698,P0061,2024-07-21,1,Wrong Item Delivered
RET008920,ORD0100707,P0106,2024-11-24,1,Damaged in Transit
RET008921,ORD0100719,P0165,2023-08-12,1,Other
RET008922,ORD0100724,P0129,2023-10-25,3,Customer Changed Mind
RET008923,ORD0100739,P0063,2023-01-21,53,Quality Issue
RET008924,ORD0100757,P0049,2023-06-29,1,Customer Changed Mind
RET008925,ORD0100805,P0013,2023-03-23,1,Wrong Item Delivered
RET008926,ORD0100827,P0093,2024-07-10,1,Quality Issue
RET008927,ORD0100843,P0106,2023-06-26,2,Damaged in Transit
RET008928,ORD0100873,P0084,2023-04-22,4,Wrong Item Delivered
RET008929,ORD0100881,P0050,2023-12-19,2,Quality Issue
RET008930,ORD0100924,P0061,2024-12-29,1,Quality Issue
RET008931,ORD0100925,P0016,2023-03-19,1,Wrong Item Delivered
RET008932,ORD0100925,P0195,2023-03-24,2,Other
RET008933,ORD0100935,P0186,2023-08-26,1,Damaged in Transit
RET008934,ORD0100967,P0075,2024-07-21,117,Quality Issue
RET008935,ORD0100978,P0191,2024-01-30,18,Late Delivery
RET008936,ORD0100979,P0200,2024-03-19,64,Customer Changed Mind
RET008937,ORD0100989,P0154,2024-01-06,167,Quality Issue
RET008938,ORD0100996,P0194,2024-12-22,111,Damaged in Transit
RET008939,ORD0100997,P0101,2023-04-01,1,Wrong Item Delivered
RET008940,ORD0100997,P0143,2023-03-25,5,Wrong Item Delivered
RET008941,ORD0101013,P0058,2023-12-19,1,Wrong Item Delivered
RET008942,ORD0101023,P0146,2024-12-30,1,Customer Changed Mind
RET008943,ORD0101048,P0179,2024-02-04,1,Late Delivery
RET008944,ORD0101103,P0177,2023-03-01,3,Quality Issue
RET008945,ORD0101114,P0132,2024-03-14,3,Customer Changed Mind
RET008946,ORD0101117,P0054,2024-05-23,3,Quality Issue
RET008947,ORD0101147,P0196,2024-04-22,1,Customer Changed Mind
RET008948,ORD0101164,P0165,2023-04-26,3,Customer Changed Mind
RET008949,ORD0101165,P0152,2023-06-02,4,Quality Issue
RET008950,ORD0101180,P0182,2023-04-24,9,Customer Changed Mind
RET008951,ORD0101182,P0162,2023-06-06,2,Wrong Item Delivered
RET008952,ORD0101184,P0183,2023-07-20,12,Damaged in Transit
RET008953,ORD0101197,P0187,2024-12-30,3,Customer Changed Mind
RET008954,ORD0101205,P0036,2023-11-11,221,Customer Changed Mind
RET008955,ORD0101206,P0054,2023-11-05,118,Customer Changed Mind
RET008956,ORD0101219,P0196,2023-05-28,183,Damaged in Transit
RET008957,ORD0101231,P0183,2023-01-31,1,Wrong Item Delivered
RET008958,ORD0101238,P0103,2023-07-16,1,Quality Issue
RET008959,ORD0101248,P0123,2024-03-29,1,Customer Changed Mind
RET008960,ORD0101251,P0085,2024-05-16,1,Quality Issue
RET008961,ORD0101258,P0132,2024-09-05,1,Other
RET008962,ORD0101264,P0098,2023-01-22,37,Wrong Item Delivered
RET008963,ORD0101276,P0146,2024-01-14,34,Damaged in Transit
RET008964,ORD0101290,P0176,2023-03-16,2,Quality Issue
RET008965,ORD0101291,P0079,2023-03-30,1,Other
RET008966,ORD0101304,P0031,2024-04-17,3,Damaged in Transit
RET008967,ORD0101307,P0087,2024-10-13,2,Quality Issue
RET008968,ORD0101355,P0059,2024-10-23,1,Customer Changed Mind
RET008969,ORD0101356,P0032,2024-11-25,1,Customer Changed Mind
RET008970,ORD0101359,P0048,2023-03-08,1,Wrong Item Delivered
RET008971,ORD0101366,P0023,2023-06-13,2,Quality Issue
RET008972,ORD0101381,P0114,2024-05-28,2,Customer Changed Mind
RET008973,ORD0101384,P0168,2024-06-22,1,Customer Changed Mind
RET008974,ORD0101412,P0088,2024-08-11,1,Quality Issue
RET008975,ORD0101451,P0186,2024-07-26,34,Customer Changed Mind
RET008976,ORD0101475,P0092,2024-09-22,1,Quality Issue
RET008977,ORD0101522,P0060,2024-11-04,1,Wrong Item Delivered
RET008978,ORD0101528,P0094,2023-04-01,2,Wrong Item Delivered
RET008979,ORD0101566,P0154,2024-02-18,1,Customer Changed Mind
RET008980,ORD0101596,P0010,2023-02-04,76,Wrong Item Delivered
RET008981,ORD0101599,P0079,2023-12-23,129,Damaged in Transit
RET008982,ORD0101620,P0004,2024-07-20,3,Damaged in Transit
RET008983,ORD0101664,P0133,2024-01-03,3,Quality Issue
RET008984,ORD0101673,P0194,2024-08-10,3,Damaged in Transit
RET008985,ORD0101675,P0032,2024-09-06,1,Damaged in Transit
RET008986,ORD0101683,P0140,2023-01-22,1,Late Delivery
RET008987,ORD0101688,P0122,2023-11-07,1,Damaged in Transit
RET008988,ORD0101697,P0013,2024-09-14,1,Customer Changed Mind
RET008989,ORD0101703,P0172,2024-11-30,2,Damaged in Transit
RET008990,ORD0101707,P0023,2023-06-07,23,Customer Changed Mind
RET008991,ORD0101711,P0061,2023-11-10,12,Damaged in Transit
RET008992,ORD0101738,P0047,2024-05-27,18,Wrong Item Delivered
RET008993,ORD0101746,P0194,2023-05-17,2,Quality Issue
RET008994,ORD0101755,P0095,2023-10-03,1,Wrong Item Delivered
RET008995,ORD0101757,P0086,2023-10-15,1,Wrong Item Delivered
RET008996,ORD0101770,P0128,2024-08-23,1,Quality Issue
RET008997,ORD0101803,P0133,2024-03-02,2,Quality Issue
RET008998,ORD0101808,P0179,2024-05-14,1,Damaged in Transit
RET008999,ORD0101810,P0100,2024-08-13,2,Customer Changed Mind
RET009000,ORD0101817,P0138,2024-10-30,1,Customer Changed Mind
RET009001,ORD0101820,P0159,2024-12-17,1,Quality Issue
RET009002,ORD0101837,P0196,2024-09-25,21,Customer Changed Mind
RET009003,ORD0101839,P0027,2023-01-28,2,Quality Issue
RET009004,ORD0101850,P0090,2023-12-16,1,Quality Issue
RET009005,ORD0101872,P0061,2023-05-01,1,Customer Changed Mind
RET009006,ORD0101911,P0044,2024-12-13,2,Quality Issue
RET009007,ORD0101922,P0085,2023-12-23,32,Quality Issue
RET009008,ORD0101934,P0126,2023-03-15,2,Damaged in Transit
RET009009,ORD0101940,P0106,2024-01-20,4,Quality Issue
RET009010,ORD0101973,P0107,2024-06-08,3,Customer Changed Mind
RET009011,ORD0101978,P0078,2024-12-20,1,Damaged in Transit
RET009012,ORD0101984,P0186,2024-02-16,64,Wrong Item Delivered
RET009013,ORD0101994,P0140,2024-12-18,25,Customer Changed Mind
RET009014,ORD0102023,P0183,2024-03-03,1,Customer Changed Mind
RET009015,ORD0102028,P0132,2024-05-15,1,Late Delivery
RET009016,ORD0102031,P0062,2024-07-03,2,Quality Issue
RET009017,ORD0102042,P0007,2023-03-17,2,Other
RET009018,ORD0102045,P0122,2023-07-10,4,Damaged in Transit
RET009019,ORD0102049,P0173,2023-10-30,1,Quality Issue
RET009020,ORD0102066,P0108,2024-11-08,1,Late Delivery
RET009021,ORD0102090,P0095,2023-01-21,1,Damaged in Transit
RET009022,ORD0102094,P0101,2023-03-17,1,Customer Changed Mind
RET009023,ORD0102100,P0152,2023-06-19,1,Wrong Item Delivered
RET009024,ORD0102103,P0131,2023-07-25,2,Customer Changed Mind
RET009025,ORD0102104,P0195,2023-08-07,1,Wrong Item Delivered
RET009026,ORD0102114,P0007,2023-12-13,1,Wrong Item Delivered
RET009027,ORD0102142,P0173,2023-06-21,1,Other
RET009028,ORD0102149,P0170,2023-09-27,1,Wrong Item Delivered
RET009029,ORD0102151,P0157,2023-11-25,1,Late Delivery
RET009030,ORD0102159,P0048,2024-04-01,1,Late Delivery
RET009031,ORD0102162,P0091,2024-05-05,1,Damaged in Transit
RET009032,ORD0102196,P0042,2023-12-17,65,Wrong Item Delivered
RET009033,ORD0102202,P0027,2024-09-29,4,Customer Changed Mind
RET009034,ORD0102207,P0044,2023-02-25,1,Late Delivery
RET009035,ORD0102213,P0041,2023-11-19,1,Late Delivery
RET009036,ORD0102214,P0159,2024-01-03,1,Customer Changed Mind
RET009037,ORD0102232,P0188,2024-10-29,2,Other
RET009038,ORD0102236,P0174,2023-03-31,14,Customer Changed Mind
RET009039,ORD0102239,P0101,2023-08-30,56,Customer Changed Mind
RET009040,ORD0102256,P0189,2023-10-13,8,Quality Issue
RET009041,ORD0102264,P0077,2023-05-02,21,Customer Changed Mind
RET009042,ORD0102268,P0120,2024-04-13,5,Customer Changed Mind
RET009043,ORD9999999,P0005,2023-01-22,1,Damaged in Transit
RET009044,ORD0102295,P0122,2024-05-05,2,Wrong Item Delivered
RET009045,ORD0102323,P0077,2023-04-03,1,Damaged in Transit
RET009046,ORD0102343,P0078,2024-06-03,1,Quality Issue
RET009047,ORD0102358,P0024,2023-08-15,34,Quality Issue
RET009048,ORD0102378,P0061,2023-05-10,1,Damaged in Transit
RET009049,ORD0102381,P0039,2023-09-22,1,Wrong Item Delivered
RET009050,ORD0102389,P0029,2024-03-31,1,Quality Issue
RET009051,ORD0102403,P0094,2023-02-17,2,Customer Changed Mind
RET009052,ORD0102416,P0114,2024-06-07,1,Wrong Item Delivered
RET009053,ORD0102417,P0051,2024-05-26,1,Late Delivery
RET009054,ORD0102424,P0182,2024-11-06,1,Damaged in Transit
RET009055,ORD0102433,P0184,2023-11-19,268,Damaged in Transit
RET009056,ORD0102454,P0052,2024-01-29,1,Damaged in Transit
RET009057,ORD0102456,P0162,2024-02-14,1,Customer Changed Mind
RET009058,ORD0102459,P0127,2024-03-07,1,Damaged in Transit
RET009059,ORD0102499,P0169,2024-04-27,22,Late Delivery
RET009060,ORD0102512,P0048,2023-07-23,1,Wrong Item Delivered
RET009061,ORD0102528,P0165,2024-06-12,1,Customer Changed Mind
RET009062,ORD0102543,P0165,2024-11-30,1,Quality Issue
RET009063,ORD0102558,P0195,2024-03-25,1,Other
RET009064,ORD0102563,P0144,2024-08-11,1,Other
RET009065,ORD0102567,P0101,2024-08-14,5,Wrong Item Delivered
RET009066,ORD0102577,P0107,2023-03-07,1,Damaged in Transit
RET009067,ORD0102585,P0036,2023-05-26,1,Late Delivery
RET009068,ORD0102591,P0029,2023-07-28,1,Damaged in Transit
RET009069,ORD0102596,P0078,2023-10-14,1,Wrong Item Delivered
RET009070,ORD0102626,P0187,2023-03-04,2,Wrong Item Delivered
RET009071,ORD0102635,P0159,2023-11-22,5,Damaged in Transit
RET009072,ORD0102643,P0066,2024-04-29,1,Wrong Item Delivered
RET009073,ORD0102650,P0124,2024-08-22,1,Other
RET009074,ORD0102651,P0039,2024-09-01,2,Quality Issue
RET009075,ORD0102651,P0027,2024-09-05,1,Customer Changed Mind
RET009076,ORD0102664,P0042,2023-06-15,1,Wrong Item Delivered
RET009077,ORD0102664,P0031,2023-06-12,3,Damaged in Transit
RET009078,ORD0102677,P0159,2024-07-02,2,Customer Changed Mind
RET009079,ORD0102686,P0107,2023-02-28,3,Late Delivery
RET009080,ORD0102695,P0126,2023-11-06,3,Other
RET009081,ORD0102708,P0015,2024-09-21,1,Damaged in Transit
RET009082,ORD0102722,P0149,2024-08-01,55,Damaged in Transit
RET009083,ORD0102730,P0079,2023-06-13,2,Customer Changed Mind
RET009084,ORD0102732,P0085,2023-07-16,1,Damaged in Transit
RET009085,ORD0102735,P0176,2023-08-23,1,Quality Issue
RET009086,ORD0102740,P0016,2024-02-15,1,Wrong Item Delivered
RET009087,ORD0102749,P0183,2024-06-29,1,Customer Changed Mind
RET009088,ORD0102749,P0086,2024-06-26,1,Customer Changed Mind
RET009089,ORD0102771,P0131,2023-01-22,2,Customer Changed Mind
RET009090,ORD0102781,P0114,2023-11-23,1,Quality Issue
RET009091,ORD0102784,P0020,2023-11-20,1,Damaged in Transit
RET009092,ORD0102800,P0165,2024-08-18,1,Quality Issue
RET009093,ORD0102800,P0160,2024-08-16,1,Late Delivery
RET009094,ORD0102814,P0136,2023-06-14,1,Damaged in Transit
RET009095,ORD0102816,P0107,2023-07-22,1,Damaged in Transit
RET009096,ORD0102816,P0003,2023-07-27,1,Customer Changed Mind
RET009097,ORD0102822,P0126,2023-09-05,1,Late Delivery
RET009098,ORD0102823,P0014,2023-09-27,2,Damaged in Transit
RET009099,ORD0102824,P0152,2023-09-28,1,Quality Issue
RET009100,ORD0102825,P0025,2023-11-18,1,Damaged in Transit
RET009101,ORD0102843,P0047,2024-09-15,1,Damaged in Transit
RET009102,ORD0102878,P0050,2023-04-13,1,Customer Changed Mind
RET009103,ORD0102883,P0018,2023-07-23,1,Quality Issue
RET009104,ORD0102910,P0069,2024-12-18,1,Damaged in Transit
RET009105,ORD0102957,P0032,2023-07-30,1,Customer Changed Mind
RET009106,ORD0102959,P0159,2023-09-01,2,Wrong Item Delivered
RET009107,ORD0102959,P0001,2023-08-17,4,Wrong Item Delivered
RET009108,ORD0102964,P0092,2023-10-02,1,Wrong Item Delivered
RET009109,ORD0102964,P0091,2023-10-05,1,Wrong Item Delivered
RET009110,ORD0102983,P0055,2024-01-28,6,Wrong Item Delivered
RET009111,ORD0102985,P0183,2024-03-19,64,Wrong Item Delivered
RET009112,ORD0102988,P0003,2024-05-27,84,Other
RET009113,ORD0103003,P0149,2023-09-20,1,Damaged in Transit
RET009114,ORD0103011,P0181,2024-07-15,2,Quality Issue
RET009115,ORD0103029,P0177,2024-03-29,2,Wrong Item Delivered
RET009116,ORD0103040,P0013,2024-12-07,1,Customer Changed Mind
RET009117,ORD0103050,P0015,2023-03-24,1,Damaged in Transit
RET009118,ORD0103081,P0126,2024-10-25,1,Wrong Item Delivered
RET009119,ORD0103093,P0111,2024-06-26,165,Damaged in Transit
RET009120,ORD0103095,P0008,2024-10-04,223,Customer Changed Mind
RET009121,ORD0103111,P0044,2024-08-19,15,Quality Issue
RET009122,ORD0103147,P0137,2023-10-08,1,Wrong Item Delivered
RET009123,ORD0103151,P0083,2024-01-15,1,Damaged in Transit
RET009124,ORD0103155,P0123,2024-03-04,1,Customer Changed Mind
RET009125,ORD0103163,P0036,2024-08-28,1,Quality Issue
RET009126,ORD0103172,P0087,2024-12-28,1,Damaged in Transit
RET009127,ORD0103173,P0083,2024-12-27,1,Wrong Item Delivered
RET009128,ORD0103198,P0189,2024-02-07,1,Quality Issue
RET009129,ORD0103205,P0050,2024-06-22,1,Customer Changed Mind
RET009130,ORD0103207,P0174,2024-08-22,1,Quality Issue
RET009131,ORD0103214,P0062,2024-11-21,1,Damaged in Transit
RET009132,ORD0103214,P0004,2024-11-30,2,Damaged in Transit
RET009133,ORD0103236,P0122,2024-05-06,1,Damaged in Transit
RET009134,ORD0103241,P0024,2024-09-07,2,Quality Issue
RET009135,ORD0103250,P0037,2023-06-16,1,Damaged in Transit
RET009136,ORD0103254,P0028,2023-08-21,1,Damaged in Transit
RET009137,ORD0103257,P0198,2023-10-23,1,Late Delivery
RET009138,ORD0103262,P0008,2023-12-15,1,Wrong Item Delivered
RET009139,ORD0103270,P0144,2024-03-20,1,Quality Issue
RET009140,ORD0103283,P0037,2024-11-26,1,Customer Changed Mind
RET009141,ORD0103300,P0107,2023-09-02,1,Other
RET009142,ORD0103320,P0196,2024-06-21,1,Wrong Item Delivered
RET009143,ORD0103322,P0168,2024-08-28,2,Damaged in Transit
RET009144,ORD0103328,P0041,2024-10-31,1,Late Delivery
RET009145,ORD0103337,P0101,2023-05-03,1,Late Delivery
RET009146,ORD0103365,P0162,2024-07-19,1,Customer Changed Mind
RET009147,ORD0103376,P0142,2024-12-08,1,Wrong Item Delivered
RET009148,ORD0103392,P0166,2023-11-04,1,Customer Changed Mind
RET009149,ORD0103393,P0131,2023-12-16,1,Quality Issue
RET009150,ORD0103408,P0116,2024-07-17,1,Quality Issue
RET009151,ORD0103433,P0115,2023-10-21,1,Wrong Item Delivered
RET009152,ORD0103435,P0076,2023-12-26,1,Quality Issue
RET009153,ORD0103440,P0050,2024-06-09,1,Quality Issue
RET009154,ORD0103462,P0165,2023-08-21,1,Customer Changed Mind
RET009155,ORD0103473,P0101,2024-03-13,4,Quality Issue
RET009156,ORD0103486,P0006,2023-06-21,153,Quality Issue
RET009157,ORD0103489,P0050,2023-10-06,111,Customer Changed Mind
RET009158,ORD0103490,P0044,2024-01-29,40,Customer Changed Mind
RET009159,ORD0103492,P0111,2024-04-27,79,Late Delivery
RET009160,ORD0103528,P0152,2024-08-18,4,Wrong Item Delivered
RET009161,ORD0103538,P0079,2023-04-09,2,Late Delivery
RET009162,ORD0103546,P0083,2023-08-10,1,Quality Issue
RET009163,ORD0103560,P0111,2024-03-05,1,Other
RET009164,ORD0103567,P0168,2024-06-25,2,Customer Changed Mind
RET009165,ORD0103577,P0116,2023-04-03,1,Quality Issue
RET009166,ORD0103578,P0074,2023-04-29,1,Other
RET009167,ORD0103587,P0142,2024-03-30,1,Quality Issue
RET009168,ORD0103608,P0166,2023-05-02,12,Customer Changed Mind
RET009169,ORD0103609,P0037,2023-07-10,7,Damaged in Transit
RET009170,ORD0103629,P0079,2023-09-26,8,Other
RET009171,ORD0103655,P0068,2024-02-15,1,Damaged in Transit
RET009172,ORD0103656,P0008,2024-03-20,1,Wrong Item Delivered
RET009173,ORD0103686,P0029,2024-04-15,1,Damaged in Transit
RET009174,ORD0103695,P0008,2023-04-18,1,Damaged in Transit
RET009175,ORD0103695,P0168,2023-04-15,1,Damaged in Transit
RET009176,ORD0103711,P0196,2023-10-13,1,Other
RET009177,ORD0103712,P0137,2023-10-23,1,Quality Issue
RET009178,ORD0103717,P0166,2023-11-29,1,Wrong Item Delivered
RET009179,ORD0103744,P0123,2023-02-12,8,Other
RET009180,ORD0103755,P0120,2024-10-12,32,Quality Issue
RET009181,ORD0103766,P0031,2023-01-25,1,Damaged in Transit
RET009182,ORD0103768,P0084,2023-03-13,2,Late Delivery
RET009183,ORD0103779,P0112,2023-11-05,5,Late Delivery
RET009184,ORD0103789,P0179,2024-08-20,2,Quality Issue
RET009185,ORD0103790,P0169,2024-08-11,1,Wrong Item Delivered
RET009186,ORD0103791,P0029,2024-09-10,1,Quality Issue
RET009187,ORD0103797,P0095,2023-03-13,163,Customer Changed Mind
RET009188,ORD0103798,P0141,2023-04-13,22,Other
RET009189,ORD0103800,P0068,2023-08-12,44,Customer Changed Mind
RET009190,ORD0103804,P0132,2024-05-29,116,Late Delivery
RET009191,ORD0103815,P0108,2023-03-24,1,Customer Changed Mind
RET009192,ORD0103816,P0052,2023-04-09,2,Customer Changed Mind
RET009193,ORD0103818,P0050,2023-05-11,1,Damaged in Transit
RET009194,ORD0103820,P0092,2023-05-28,1,Late Delivery
RET009195,ORD0103822,P0179,2023-06-20,1,Damaged in Transit
RET009196,ORD0103861,P0093,2023-04-06,2,Quality Issue
RET009197,ORD0103880,P0172,2023-02-02,1,Damaged in Transit
RET009198,ORD0103887,P0192,2023-03-12,1,Wrong Item Delivered
RET009199,ORD0103899,P0182,2023-06-05,1,Quality Issue
RET009200,ORD0103900,P0039,2023-06-21,2,Customer Changed Mind
RET009201,ORD0103914,P0122,2024-03-10,1,Damaged in Transit
RET009202,ORD0103918,P0049,2024-05-27,1,Customer Changed Mind
RET009203,ORD0103925,P0085,2024-12-26,1,Customer Changed Mind
RET009204,ORD0103931,P0157,2023-04-16,3,Other
RET009205,ORD0103938,P0027,2023-12-16,1,Other
RET009206,ORD0103946,P0029,2024-06-22,3,Quality Issue
RET009207,ORD0103950,P0047,2024-11-20,1,Wrong Item Delivered
RET009208,ORD0103953,P0036,2023-02-17,1,Damaged in Transit
RET009209,ORD0103956,P0077,2023-04-25,1,Wrong Item Delivered
RET009210,ORD0103956,P0135,2023-04-14,1,Wrong Item Delivered
RET009211,ORD0103961,P0094,2023-06-17,1,Late Delivery
RET009212,ORD0103977,P0111,2023-06-03,1,Quality Issue
RET009213,ORD0103994,P0098,2024-09-07,2,Wrong Item Delivered
RET009214,ORD0104028,P0186,2023-03-08,3,Customer Changed Mind
RET009215,ORD0104072,P0052,2024-10-22,233,Wrong Item Delivered
RET009216,ORD0104080,P0110,2023-05-23,1,Wrong Item Delivered
RET009217,ORD0104092,P0139,2023-12-31,1,Quality Issue
RET009218,ORD0104119,P0054,2024-05-12,2,Wrong Item Delivered
RET009219,ORD0104127,P0152,2023-01-23,2,Late Delivery
RET009220,ORD0104130,P0052,2023-03-04,1,Damaged in Transit
RET009221,ORD0104155,P0032,2024-05-14,3,Customer Changed Mind
RET009222,ORD9999999,P0074,2024-08-31,27,Customer Changed Mind
RET009223,ORD0104164,P0154,2024-10-03,6,Quality Issue
RET009224,ORD0104171,P0025,2023-04-09,215,Quality Issue
RET009225,ORD0104176,P0187,2023-11-27,74,Damaged in Transit
RET009226,ORD0104176,P0179,2023-11-23,38,Damaged in Transit
RET009227,ORD0104182,P0093,2024-09-30,132,Quality Issue
RET009228,ORD0104194,P0107,2023-03-01,2,Wrong Item Delivered
RET009229,ORD0104195,P0004,2023-04-23,2,Damaged in Transit
RET009230,ORD0104197,P0127,2023-06-01,2,Damaged in Transit
RET009231,ORD0104204,P0114,2023-08-13,1,Wrong Item Delivered
RET009232,ORD0104222,P0044,2024-10-27,1,Quality Issue
RET009233,ORD0104233,P0157,2023-03-26,26,Wrong Item Delivered
RET009234,ORD0104294,P0027,2023-12-18,1,Damaged in Transit
RET009235,ORD0104295,P0043,2023-12-31,1,Customer Changed Mind
RET009236,ORD0104298,P0182,2024-01-15,1,Wrong Item Delivered
RET009237,ORD0104328,P0083,2023-07-30,1,Wrong Item Delivered
RET009238,ORD0104329,P0133,2023-08-17,1,Wrong Item Delivered
RET009239,ORD0104334,P0121,2023-11-24,1,Damaged in Transit
RET009240,ORD0104339,P0027,2024-03-23,2,Quality Issue
RET009241,ORD0104340,P0184,2024-03-28,1,Late Delivery
RET009242,ORD0104348,P0087,2024-08-14,1,Wrong Item Delivered
RET009243,ORD0104388,P0015,2024-03-28,2,Other
RET009244,ORD0104388,P0029,2024-04-02,2,Damaged in Transit
RET009245,ORD0104394,P0131,2024-05-29,1,Late Delivery
RET009246,ORD0104395,P0159,2024-06-19,2,Wrong Item Delivered
RET009247,ORD0104398,P0144,2024-08-06,1,Wrong Item Delivered
RET009248,ORD0104417,P0044,2023-11-23,1,Late Delivery
RET009249,ORD0104419,P0044,2024-01-17,2,Damaged in Transit
RET009250,ORD0104423,P0121,2024-06-04,3,Other
RET009251,ORD0104464,P0048,2024-09-29,1,Wrong Item Delivered
RET009252,ORD0104475,P0085,2023-11-12,1,Damaged in Transit
RET009253,ORD0104542,P0048,2024-01-30,1,Wrong Item Delivered
RET009254,ORD0104556,P0110,2024-08-18,1,Wrong Item Delivered
RET009255,ORD0104561,P0127,2024-10-26,1,Customer Changed Mind
RET009256,ORD0104563,P0031,2024-11-24,2,Damaged in Transit
RET009257,ORD0104577,P0032,2024-02-05,1,Customer Changed Mind
RET009258,ORD0104591,P0165,2023-03-31,1,Other
RET009259,ORD0104592,P0089,2023-04-06,2,Customer Changed Mind
RET009260,ORD0104603,P0012,2024-01-10,1,Damaged in Transit
RET009261,ORD0104613,P0195,2024-06-11,1,Other
RET009262,ORD0104658,P0011,2023-02-21,1,Quality Issue
RET009263,ORD0104706,P0115,2024-04-10,277,Wrong Item Delivered
RET009264,ORD0104710,P0102,2024-06-20,177,Late Delivery
RET009265,ORD0104714,P0165,2024-11-21,148,Wrong Item Delivered
RET009266,ORD0104717,P0008,2023-06-29,2,Other
RET009267,ORD0104745,P0127,2023-09-16,1,Customer Changed Mind
RET009268,ORD0104747,P0163,2023-10-27,1,Customer Changed Mind
RET009269,ORD0104758,P0155,2024-10-13,1,Late Delivery
RET009270,ORD0104769,P0087,2023-03-24,87,Quality Issue
RET009271,ORD0104785,P0045,2023-03-17,2,Damaged in Transit
RET009272,ORD0104802,P0133,2024-04-26,1,Other
RET009273,ORD0104807,P0152,2024-09-02,1,Wrong Item Delivered
RET009274,ORD0104814,P0167,2023-03-19,1,Late Delivery
RET009275,ORD0104825,P0011,2024-05-24,1,Damaged in Transit
RET009276,ORD0104834,P0032,2023-03-10,1,Damaged in Transit
RET009277,ORD0104856,P0083,2024-12-09,1,Wrong Item Delivered
RET009278,ORD0104860,P0182,2023-03-03,2,Damaged in Transit
RET009279,ORD0104870,P0101,2023-10-22,1,Damaged in Transit
RET009280,ORD0104874,P0080,2023-12-11,1,Late Delivery
RET009281,ORD0104881,P0144,2024-04-03,1,Late Delivery
RET009282,ORD0104898,P0050,2024-12-02,1,Damaged in Transit
RET009283,ORD0104906,P0085,2023-05-10,258,Customer Changed Mind
RET009284,ORD0104918,P0111,2024-09-24,242,Customer Changed Mind
RET009285,ORD0104929,P0004,2023-08-01,2,Quality Issue
RET009286,ORD0104940,P0023,2024-02-20,1,Customer Changed Mind
RET009287,ORD0104946,P0090,2024-06-25,1,Customer Changed Mind
RET009288,ORD0104948,P0155,2024-07-31,2,Wrong Item Delivered
RET009289,ORD0104951,P0095,2024-12-25,1,Damaged in Transit
RET009290,ORD0105002,P0131,2024-10-21,1,Wrong Item Delivered
RET009291,ORD0105026,P0126,2023-09-27,181,Damaged in Transit
RET009292,ORD0105026,P0029,2023-10-03,49,Damaged in Transit
RET009293,ORD0105039,P0146,2023-05-05,1,Customer Changed Mind
RET009294,ORD0105043,P0105,2023-09-23,1,Wrong Item Delivered
RET009295,ORD0105044,P0154,2023-10-14,1,Customer Changed Mind
RET009296,ORD0105045,P0129,2023-10-14,1,Other
RET009297,ORD0105047,P0137,2023-11-18,1,Quality Issue
RET009298,ORD0105053,P0011,2024-02-12,1,Damaged in Transit
RET009299,ORD0105090,P0024,2024-02-22,1,Damaged in Transit
RET009300,ORD0105121,P0105,2024-05-15,2,Quality Issue
RET009301,ORD0105126,P0003,2024-10-23,2,Wrong Item Delivered
RET009302,ORD0105141,P0108,2024-03-27,1,Quality Issue
RET009303,ORD0105164,P0154,2024-04-04,33,Quality Issue
RET009304,ORD0105207,P0031,2023-11-09,1,Damaged in Transit
RET009305,ORD0105219,P0004,2024-06-26,1,Wrong Item Delivered
RET009306,ORD0105243,P0037,2024-04-29,1,Quality Issue
RET009307,ORD0105246,P0162,2024-07-23,1,Damaged in Transit
RET009308,ORD0105265,P0051,2023-08-28,1,Quality Issue
RET009309,ORD0105292,P0082,2023-04-06,1,Customer Changed Mind
RET009310,ORD0105293,P0127,2023-04-07,4,Wrong Item Delivered
RET009311,ORD0105306,P0029,2024-05-17,1,Late Delivery
RET009312,ORD0105313,P0150,2023-03-04,1,Customer Changed Mind
RET009313,ORD0105322,P0119,2024-05-12,3,Damaged in Transit
RET009314,ORD0105344,P0162,2024-02-05,52,Quality Issue
RET009315,ORD0105344,P0170,2024-02-20,166,Late Delivery
RET009316,ORD0105364,P0016,2023-11-17,1,Quality Issue
RET009317,ORD0105388,P0093,2023-05-22,2,Late Delivery
RET009318,ORD0105414,P0095,2024-12-15,1,Other
RET009319,ORD0105433,P0121,2023-08-03,1,Damaged in Transit
RET009320,ORD0105436,P0028,2023-08-28,1,Damaged in Transit
RET009321,ORD0105440,P0073,2023-08-26,1,Wrong Item Delivered
RET009322,ORD0105440,P0188,2023-08-22,1,Wrong Item Delivered
RET009323,ORD0105445,P0177,2024-03-11,2,Damaged in Transit
RET009324,ORD0105446,P0015,2024-04-20,1,Damaged in Transit
RET009325,ORD0105450,P0016,2024-07-08,1,Damaged in Transit
RET009326,ORD0105452,P0096,2024-07-28,1,Damaged in Transit
RET009327,ORD0105464,P0183,2023-03-13,1,Other
RET009328,ORD9999999,P0083,2023-08-08,2,Quality Issue
RET009329,ORD0105479,P0087,2023-12-29,1,Quality Issue
RET009330,ORD0105506,P0106,2023-07-15,1,Damaged in Transit
RET009331,ORD0105516,P0043,2024-02-13,1,Quality Issue
RET009332,ORD0105522,P0182,2024-06-02,2,Customer Changed Mind
RET009333,ORD0105559,P0095,2024-08-21,1,Damaged in Transit
RET009334,ORD0105566,P0103,2023-03-18,1,Late Delivery
RET009335,ORD0105570,P0182,2023-07-08,1,Quality Issue
RET009336,ORD0105572,P0031,2023-08-18,1,Wrong Item Delivered
RET009337,ORD0105575,P0122,2023-12-25,1,Wrong Item Delivered
RET009338,ORD0105581,P0168,2024-05-08,1,Other
RET009339,ORD0105598,P0043,2023-07-20,2,Other
RET009340,ORD0105626,P0110,2024-09-03,1,Damaged in Transit
RET009341,ORD0105636,P0078,2023-02-27,1,Wrong Item Delivered
RET009342,ORD0105638,P0084,2023-03-23,1,Wrong Item Delivered
RET009343,ORD0105643,P0131,2023-06-11,3,Wrong Item Delivered
RET009344,ORD0105672,P0126,2023-06-13,328,Customer Changed Mind
RET009345,ORD0105675,P0060,2024-01-18,70,Quality Issue
RET009346,ORD0105676,P0116,2024-06-16,29,Customer Changed Mind
RET009347,ORD0105692,P0008,2024-01-09,2,Customer Changed Mind
RET009348,ORD0105717,P0148,2023-12-10,1,Other
RET009349,ORD0105742,P0185,2023-03-19,1,Quality Issue
RET009350,ORD0105756,P0094,2023-09-30,1,Late Delivery
RET009351,ORD0105757,P0098,2023-11-20,1,Customer Changed Mind
RET009352,ORD0105789,P0049,2023-09-18,1,Quality Issue
RET009353,ORD0105789,P0062,2023-09-18,1,Late Delivery
RET009354,ORD0105808,P0034,2024-12-22,1,Customer Changed Mind
RET009355,ORD0105810,P0196,2024-12-25,1,Customer Changed Mind
RET009356,ORD0105816,P0026,2023-03-17,1,Late Delivery
RET009357,ORD0105817,P0044,2023-03-25,1,Damaged in Transit
RET009358,ORD0105823,P0172,2023-06-27,1,Late Delivery
RET009359,ORD0105831,P0182,2023-09-06,1,Other
RET009360,ORD0105833,P0147,2023-09-25,1,Damaged in Transit
RET009361,ORD0105839,P0140,2024-01-15,1,Damaged in Transit
RET009362,ORD0105846,P0146,2024-06-02,1,Late Delivery
RET009363,ORD0105849,P0003,2024-07-21,1,Customer Changed Mind
RET009364,ORD0105872,P0084,2023-06-29,4,Wrong Item Delivered
RET009365,ORD0105877,P0138,2023-10-27,1,Wrong Item Delivered
RET009366,ORD0105888,P0074,2024-09-20,1,Damaged in Transit
RET009367,ORD0105895,P0026,2023-01-30,68,Quality Issue
RET009368,ORD0105898,P0155,2023-07-08,100,Wrong Item Delivered
RET009369,ORD0105900,P0030,2023-09-10,45,Customer Changed Mind
RET009370,ORD0105902,P0021,2023-10-18,238,Damaged in Transit
RET009371,ORD0105903,P0140,2023-10-21,177,Customer Changed Mind
RET009372,ORD0105909,P0165,2023-01-24,2,Late Delivery
RET009373,ORD0105922,P0152,2023-07-12,2,Customer Changed Mind
RET009374,ORD0105944,P0046,2024-05-24,1,Customer Changed Mind
RET009375,ORD0105975,P0111,2023-12-12,2,Wrong Item Delivered
RET009376,ORD0105977,P0126,2024-01-02,1,Quality Issue
RET009377,ORD0105986,P0023,2024-08-31,1,Wrong Item Delivered
RET009378,ORD0105994,P0025,2024-12-31,1,Quality Issue
RET009379,ORD0105998,P0133,2023-05-26,38,Quality Issue
RET009380,ORD0106009,P0149,2024-04-10,94,Customer Changed Mind
RET009381,ORD0106019,P0049,2023-04-27,1,Wrong Item Delivered
RET009382,ORD0106031,P0161,2024-01-08,2,Customer Changed Mind
RET009383,ORD0106037,P0187,2024-08-08,1,Quality Issue
RET009384,ORD0106049,P0159,2023-04-28,1,Damaged in Transit
RET009385,ORD0106078,P0038,2024-11-25,1,Customer Changed Mind
RET009386,ORD0106119,P0125,2024-12-25,1,Customer Changed Mind
RET009387,ORD0106147,P0187,2023-05-07,2,Wrong Item Delivered
RET009388,ORD0106157,P0195,2023-11-11,1,Other
RET009389,ORD0106179,P0004,2023-04-16,1,Customer Changed Mind
RET009390,ORD0106179,P0125,2023-04-27,1,Late Delivery
RET009391,ORD0106246,P0072,2024-04-29,1,Damaged in Transit
RET009392,ORD0106246,P0037,2024-04-28,1,Damaged in Transit
RET009393,ORD0106253,P0036,2024-08-04,1,Damaged in Transit
RET009394,ORD0106259,P0058,2024-10-06,1,Wrong Item Delivered
RET009395,ORD0106273,P0181,2023-10-31,1,Wrong Item Delivered
RET009396,ORD0106277,P0006,2024-03-12,2,Customer Changed Mind
RET009397,ORD0106280,P0038,2024-06-21,1,Damaged in Transit
RET009398,ORD0106296,P0051,2023-11-13,156,Damaged in Transit
RET009399,ORD0106317,P0100,2024-01-09,1,Quality Issue
RET009400,ORD0106328,P0030,2024-11-08,1,Damaged in Transit
RET009401,ORD0106329,P0010,2024-12-27,2,Other
RET009402,ORD0106352,P0113,2024-02-14,1,Quality Issue
RET009403,ORD0106356,P0052,2024-03-27,2,Wrong Item Delivered
RET009404,ORD0106369,P0112,2024-08-15,1,Wrong Item Delivered
RET009405,ORD0106376,P0001,2024-11-18,1,Quality Issue
RET009406,ORD0106392,P0090,2023-07-02,1,Customer Changed Mind
RET009407,ORD0106394,P0004,2023-07-22,1,Quality Issue
RET009408,ORD0106416,P0100,2024-07-26,1,Customer Changed Mind
RET009409,ORD0106417,P0146,2024-09-23,1,Customer Changed Mind
RET009410,ORD0106423,P0012,2023-01-20,1,Customer Changed Mind
RET009411,ORD0106425,P0087,2023-03-02,2,Quality Issue
RET009412,ORD0106426,P0047,2023-04-05,1,Quality Issue
RET009413,ORD0106427,P0194,2023-04-09,1,Quality Issue
RET009414,ORD0106432,P0143,2023-06-28,1,Quality Issue
RET009415,ORD0106437,P0089,2023-10-07,1,Late Delivery
RET009416,ORD0106439,P0197,2023-11-07,1,Wrong Item Delivered
RET009417,ORD0106454,P0031,2024-09-18,1,Wrong Item Delivered
RET009418,ORD0106477,P0136,2023-11-26,1,Customer Changed Mind
RET009419,ORD9999999,P0007,2024-03-08,1,Damaged in Transit
RET009420,ORD0106484,P0016,2024-03-13,2,Damaged in Transit
RET009421,ORD0106485,P0026,2024-04-05,1,Customer Changed Mind
RET009422,ORD0106487,P0031,2024-06-23,1,Wrong Item Delivered
RET009423,ORD0106493,P0138,2024-10-22,1,Damaged in Transit
RET009424,ORD0106493,P0191,2024-11-04,1,Damaged in Transit
RET009425,ORD0106498,P0003,2023-06-16,247,Customer Changed Mind
RET009426,ORD0106500,P0127,2023-10-24,17,Wrong Item Delivered
RET009427,ORD0106512,P0182,2023-05-15,1,Wrong Item Delivered
RET009428,ORD0106523,P0048,2024-04-07,1,Damaged in Transit
RET009429,ORD0106538,P0001,2023-09-27,2,Wrong Item Delivered
RET009430,ORD0106556,P0169,2024-09-28,2,Wrong Item Delivered
RET009431,ORD0106567,P0130,2023-12-15,322,Wrong Item Delivered
RET009432,ORD0106569,P0050,2024-05-03,25,Other
RET009433,ORD0106592,P0023,2023-12-08,1,Quality Issue
RET009434,ORD0106632,P0047,2024-07-14,190,Late Delivery
RET009435,ORD0106633,P0029,2024-08-28,251,Damaged in Transit
RET009436,ORD0106634,P0079,2024-11-02,8,Customer Changed Mind
RET009437,ORD0106666,P0157,2024-01-29,3,Wrong Item Delivered
RET009438,ORD0106696,P0047,2023-05-09,1,Damaged in Transit
RET009439,ORD0106710,P0037,2024-07-25,2,Wrong Item Delivered
RET009440,ORD0106721,P0142,2023-03-10,10,Quality Issue
RET009441,ORD0106728,P0113,2024-04-28,6,Wrong Item Delivered
RET009442,ORD0106762,P0015,2024-01-27,1,Damaged in Transit
RET009443,ORD0106771,P0068,2024-07-02,1,Customer Changed Mind
RET009444,ORD0106774,P0182,2024-10-17,2,Damaged in Transit
RET009445,ORD0106796,P0170,2024-02-18,1,Other
RET009446,ORD0106829,P0179,2023-09-29,1,Late Delivery
RET009447,ORD0106850,P0116,2023-02-21,1,Damaged in Transit
RET009448,ORD0106850,P0200,2023-03-09,1,Damaged in Transit
RET009449,ORD0106855,P0068,2023-03-11,2,Wrong Item Delivered
RET009450,ORD0106872,P0166,2024-03-16,2,Damaged in Transit
RET009451,ORD0106878,P0196,2024-04-25,1,Wrong Item Delivered
RET009452,ORD0106878,P0187,2024-04-21,1,Wrong Item Delivered
RET009453,ORD0106888,P0168,2024-11-04,1,Customer Changed Mind
RET009454,ORD0106940,P0183,2023-08-03,1,Damaged in Transit
RET009455,ORD0106941,P0014,2023-08-26,1,Quality Issue
RET009456,ORD0106957,P0129,2024-05-30,1,Damaged in Transit
RET009457,ORD0106961,P0192,2024-07-18,1,Wrong Item Delivered
RET009458,ORD0106964,P0161,2024-09-08,1,Damaged in Transit
RET009459,ORD0106999,P0015,2024-12-23,3,Quality Issue
RET009460,ORD0107000,P0137,2024-12-13,1,Wrong Item Delivered
RET009461,ORD0107014,P0022,2023-08-29,1,Customer Changed Mind
RET009462,ORD0107037,P0108,2024-10-04,1,Customer Changed Mind
RET009463,ORD0107053,P0004,2023-08-03,1,Damaged in Transit
RET009464,ORD0107055,P0183,2023-09-07,1,Customer Changed Mind
RET009465,ORD0107056,P0111,2023-09-05,1,Damaged in Transit
RET009466,ORD0107057,P0122,2023-10-05,1,Wrong Item Delivered
RET009467,ORD0107061,P0087,2024-01-20,1,Quality Issue
RET009468,ORD0107074,P0087,2024-10-11,1,Wrong Item Delivered
RET009469,ORD0107077,P0192,2024-11-08,1,Other
RET009470,ORD0107093,P0111,2023-09-19,2,Customer Changed Mind
RET009471,ORD0107118,P0122,2023-05-27,1,Damaged in Transit
RET009472,ORD0107119,P0107,2023-06-18,1,Wrong Item Delivered
RET009473,ORD0107137,P0165,2023-12-26,2,Damaged in Transit
RET009474,ORD0107138,P0183,2024-01-14,1,Wrong Item Delivered
RET009475,ORD0107147,P0170,2024-08-31,1,Customer Changed Mind
RET009476,ORD0107152,P0135,2024-11-20,1,Damaged in Transit
RET009477,ORD0107161,P0050,2023-07-01,156,Quality Issue
RET009478,ORD0107176,P0016,2024-12-16,20,Late Delivery
RET009479,ORD0107188,P0065,2023-11-19,82,Wrong Item Delivered
RET009480,ORD0107190,P0001,2023-11-23,177,Customer Changed Mind
RET009481,ORD0107223,P0196,2023-02-02,1,Other
RET009482,ORD0107247,P0131,2024-01-24,1,Other
RET009483,ORD0107254,P0166,2024-03-18,1,Late Delivery
RET009484,ORD0107258,P0029,2024-05-28,1,Customer Changed Mind
RET009485,ORD0107260,P0068,2024-06-28,1,Quality Issue
RET009486,ORD0107265,P0085,2024-09-19,1,Late Delivery
RET009487,ORD0107287,P0027,2024-02-11,1,Late Delivery
RET009488,ORD0107318,P0058,2024-11-01,56,Late Delivery
RET009489,ORD0107321,P0011,2024-12-17,150,Damaged in Transit
RET009490,ORD0107321,P0111,2024-12-10,61,Damaged in Transit
RET009491,ORD0107327,P0106,2023-10-02,1,Wrong Item Delivered
RET009492,ORD0107335,P0166,2024-07-05,2,Damaged in Transit
RET009493,ORD0107360,P0108,2023-03-03,4,Wrong Item Delivered
RET009494,ORD0107376,P0073,2024-05-07,1,Customer Changed Mind
RET009495,ORD0107401,P0043,2023-11-26,1,Late Delivery
RET009496,ORD0107434,P0182,2023-10-05,1,Damaged in Transit
RET009497,ORD0107441,P0133,2024-02-08,1,Customer Changed Mind
RET009498,ORD0107445,P0058,2024-04-09,1,Customer Changed Mind
RET009499,ORD0107457,P0048,2024-11-20,2,Wrong Item Delivered
RET009500,ORD0107458,P0031,2024-11-17,1,Quality Issue
RET009501,ORD0107460,P0028,2024-11-26,1,Wrong Item Delivered
RET009502,ORD0107464,P0136,2023-04-21,3,Damaged in Transit
RET009503,ORD0107471,P0048,2023-09-04,2,Late Delivery
RET009504,ORD0107471,P0103,2023-08-29,1,Customer Changed Mind
RET009505,ORD0107477,P0158,2024-01-25,1,Wrong Item Delivered
RET009506,ORD0107484,P0155,2024-03-11,1,Quality Issue
RET009507,ORD0107503,P0077,2023-03-31,4,Quality Issue
RET009508,ORD0107506,P0182,2023-06-23,1,Wrong Item Delivered
RET009509,ORD0107508,P0065,2023-07-15,1,Quality Issue
RET009510,ORD0107509,P0184,2023-08-22,2,Late Delivery
RET009511,ORD0107532,P0195,2023-01-26,1,Customer Changed Mind
RET009512,ORD0107543,P0110,2024-03-19,2,Quality Issue
RET009513,ORD0107547,P0181,2024-05-26,2,Late Delivery
RET009514,ORD0107554,P0085,2023-03-19,1,Damaged in Transit
RET009515,ORD0107556,P0167,2023-04-17,1,Quality Issue
RET009516,ORD0107561,P0101,2023-05-12,2,Quality Issue
RET009517,ORD0107572,P0090,2024-02-15,1,Customer Changed Mind
RET009518,ORD0107581,P0158,2024-07-28,1,Customer Changed Mind
RET009519,ORD0107607,P0097,2023-09-10,117,Damaged in Transit
RET009520,ORD0107607,P0056,2023-09-10,113,Damaged in Transit
RET009521,ORD0107622,P0135,2023-06-16,1,Wrong Item Delivered
RET009522,ORD0107633,P0101,2023-12-23,1,Damaged in Transit
RET009523,ORD0107647,P0103,2023-03-30,1,Customer Changed Mind
RET009524,ORD0107661,P0122,2023-10-16,1,Other
RET009525,ORD0107663,P0045,2023-11-21,1,Damaged in Transit
RET009526,ORD0107671,P0087,2024-04-23,1,Quality Issue
RET009527,ORD0107688,P0091,2023-05-29,2,Late Delivery
RET009528,ORD0107727,P0147,2023-06-15,1,Customer Changed Mind
RET009529,ORD0107758,P0042,2024-11-18,1,Other
RET009530,ORD0107771,P0056,2023-07-01,1,Damaged in Transit
RET009531,ORD0107779,P0064,2023-11-21,1,Quality Issue
RET009532,ORD0107794,P0144,2024-05-06,1,Other
RET009533,ORD0107802,P0003,2024-08-30,1,Customer Changed Mind
RET009534,ORD0107817,P0172,2023-10-08,1,Wrong Item Delivered
RET009535,ORD0107822,P0192,2024-02-07,1,Quality Issue
RET009536,ORD0107829,P0101,2024-06-28,1,Late Delivery
RET009537,ORD0107832,P0051,2024-08-09,2,Customer Changed Mind
RET009538,ORD0107844,P0131,2023-06-13,4,Damaged in Transit
RET009539,ORD0107851,P0050,2024-02-24,1,Quality Issue
RET009540,ORD0107864,P0076,2024-09-23,2,Damaged in Transit
RET009541,ORD0107868,P0044,2024-12-15,2,Damaged in Transit
RET009542,ORD0107880,P0073,2023-05-17,1,Damaged in Transit
RET009543,ORD0107884,P0115,2023-09-05,1,Quality Issue
RET009544,ORD0107888,P0184,2024-01-20,2,Late Delivery
RET009545,ORD0107891,P0131,2024-04-06,1,Damaged in Transit
RET009546,ORD0107898,P0115,2024-08-02,2,Other
RET009547,ORD0107906,P0003,2023-05-17,1,Customer Changed Mind
RET009548,ORD0107909,P0187,2023-10-02,1,Damaged in Transit
RET009549,ORD0107936,P0048,2023-07-20,1,Late Delivery
RET009550,ORD0107941,P0095,2023-09-28,3,Customer Changed Mind
RET009551,ORD0107954,P0122,2024-09-10,2,Damaged in Transit
RET009552,ORD0107955,P0060,2024-10-25,3,Wrong Item Delivered
RET009553,ORD0107992,P0034,2023-02-06,1,Damaged in Transit
RET009554,ORD0107997,P0126,2023-07-24,2,Damaged in Transit
RET009555,ORD0107999,P0110,2023-08-15,1,Other
RET009556,ORD0108003,P0005,2023-10-03,3,Quality Issue
RET009557,ORD0108007,P0101,2024-04-07,3,Quality Issue
RET009558,ORD0108017,P0144,2023-05-08,59,Wrong Item Delivered
RET009559,ORD0108026,P0122,2023-12-11,40,Late Delivery
RET009560,ORD0108028,P0146,2024-02-27,18,Damaged in Transit
RET009561,ORD0108037,P0075,2023-01-28,1,Late Delivery
RET009562,ORD0108055,P0068,2023-08-02,1,Damaged in Transit
RET009563,ORD0108066,P0165,2024-02-09,1,Quality Issue
RET009564,ORD0108134,P0021,2023-06-03,1,Late Delivery
RET009565,ORD0108134,P0087,2023-05-23,1,Other
RET009566,ORD0108159,P0039,2024-05-17,1,Quality Issue
RET009567,ORD0108170,P0111,2024-11-22,1,Customer Changed Mind
RET009568,ORD0108171,P0137,2024-11-28,2,Damaged in Transit
RET009569,ORD0108177,P0093,2023-06-24,1,Customer Changed Mind
RET009570,ORD0108180,P0003,2023-08-25,1,Wrong Item Delivered
RET009571,ORD0108211,P0025,2024-01-01,1,Wrong Item Delivered
RET009572,ORD0108221,P0127,2024-07-16,1,Damaged in Transit
RET009573,ORD0108222,P0039,2024-08-16,2,Quality Issue
RET009574,ORD0108224,P0059,2024-09-04,2,Customer Changed Mind
RET009575,ORD0108243,P0069,2023-10-13,1,Late Delivery
RET009576,ORD0108247,P0155,2024-04-23,4,Customer Changed Mind
RET009577,ORD0108252,P0111,2024-10-25,1,Customer Changed Mind
RET009578,ORD0108303,P0106,2024-03-27,1,Damaged in Transit
RET009579,ORD0108308,P0003,2024-10-11,3,Quality Issue
RET009580,ORD0108322,P0115,2023-10-19,37,Late Delivery
RET009581,ORD0108327,P0025,2024-02-17,8,Wrong Item Delivered
RET009582,ORD0108327,P0189,2024-02-25,51,Wrong Item Delivered
RET009583,ORD0108336,P0003,2023-02-19,1,Customer Changed Mind
RET009584,ORD0108343,P0132,2023-08-22,2,Quality Issue
RET009585,ORD0108345,P0014,2023-11-26,1,Customer Changed Mind
RET009586,ORD0108346,P0053,2023-12-04,1,Damaged in Transit
RET009587,ORD0108359,P0120,2024-08-17,2,Customer Changed Mind
RET009588,ORD0108362,P0031,2024-12-22,1,Wrong Item Delivered
RET009589,ORD0108363,P0045,2024-12-06,1,Customer Changed Mind
RET009590,ORD9999999,P0032,2023-03-10,1,Damaged in Transit
RET009591,ORD0108374,P0142,2023-12-03,2,Damaged in Transit
RET009592,ORD0108377,P0159,2024-02-18,1,Other
RET009593,ORD0108383,P0122,2024-05-19,4,Customer Changed Mind
RET009594,ORD0108385,P0043,2024-05-24,1,Wrong Item Delivered
RET009595,ORD0108402,P0090,2024-04-18,37,Wrong Item Delivered
RET009596,ORD0108406,P0012,2024-11-14,26,Quality Issue
RET009597,ORD0108448,P0128,2024-01-10,1,Damaged in Transit
RET009598,ORD0108456,P0165,2024-03-11,1,Quality Issue
RET009599,ORD0108471,P0062,2024-09-24,1,Customer Changed Mind
RET009600,ORD0108477,P0115,2023-02-06,1,Customer Changed Mind
RET009601,ORD0108505,P0165,2024-02-08,1,Damaged in Transit
RET009602,ORD0108524,P0165,2024-11-02,1,Customer Changed Mind
RET009603,ORD0108526,P0038,2024-11-11,1,Other
RET009604,ORD0108536,P0027,2023-07-15,1,Late Delivery
RET009605,ORD0108552,P0036,2024-05-03,1,Wrong Item Delivered
RET009606,ORD0108567,P0132,2023-12-12,31,Wrong Item Delivered
RET009607,ORD0108571,P0129,2024-02-19,17,Damaged in Transit
RET009608,ORD0108582,P0199,2023-03-11,6,Damaged in Transit
RET009609,ORD0108584,P0005,2023-03-19,26,Customer Changed Mind
RET009610,ORD0108591,P0016,2023-12-13,12,Damaged in Transit
RET009611,ORD0108599,P0085,2024-07-31,22,Damaged in Transit
RET009612,ORD0108617,P0196,2024-02-13,4,Quality Issue
RET009613,ORD0108637,P0108,2023-08-23,1,Wrong Item Delivered
RET009614,ORD0108651,P0185,2024-03-17,1,Wrong Item Delivered
RET009615,ORD0108652,P0001,2024-04-12,1,Damaged in Transit
RET009616,ORD0108667,P0177,2023-06-28,1,Damaged in Transit
RET009617,ORD0108678,P0074,2023-12-25,1,Customer Changed Mind
RET009618,ORD0108678,P0070,2024-01-09,1,Quality Issue
RET009619,ORD0108688,P0068,2024-04-13,2,Customer Changed Mind
RET009620,ORD0108697,P0030,2024-06-27,2,Late Delivery
RET009621,ORD0108755,P0023,2023-08-28,2,Late Delivery
RET009622,ORD0108762,P0196,2024-03-16,1,Customer Changed Mind
RET009623,ORD0108765,P0162,2024-05-04,1,Wrong Item Delivered
RET009624,ORD0108767,P0023,2024-06-30,5,Wrong Item Delivered
RET009625,ORD0108768,P0058,2024-08-29,1,Damaged in Transit
RET009626,ORD0108771,P0011,2024-09-23,3,Damaged in Transit
RET009627,ORD0108774,P0037,2024-11-07,3,Customer Changed Mind
RET009628,ORD0108788,P0001,2023-05-23,1,Wrong Item Delivered
RET009629,ORD0108790,P0079,2023-07-21,1,Damaged in Transit
RET009630,ORD0108799,P0011,2023-11-15,2,Wrong Item Delivered
RET009631,ORD0108813,P0062,2024-07-13,1,Wrong Item Delivered
RET009632,ORD0108813,P0148,2024-07-12,1,Wrong Item Delivered
RET009633,ORD0108837,P0159,2023-10-03,8,Customer Changed Mind
RET009634,ORD0108896,P0045,2023-11-29,1,Wrong Item Delivered
RET009635,ORD0108896,P0145,2023-11-23,3,Wrong Item Delivered
RET009636,ORD0108906,P0188,2024-07-26,1,Late Delivery
RET009637,ORD0108909,P0168,2024-08-02,1,Customer Changed Mind
RET009638,ORD0108935,P0144,2023-12-12,2,Wrong Item Delivered
RET009639,ORD0108960,P0197,2023-11-22,2,Damaged in Transit
RET009640,ORD0108973,P0191,2024-07-18,2,Customer Changed Mind
RET009641,ORD0108974,P0046,2024-09-17,1,Customer Changed Mind
RET009642,ORD0108975,P0170,2024-09-18,1,Other
RET009643,ORD0108991,P0045,2023-11-25,1,Damaged in Transit
RET009644,ORD0108998,P0137,2024-01-13,1,Customer Changed Mind
RET009645,ORD0109015,P0162,2024-12-15,2,Other
RET009646,ORD0109022,P0200,2023-06-29,42,Quality Issue
RET009647,ORD0109029,P0075,2024-04-18,211,Damaged in Transit
RET009648,ORD0109034,P0015,2024-11-06,231,Damaged in Transit
RET009649,ORD0109041,P0029,2023-06-18,1,Quality Issue
RET009650,ORD0109067,P0166,2024-12-28,1,Quality Issue
RET009651,ORD0109070,P0165,2024-02-04,22,Wrong Item Delivered
RET009652,ORD0109083,P0004,2024-01-18,150,Wrong Item Delivered
RET009653,ORD0109110,P0196,2024-10-30,8,Damaged in Transit
RET009654,ORD0109142,P0180,2024-03-15,1,Damaged in Transit
RET009655,ORD0109147,P0037,2024-06-17,1,Damaged in Transit
RET009656,ORD0109152,P0124,2024-08-20,2,Other
RET009657,ORD0109159,P0132,2023-01-20,1,Other
RET009658,ORD0109190,P0137,2023-02-16,43,Late Delivery
RET009659,ORD0109194,P0127,2023-05-13,184,Quality Issue
RET009660,ORD0109216,P0023,2024-02-06,1,Quality Issue
RET009661,ORD0109221,P0183,2024-08-17,4,Quality Issue
RET009662,ORD0109222,P0079,2024-09-11,1,Late Delivery
RET009663,ORD0109229,P0099,2024-12-23,2,Damaged in Transit
RET009664,ORD0109243,P0146,2024-03-25,7,Wrong Item Delivered
RET009665,ORD0109264,P0159,2024-01-20,2,Customer Changed Mind
RET009666,ORD0109272,P0162,2024-08-13,2,Wrong Item Delivered
RET009667,ORD0109273,P0098,2024-08-13,4,Damaged in Transit
RET009668,ORD0109276,P0059,2024-11-11,1,Damaged in Transit
RET009669,ORD0109291,P0043,2024-06-20,10,Damaged in Transit
RET009670,ORD0109320,P0165,2024-08-17,2,Damaged in Transit
RET009671,ORD0109327,P0183,2024-12-23,2,Quality Issue
RET009672,ORD0109362,P0024,2024-11-06,1,Other
RET009673,ORD0109412,P0149,2023-02-27,1,Quality Issue
RET009674,ORD0109416,P0027,2023-05-06,1,Damaged in Transit
RET009675,ORD0109418,P0068,2023-05-08,2,Damaged in Transit
RET009676,ORD9999999,P0037,2023-09-25,1,Damaged in Transit
RET009677,ORD0109432,P0027,2023-11-28,1,Other
RET009678,ORD0109481,P0077,2024-06-11,1,Customer Changed Mind
RET009679,ORD0109481,P0030,2024-06-23,4,Customer Changed Mind
RET009680,ORD0109483,P0062,2024-08-11,3,Damaged in Transit
RET009681,ORD0109494,P0165,2023-09-16,1,Quality Issue
RET009682,ORD0109495,P0015,2023-09-25,1,Other
RET009683,ORD0109497,P0127,2023-10-24,1,Quality Issue
RET009684,ORD0109551,P0015,2023-09-04,1,Late Delivery
RET009685,ORD0109570,P0058,2024-05-11,1,Other
RET009686,ORD0109571,P0031,2024-05-31,1,Damaged in Transit
RET009687,ORD0109573,P0198,2024-06-18,1,Customer Changed Mind
RET009688,ORD0109592,P0137,2023-06-26,1,Wrong Item Delivered
RET009689,ORD0109594,P0113,2023-08-28,1,Customer Changed Mind
RET009690,ORD0109620,P0083,2023-07-09,1,Customer Changed Mind
RET009691,ORD0109628,P0154,2023-10-27,1,Other
RET009692,ORD0109633,P0174,2024-01-31,1,Late Delivery
RET009693,ORD0109635,P0027,2024-03-10,1,Quality Issue
RET009694,ORD0109636,P0124,2024-03-25,2,Damaged in Transit
RET009695,ORD0109641,P0168,2024-06-12,1,Quality Issue
RET009696,ORD0109646,P0035,2024-09-15,1,Quality Issue
RET009697,ORD0109670,P0095,2023-10-14,1,Quality Issue
RET009698,ORD0109676,P0036,2024-03-28,2,Wrong Item Delivered
RET009699,ORD0109690,P0103,2024-06-26,1,Late Delivery
RET009700,ORD0109694,P0059,2024-09-09,1,Customer Changed Mind
RET009701,ORD0109713,P0043,2023-05-30,1,Customer Changed Mind
RET009702,ORD0109734,P0034,2024-04-28,2,Customer Changed Mind
RET009703,ORD0109768,P0165,2023-01-27,1,Wrong Item Delivered
RET009704,ORD0109773,P0073,2023-07-15,1,Customer Changed Mind
RET009705,ORD0109780,P0187,2023-10-25,1,Wrong Item Delivered
RET009706,ORD0109784,P0144,2024-03-10,1,Quality Issue
RET009707,ORD0109785,P0144,2024-03-31,2,Late Delivery
RET009708,ORD0109793,P0003,2024-10-28,1,Customer Changed Mind
RET009709,ORD0109805,P0087,2023-06-04,1,Wrong Item Delivered
RET009710,ORD0109811,P0137,2023-09-20,1,Late Delivery
RET009711,ORD0109821,P0094,2024-05-08,1,Wrong Item Delivered
RET009712,ORD0109830,P0003,2024-11-04,1,Damaged in Transit
RET009713,ORD0109831,P0185,2024-12-21,1,Wrong Item Delivered
RET009714,ORD0109842,P0087,2023-03-20,2,Customer Changed Mind
RET009715,ORD0109855,P0023,2024-02-01,1,Wrong Item Delivered
RET009716,ORD0109884,P0149,2023-01-24,4,Late Delivery
RET009717,ORD0109885,P0079,2023-02-25,2,Customer Changed Mind
RET009718,ORD0109889,P0049,2023-10-29,1,Other
RET009719,ORD0109916,P0192,2023-03-18,1,Other
RET009720,ORD0109919,P0159,2023-04-28,1,Damaged in Transit
RET009721,ORD0109922,P0049,2023-05-29,1,Quality Issue
RET009722,ORD0109926,P0163,2023-07-05,1,Damaged in Transit
RET009723,ORD0109935,P0144,2023-12-05,1,Other
RET009724,ORD0109948,P0064,2024-06-29,1,Wrong Item Delivered
RET009725,ORD0109953,P0068,2024-08-14,1,Quality Issue
RET009726,ORD0109966,P0028,2023-04-28,1,Damaged in Transit
RET009727,ORD0109969,P0132,2023-05-15,1,Late Delivery
RET009728,ORD0109969,P0055,2023-05-02,1,Customer Changed Mind
RET009729,ORD0110007,P0056,2023-05-23,1,Other
RET009730,ORD0110007,P0079,2023-05-23,1,Other
RET009731,ORD0110032,P0195,2023-03-12,1,Customer Changed Mind
RET009732,ORD0110053,P0125,2024-02-19,1,Customer Changed Mind
RET009733,ORD0110060,P0052,2024-07-08,1,Quality Issue
RET009734,ORD0110081,P0023,2024-03-23,2,Damaged in Transit
RET009735,ORD0110083,P0194,2024-05-19,1,Quality Issue
RET009736,ORD0110089,P0182,2024-09-02,1,Customer Changed Mind
RET009737,ORD0110098,P0004,2023-08-15,2,Customer Changed Mind
RET009738,ORD0110108,P0144,2023-12-31,1,Late Delivery
RET009739,ORD0110130,P0130,2023-04-15,37,Damaged in Transit
RET009740,ORD0110149,P0187,2023-04-02,1,Damaged in Transit
RET009741,ORD0110159,P0105,2023-09-04,2,Customer Changed Mind
RET009742,ORD9999999,P0013,2024-12-14,1,Customer Changed Mind
RET009743,ORD0110226,P0144,2024-06-30,2,Damaged in Transit
RET009744,ORD0110226,P0090,2024-07-08,1,Damaged in Transit
RET009745,ORD0110238,P0005,2023-06-03,2,Customer Changed Mind
RET009746,ORD0110239,P0036,2023-07-27,2,Wrong Item Delivered
RET009747,ORD0110264,P0186,2024-11-11,2,Quality Issue
RET009748,ORD0110273,P0037,2023-04-25,1,Other
RET009749,ORD0110285,P0137,2023-12-23,1,Wrong Item Delivered
RET009750,ORD0110301,P0163,2024-05-23,1,Other
RET009751,ORD0110306,P0188,2024-08-10,1,Damaged in Transit
RET009752,ORD0110336,P0109,2023-03-27,1,Quality Issue
RET009753,ORD0110337,P0079,2023-04-02,2,Late Delivery
RET009754,ORD9999999,P0100,2023-04-21,1,Damaged in Transit
RET009755,ORD0110345,P0185,2023-12-05,1,Wrong Item Delivered
RET009756,ORD0110353,P0187,2024-06-26,5,Damaged in Transit
RET009757,ORD0110370,P0062,2023-12-03,231,Wrong Item Delivered
RET009758,ORD0110378,P0016,2023-04-07,1,Other
RET009759,ORD0110384,P0132,2023-07-20,1,Late Delivery
RET009760,ORD0110394,P0181,2024-03-09,1,Damaged in Transit
RET009761,ORD0110403,P0023,2024-11-16,1,Customer Changed Mind
RET009762,ORD0110408,P0063,2023-03-03,1,Quality Issue
RET009763,ORD0110420,P0038,2023-09-25,1,Quality Issue
RET009764,ORD0110422,P0112,2023-10-27,1,Late Delivery
RET009765,ORD0110443,P0195,2023-01-22,2,Quality Issue
RET009766,ORD0110447,P0125,2023-04-22,1,Quality Issue
RET009767,ORD0110479,P0182,2024-08-14,1,Wrong Item Delivered
RET009768,ORD0110495,P0061,2023-03-24,2,Damaged in Transit
RET009769,ORD0110509,P0087,2024-05-09,1,Other
RET009770,ORD0110517,P0079,2024-08-16,1,Other
RET009771,ORD0110541,P0194,2024-10-15,2,Customer Changed Mind
RET009772,ORD0110549,P0034,2023-05-19,2,Damaged in Transit
RET009773,ORD0110551,P0065,2023-06-08,1,Quality Issue
RET009774,ORD0110555,P0168,2024-04-14,1,Other
RET009775,ORD0110572,P0038,2023-03-22,2,Customer Changed Mind
RET009776,ORD0110590,P0106,2024-03-31,3,Customer Changed Mind
RET009777,ORD0110595,P0058,2024-05-11,1,Customer Changed Mind
RET009778,ORD0110628,P0200,2024-10-06,1,Damaged in Transit
RET009779,ORD0110636,P0155,2023-02-24,1,Damaged in Transit
RET009780,ORD0110640,P0138,2023-04-26,1,Other
RET009781,ORD0110657,P0038,2023-11-17,2,Quality Issue
RET009782,ORD0110658,P0194,2023-12-07,2,Quality Issue
RET009783,ORD0110664,P0195,2024-03-05,1,Damaged in Transit
RET009784,ORD0110665,P0043,2024-04-17,1,Customer Changed Mind
RET009785,ORD0110668,P0038,2024-06-01,1,Other
RET009786,ORD0110690,P0162,2023-09-19,1,Wrong Item Delivered
RET009787,ORD0110692,P0036,2023-10-15,1,Wrong Item Delivered
RET009788,ORD0110697,P0048,2024-02-18,1,Late Delivery
RET009789,ORD0110700,P0094,2024-04-22,1,Late Delivery
RET009790,ORD0110708,P0012,2024-11-03,1,Wrong Item Delivered
RET009791,ORD0110724,P0177,2023-10-20,2,Quality Issue
RET009792,ORD0110726,P0082,2024-03-06,2,Late Delivery
RET009793,ORD0110742,P0072,2023-05-05,1,Other
RET009794,ORD0110744,P0028,2023-06-07,1,Quality Issue
RET009795,ORD0110748,P0020,2023-07-16,1,Other
RET009796,ORD0110753,P0057,2023-12-17,1,Quality Issue
RET009797,ORD0110753,P0185,2023-12-16,1,Other
RET009798,ORD0110762,P0168,2024-03-25,1,Customer Changed Mind
RET009799,ORD0110763,P0187,2024-03-31,1,Customer Changed Mind
RET009800,ORD0110764,P0047,2024-04-30,1,Damaged in Transit
RET009801,ORD0110782,P0169,2023-08-14,1,Other
RET009802,ORD0110783,P0016,2023-09-29,1,Customer Changed Mind
RET009803,ORD0110786,P0131,2023-11-29,1,Customer Changed Mind
RET009804,ORD0110802,P0173,2024-08-13,1,Quality Issue
RET009805,ORD0110811,P0135,2023-02-05,4,Quality Issue
RET009806,ORD0110822,P0196,2023-08-13,2,Wrong Item Delivered
RET009807,ORD0110824,P0165,2023-11-08,1,Wrong Item Delivered
RET009808,ORD0110828,P0024,2024-05-12,1,Damaged in Transit
RET009809,ORD0110836,P0010,2023-04-19,1,Customer Changed Mind
RET009810,ORD0110850,P0142,2024-06-14,1,Other
RET009811,ORD0110853,P0071,2024-08-14,3,Late Delivery
RET009812,ORD0110872,P0048,2023-06-19,1,Wrong Item Delivered
RET009813,ORD0110879,P0085,2023-11-15,1,Quality Issue
RET009814,ORD0110886,P0099,2024-03-03,2,Late Delivery
RET009815,ORD0110895,P0003,2024-06-17,1,Damaged in Transit
RET009816,ORD0110925,P0058,2024-09-08,1,Damaged in Transit
RET009817,ORD0110932,P0047,2023-07-07,2,Wrong Item Delivered
RET009818,ORD0110936,P0062,2023-08-05,1,Customer Changed Mind
RET009819,ORD0110941,P0102,2023-08-27,3,Other
RET009820,ORD0110965,P0095,2023-04-02,1,Late Delivery
RET009821,ORD0110992,P0166,2024-05-28,1,Wrong Item Delivered
RET009822,ORD0111001,P0184,2024-10-21,1,Damaged in Transit
RET009823,ORD0111004,P0073,2024-11-01,2,Late Delivery
RET009824,ORD0111008,P0009,2023-03-19,1,Late Delivery
RET009825,ORD0111016,P0004,2023-07-08,1,Quality Issue
RET009826,ORD0111026,P0044,2023-10-12,1,Damaged in Transit
RET009827,ORD0111028,P0032,2023-12-23,1,Customer Changed Mind
RET009828,ORD0111074,P0043,2023-11-01,1,Other
RET009829,ORD0111076,P0001,2024-01-03,1,Wrong Item Delivered
RET009830,ORD0111108,P0177,2023-09-18,1,Quality Issue
RET009831,ORD0111119,P0119,2024-03-28,1,Wrong Item Delivered
RET009832,ORD0111126,P0122,2024-09-04,1,Wrong Item Delivered
RET009833,ORD0111134,P0165,2023-03-15,2,Quality Issue
RET009834,ORD0111140,P0146,2023-06-11,1,Damaged in Transit
RET009835,ORD0111158,P0063,2024-03-21,1,Wrong Item Delivered
RET009836,ORD0111170,P0023,2024-07-10,1,Damaged in Transit
RET009837,ORD0111171,P0189,2024-06-04,1,Other
RET009838,ORD0111175,P0024,2024-09-14,1,Wrong Item Delivered
RET009839,ORD0111178,P0110,2024-12-18,1,Customer Changed Mind
RET009840,ORD0111180,P0049,2024-12-30,1,Other
RET009841,ORD0111195,P0068,2024-07-04,1,Quality Issue
RET009842,ORD0111206,P0023,2023-03-12,4,Damaged in Transit
RET009843,ORD0111206,P0133,2023-03-10,1,Damaged in Transit
RET009844,ORD0111226,P0070,2024-07-24,3,Damaged in Transit
RET009845,ORD0111226,P0131,2024-08-09,5,Damaged in Transit
RET009846,ORD0111234,P0010,2023-03-07,1,Late Delivery
RET009847,ORD0111248,P0064,2024-04-09,2,Quality Issue
RET009848,ORD0111265,P0090,2023-03-22,1,Damaged in Transit
RET009849,ORD0111269,P0076,2023-05-22,2,Customer Changed Mind
RET009850,ORD0111278,P0016,2023-10-28,1,Quality Issue
RET009851,ORD0111290,P0154,2024-09-03,2,Wrong Item Delivered
RET009852,ORD0111294,P0111,2023-02-09,1,Other
RET009853,ORD0111307,P0107,2023-09-26,1,Customer Changed Mind
RET009854,ORD0111319,P0135,2024-02-13,1,Late Delivery
RET009855,ORD0111330,P0163,2024-09-16,1,Damaged in Transit
RET009856,ORD0111336,P0040,2024-10-30,1,Customer Changed Mind
RET009857,ORD0111354,P0019,2023-05-11,1,Customer Changed Mind
RET009858,ORD0111364,P0048,2024-02-08,1,Wrong Item Delivered
RET009859,ORD0111365,P0108,2024-03-11,1,Quality Issue
RET009860,ORD0111389,P0125,2024-12-07,1,Damaged in Transit
RET009861,ORD0111438,P0098,2024-04-06,1,Customer Changed Mind
RET009862,ORD0111446,P0124,2024-09-15,1,Damaged in Transit
RET009863,ORD0111451,P0003,2024-11-19,1,Customer Changed Mind
RET009864,ORD0111481,P0051,2024-07-04,1,Damaged in Transit
RET009865,ORD0111482,P0064,2024-09-12,1,Customer Changed Mind
RET009866,ORD0111503,P0178,2024-03-15,1,Other
RET009867,ORD0111510,P0054,2024-11-12,2,Quality Issue
RET009868,ORD0111532,P0089,2023-10-16,1,Quality Issue
RET009869,ORD0111536,P0198,2023-11-25,1,Damaged in Transit
RET009870,ORD0111568,P0031,2023-05-08,1,Customer Changed Mind
RET009871,ORD0111572,P0179,2023-07-24,2,Other
RET009872,ORD0111610,P0175,2023-03-24,1,Customer Changed Mind
RET009873,ORD0111625,P0044,2023-11-19,2,Quality Issue
RET009874,ORD0111636,P0179,2024-02-11,1,Customer Changed Mind
RET009875,ORD0111640,P0125,2024-04-13,1,Quality Issue
RET009876,ORD0111643,P0061,2024-07-31,1,Late Delivery
RET009877,ORD0111661,P0020,2023-04-05,2,Customer Changed Mind
RET009878,ORD0111665,P0099,2023-06-16,1,Late Delivery
RET009879,ORD0111678,P0015,2023-12-23,1,Late Delivery
RET009880,ORD0111680,P0133,2024-02-05,1,Damaged in Transit
RET009881,ORD0111704,P0146,2023-04-12,1,Wrong Item Delivered
RET009882,ORD0111716,P0037,2023-08-07,1,Late Delivery
RET009883,ORD0111720,P0042,2023-11-06,1,Wrong Item Delivered
RET009884,ORD0111732,P0195,2024-09-14,1,Quality Issue
RET009885,ORD0111739,P0037,2024-10-28,1,Late Delivery
RET009886,ORD0111749,P0127,2023-05-29,2,Late Delivery
RET009887,ORD0111761,P0174,2023-12-03,1,Wrong Item Delivered
RET009888,ORD0111765,P0037,2024-01-04,2,Customer Changed Mind
RET009889,ORD0111779,P0159,2023-03-23,2,Wrong Item Delivered
RET009890,ORD0111814,P0146,2023-02-26,1,Wrong Item Delivered
RET009891,ORD0111816,P0119,2023-04-29,1,Customer Changed Mind
RET009892,ORD0111817,P0016,2023-05-11,1,Quality Issue
RET009893,ORD0111818,P0085,2023-05-10,1,Wrong Item Delivered
RET009894,ORD0111818,P0194,2023-05-24,2,Wrong Item Delivered
RET009895,ORD0111823,P0164,2023-06-16,1,Wrong Item Delivered
RET009896,ORD0111840,P0139,2024-01-20,1,Quality Issue
RET009897,ORD0111845,P0094,2024-03-09,1,Customer Changed Mind
RET009898,ORD0111879,P0137,2023-11-30,1,Wrong Item Delivered
RET009899,ORD0111880,P0084,2023-12-04,1,Wrong Item Delivered
RET009900,ORD0111880,P0114,2023-11-27,1,Wrong Item Delivered
RET009901,ORD0111912,P0177,2023-02-01,1,Quality Issue
RET009902,ORD0111927,P0149,2023-12-21,2,Quality Issue
RET009903,ORD0111955,P0129,2023-11-29,1,Customer Changed Mind
RET009904,ORD0111957,P0170,2023-12-08,1,Wrong Item Delivered
RET009905,ORD0111962,P0084,2024-05-11,1,Other
RET009906,ORD0111964,P0014,2024-06-02,1,Other
RET009907,ORD0111985,P0103,2023-02-14,1,Customer Changed Mind
RET009908,ORD0111995,P0172,2023-09-11,2,Late Delivery
RET009909,ORD0112003,P0116,2024-03-29,2,Quality Issue
RET009910,ORD0112005,P0049,2024-05-30,3,Customer Changed Mind
RET009911,ORD0112009,P0015,2024-08-19,1,Customer Changed Mind
RET009912,ORD0112024,P0180,2023-08-31,3,Customer Changed Mind
RET009913,ORD0112041,P0034,2023-02-06,3,Late Delivery
RET009914,ORD0112088,P0034,2024-03-17,1,Late Delivery
RET009915,ORD0112105,P0106,2023-06-01,1,Customer Changed Mind
RET009916,ORD0112113,P0048,2024-02-25,1,Damaged in Transit
RET009917,ORD0112113,P0187,2024-02-10,1,Damaged in Transit
RET009918,ORD0112119,P0004,2024-04-18,1,Damaged in Transit
RET009919,ORD0112129,P0121,2024-11-02,1,Customer Changed Mind
RET009920,ORD0112151,P0115,2023-09-14,2,Wrong Item Delivered
RET009921,ORD0112154,P0131,2023-10-08,1,Customer Changed Mind
RET009922,ORD0112156,P0123,2023-10-23,1,Customer Changed Mind
RET009923,ORD0112162,P0087,2024-02-23,2,Damaged in Transit
RET009924,ORD0112168,P0039,2024-05-08,1,Customer Changed Mind
RET009925,ORD0112183,P0193,2023-02-23,1,Damaged in Transit
RET009926,ORD0112197,P0165,2024-06-06,2,Wrong Item Delivered
RET009927,ORD0112241,P0124,2023-04-25,28,Customer Changed Mind
RET009928,ORD0112250,P0014,2024-10-14,111,Customer Changed Mind
RET009929,ORD0112298,P0070,2023-02-03,3,Wrong Item Delivered
RET009930,ORD0112324,P0181,2024-12-02,1,Late Delivery
RET009931,ORD0112336,P0142,2023-07-01,1,Late Delivery
RET009932,ORD0112354,P0069,2024-04-03,1,Late Delivery
RET009933,ORD0112354,P0198,2024-04-15,1,Customer Changed Mind
RET009934,ORD0112357,P0159,2024-04-28,1,Customer Changed Mind
RET009935,ORD0112403,P0186,2023-08-11,3,Quality Issue
RET009936,ORD0112406,P0113,2023-09-18,1,Wrong Item Delivered
RET009937,ORD0112424,P0038,2024-08-30,5,Customer Changed Mind
RET009938,ORD0112434,P0187,2023-03-30,1,Wrong Item Delivered
RET009939,ORD0112436,P0123,2023-04-24,1,Damaged in Transit
RET009940,ORD0112446,P0106,2023-10-15,1,Customer Changed Mind
RET009941,ORD0112454,P0149,2024-05-02,1,Customer Changed Mind
RET009942,ORD0112478,P0199,2024-01-23,1,Damaged in Transit
RET009943,ORD0112478,P0136,2024-02-02,1,Damaged in Transit
RET009944,ORD0112524,P0004,2023-06-22,1,Damaged in Transit
RET009945,ORD0112525,P0094,2023-06-21,1,Wrong Item Delivered
RET009946,ORD0112536,P0003,2023-12-02,1,Damaged in Transit
RET009947,ORD0112538,P0023,2023-12-17,2,Damaged in Transit
RET009948,ORD0112538,P0174,2023-12-18,1,Damaged in Transit
RET009949,ORD0112542,P0095,2024-01-27,1,Damaged in Transit
RET009950,ORD0112544,P0004,2024-04-10,2,Damaged in Transit
RET009951,ORD0112546,P0037,2024-05-11,1,Late Delivery
RET009952,ORD0112549,P0146,2024-06-17,1,Wrong Item Delivered
RET009953,ORD0112553,P0109,2024-08-13,1,Customer Changed Mind
RET009954,ORD0112568,P0032,2023-04-11,1,Damaged in Transit
RET009955,ORD0112582,P0194,2023-11-09,1,Damaged in Transit
RET009956,ORD0112595,P0187,2024-09-12,1,Damaged in Transit
RET009957,ORD0112616,P0085,2023-05-14,1,Other
RET009958,ORD0112632,P0184,2024-01-23,1,Other
RET009959,ORD0112646,P0144,2024-12-27,1,Customer Changed Mind
RET009960,ORD0112655,P0087,2023-09-11,3,Late Delivery
RET009961,ORD0112669,P0058,2024-05-09,2,Quality Issue
RET009962,ORD0112694,P0149,2023-01-17,39,Other
RET009963,ORD0112695,P0144,2023-02-05,2,Other
RET009964,ORD0112698,P0037,2023-09-13,9,Wrong Item Delivered
RET009965,ORD0112699,P0159,2023-09-28,2,Wrong Item Delivered
RET009966,ORD0112703,P0066,2023-12-09,42,Late Delivery
RET009967,ORD0112710,P0031,2024-06-19,5,Damaged in Transit
RET009968,ORD0112727,P0183,2023-09-19,3,Customer Changed Mind
RET009969,ORD0112733,P0017,2024-05-25,1,Other
RET009970,ORD0112746,P0144,2023-02-25,3,Wrong Item Delivered
RET009971,ORD0112776,P0148,2023-06-11,1,Other
RET009972,ORD0112777,P0146,2023-07-20,1,Late Delivery
RET009973,ORD0112787,P0132,2024-07-12,2,Damaged in Transit
RET009974,ORD0112806,P0159,2023-07-12,1,Wrong Item Delivered
RET009975,ORD0112815,P0016,2024-01-15,1,Damaged in Transit
RET009976,ORD0112827,P0170,2024-09-29,1,Other
RET009977,ORD0112842,P0021,2023-06-07,1,Customer Changed Mind
RET009978,ORD0112848,P0070,2023-09-13,1,Other
RET009979,ORD0112855,P0177,2024-03-28,2,Damaged in Transit
RET009980,ORD0112898,P0101,2024-07-24,4,Quality Issue
RET009981,ORD0112923,P0030,2024-01-06,1,Wrong Item Delivered
RET009982,ORD0112927,P0132,2024-04-08,2,Damaged in Transit
RET009983,ORD0112934,P0048,2024-09-30,1,Quality Issue
RET009984,ORD0112981,P0101,2023-09-07,1,Customer Changed Mind
RET009985,ORD0112982,P0119,2023-09-27,1,Damaged in Transit
RET009986,ORD0112996,P0034,2024-05-15,2,Customer Changed Mind
RET009987,ORD0113028,P0111,2023-02-20,2,Wrong Item Delivered
RET009988,ORD0113034,P0192,2023-05-30,1,Late Delivery
RET009989,ORD0113055,P0087,2024-12-13,4,Late Delivery
RET009990,ORD0113056,P0068,2023-03-03,33,Quality Issue
RET009991,ORD0113059,P0047,2023-05-08,13,Wrong Item Delivered
RET009992,ORD0113060,P0047,2023-05-26,2,Other
RET009993,ORD0113062,P0183,2023-07-15,47,Customer Changed Mind
RET009994,ORD0113071,P0104,2024-08-28,1,Late Delivery
RET009995,ORD0113087,P0022,2024-07-06,52,Other
RET009996,ORD0113088,P0198,2024-07-04,134,Damaged in Transit
RET009997,ORD0113094,P0053,2023-04-19,18,Quality Issue
RET009998,ORD0113106,P0084,2024-06-15,18,Customer Changed Mind
RET009999,ORD0113134,P0149,2024-04-04,1,Quality Issue
RET010000,ORD0113140,P0194,2024-06-04,1,Wrong Item Delivered
RET010001,ORD0113146,P0106,2023-02-21,1,Late Delivery
RET010002,ORD0113150,P0191,2023-07-01,1,Damaged in Transit
RET010003,ORD0113166,P0082,2024-03-08,1,Wrong Item Delivered
RET010004,ORD0113171,P0143,2024-06-03,2,Quality Issue
RET010005,ORD0113185,P0108,2023-06-21,2,Other
RET010006,ORD0113190,P0119,2023-10-29,2,Customer Changed Mind
RET010007,ORD0113193,P0136,2023-12-08,2,Other
RET010008,ORD0113205,P0142,2023-02-08,1,Damaged in Transit
RET010009,ORD0113205,P0052,2023-02-04,1,Damaged in Transit
RET010010,ORD0113218,P0181,2024-06-17,1,Customer Changed Mind
RET010011,ORD0113233,P0013,2023-05-18,4,Damaged in Transit
RET010012,ORD0113258,P0068,2024-11-24,1,Quality Issue
RET010013,ORD0113277,P0191,2024-01-21,1,Customer Changed Mind
RET010014,ORD0113284,P0131,2024-06-19,2,Wrong Item Delivered
RET010015,ORD0113290,P0182,2024-08-20,1,Wrong Item Delivered
RET010016,ORD0113292,P0168,2024-12-23,2,Customer Changed Mind
RET010017,ORD0113301,P0115,2023-12-09,4,Customer Changed Mind
RET010018,ORD0113320,P0085,2024-02-27,12,Other
RET010019,ORD0113358,P0084,2024-06-05,1,Quality Issue
RET010020,ORD0113372,P0187,2024-10-20,1,Customer Changed Mind
RET010021,ORD0113381,P0079,2023-02-01,1,Damaged in Transit
RET010022,ORD0113403,P0165,2024-06-22,1,Damaged in Transit
RET010023,ORD0113405,P0108,2024-08-06,1,Late Delivery
RET010024,ORD9999999,P0048,2024-12-08,4,Quality Issue
RET010025,ORD0113418,P0188,2023-09-17,3,Customer Changed Mind
RET010026,ORD0113422,P0138,2024-01-03,4,Customer Changed Mind
RET010027,ORD0113423,P0068,2024-01-23,1,Other
RET010028,ORD0113437,P0149,2023-04-01,1,Customer Changed Mind
RET010029,ORD0113439,P0171,2023-05-05,1,Late Delivery
RET010030,ORD0113442,P0032,2023-05-28,1,Customer Changed Mind
RET010031,ORD0113451,P0098,2023-10-21,1,Quality Issue
RET010032,ORD0113459,P0137,2024-03-28,1,Damaged in Transit
RET010033,ORD0113467,P0050,2024-08-01,1,Quality Issue
RET010034,ORD0113473,P0159,2024-09-28,1,Damaged in Transit
RET010035,ORD0113507,P0122,2023-04-12,1,Wrong Item Delivered
RET010036,ORD0113508,P0121,2023-04-16,1,Late Delivery
RET010037,ORD0113510,P0060,2023-07-10,2,Quality Issue
RET010038,ORD0113521,P0157,2024-03-01,1,Damaged in Transit
RET010039,ORD0113532,P0133,2024-09-17,1,Customer Changed Mind
RET010040,ORD0113535,P0075,2024-10-20,1,Damaged in Transit
RET010041,ORD0113566,P0118,2023-06-15,4,Damaged in Transit
RET010042,ORD0113566,P0050,2023-06-20,3,Wrong Item Delivered
RET010043,ORD0113567,P0049,2023-06-23,12,Damaged in Transit
RET010044,ORD0113570,P0052,2023-08-07,11,Quality Issue
RET010045,ORD0113588,P0025,2023-04-15,1,Wrong Item Delivered
RET010046,ORD0113596,P0027,2023-08-15,1,Customer Changed Mind
RET010047,ORD0113626,P0036,2023-09-27,1,Quality Issue
RET010048,ORD0113666,P0179,2024-03-10,2,Damaged in Transit
RET010049,ORD0113668,P0192,2024-06-03,1,Damaged in Transit
RET010050,ORD0113671,P0034,2024-07-18,1,Late Delivery
RET010051,ORD0113698,P0049,2023-04-06,2,Quality Issue
RET010052,ORD0113718,P0017,2024-03-30,1,Damaged in Transit
RET010053,ORD0113728,P0094,2023-01-14,2,Damaged in Transit
RET010054,ORD0113788,P0042,2023-11-16,1,Damaged in Transit
RET010055,ORD0113789,P0098,2023-12-07,1,Quality Issue
RET010056,ORD0113799,P0031,2024-08-20,1,Customer Changed Mind
RET010057,ORD0113820,P0187,2024-07-22,1,Damaged in Transit
RET010058,ORD0113821,P0189,2024-08-28,2,Customer Changed Mind
RET010059,ORD0113833,P0049,2023-08-30,2,Damaged in Transit
RET010060,ORD0113841,P0024,2024-04-18,1,Late Delivery
RET010061,ORD0113869,P0001,2023-04-16,1,Customer Changed Mind
RET010062,ORD0113870,P0168,2023-05-04,1,Other
RET010063,ORD0113876,P0184,2023-07-07,1,Late Delivery
RET010064,ORD0113897,P0141,2024-09-06,1,Wrong Item Delivered
RET010065,ORD0113908,P0001,2023-05-09,1,Late Delivery
RET010066,ORD0113919,P0068,2023-10-25,1,Customer Changed Mind
RET010067,ORD0113920,P0154,2023-10-20,1,Late Delivery
RET010068,ORD0113932,P0111,2024-07-05,1,Damaged in Transit
RET010069,ORD0113955,P0112,2024-01-03,1,Other
RET010070,ORD0113977,P0021,2023-05-06,30,Damaged in Transit
RET010071,ORD0113992,P0137,2024-10-01,9,Wrong Item Delivered
RET010072,ORD0114018,P0143,2023-05-06,1,Damaged in Transit
RET010073,ORD0114037,P0131,2024-04-26,1,Customer Changed Mind
RET010074,ORD0114040,P0024,2024-07-24,1,Late Delivery
RET010075,ORD0114044,P0001,2024-10-31,1,Quality Issue
RET010076,ORD0114055,P0137,2023-04-21,1,Wrong Item Delivered
RET010077,ORD0114070,P0044,2024-01-28,1,Wrong Item Delivered
RET010078,ORD0114097,P0008,2023-10-23,18,Late Delivery
RET010079,ORD0114098,P0127,2023-12-11,4,Customer Changed Mind
RET010080,ORD0114102,P0058,2024-07-20,4,Late Delivery
RET010081,ORD0114109,P0111,2023-02-11,48,Other
RET010082,ORD0114112,P0093,2023-02-23,61,Damaged in Transit
RET010083,ORD0114112,P0027,2023-03-01,15,Damaged in Transit
RET010084,ORD0114113,P0097,2023-03-29,52,Customer Changed Mind
RET010085,ORD0114115,P0079,2023-04-14,4,Customer Changed Mind
RET010086,ORD0114145,P0150,2024-01-04,1,Damaged in Transit
RET010087,ORD0114145,P0102,2024-01-06,1,Damaged in Transit
RET010088,ORD0114148,P0015,2024-02-29,1,Late Delivery
RET010089,ORD0114157,P0094,2024-07-25,1,Quality Issue
RET010090,ORD0114164,P0047,2024-12-11,1,Damaged in Transit
RET010091,ORD0114202,P0001,2023-03-04,1,Customer Changed Mind
RET010092,ORD0114208,P0092,2023-06-12,2,Other
RET010093,ORD0114225,P0122,2024-08-28,1,Wrong Item Delivered
RET010094,ORD0114244,P0131,2023-04-24,2,Wrong Item Delivered
RET010095,ORD0114246,P0192,2023-06-17,1,Damaged in Transit
RET010096,ORD0114255,P0188,2024-01-27,1,Quality Issue
RET010097,ORD0114256,P0195,2024-01-28,1,Wrong Item Delivered
RET010098,ORD0114266,P0083,2024-12-26,1,Wrong Item Delivered
RET010099,ORD0114273,P0050,2023-03-16,1,Customer Changed Mind
RET010100,ORD0114273,P0159,2023-03-26,2,Customer Changed Mind
RET010101,ORD0114273,P0112,2023-03-25,1,Other
RET010102,ORD0114304,P0088,2023-04-14,14,Customer Changed Mind
RET010103,ORD0114308,P0195,2023-05-11,24,Wrong Item Delivered
RET010104,ORD0114339,P0182,2024-01-16,5,Customer Changed Mind
RET010105,ORD0114342,P0101,2024-04-11,3,Damaged in Transit
RET010106,ORD0114342,P0144,2024-04-02,1,Damaged in Transit
RET010107,ORD0114342,P0036,2024-04-01,2,Damaged in Transit
RET010108,ORD0114348,P0003,2024-09-16,2,Wrong Item Delivered
RET010109,ORD0114350,P0198,2024-11-11,1,Wrong Item Delivered
RET010110,ORD0114355,P0063,2023-05-03,1,Late Delivery
RET010111,ORD0114404,P0044,2023-06-18,151,Wrong Item Delivered
RET010112,ORD0114423,P0082,2024-02-09,2,Damaged in Transit
RET010113,ORD0114428,P0077,2024-05-19,1,Other
RET010114,ORD0114435,P0032,2023-01-19,1,Damaged in Transit
RET010115,ORD0114435,P0147,2023-01-26,1,Damaged in Transit
RET010116,ORD0114439,P0025,2023-03-03,2,Customer Changed Mind
RET010117,ORD0114443,P0095,2023-05-07,1,Late Delivery
RET010118,ORD0114453,P0038,2023-11-07,2,Wrong Item Delivered
RET010119,ORD0114459,P0023,2024-02-06,1,Damaged in Transit
RET010120,ORD0114459,P0036,2024-02-02,1,Damaged in Transit
RET010121,ORD0114483,P0011,2023-08-11,75,Customer Changed Mind
RET010122,ORD0114488,P0039,2023-11-23,29,Damaged in Transit
RET010123,ORD0114500,P0030,2023-02-22,34,Damaged in Transit
RET010124,ORD0114528,P0051,2023-06-09,1,Damaged in Transit
RET010125,ORD0114531,P0088,2023-07-14,2,Customer Changed Mind
RET010126,ORD0114533,P0163,2023-08-09,1,Damaged in Transit
RET010127,ORD0114544,P0073,2024-06-11,1,Customer Changed Mind
RET010128,ORD0114552,P0163,2023-01-24,1,Customer Changed Mind
RET010129,ORD0114567,P0117,2023-10-10,1,Damaged in Transit
RET010130,ORD0114578,P0053,2024-03-16,1,Customer Changed Mind
RET010131,ORD0114583,P0020,2024-04-24,1,Customer Changed Mind
RET010132,ORD0114595,P0097,2024-10-18,2,Damaged in Transit
RET010133,ORD0114598,P0098,2024-12-12,1,Wrong Item Delivered
RET010134,ORD0114648,P0016,2024-03-02,3,Wrong Item Delivered
RET010135,ORD0114648,P0133,2024-03-04,1,Customer Changed Mind
RET010136,ORD0114658,P0032,2024-10-11,2,Quality Issue
RET010137,ORD0114701,P0044,2024-03-10,2,Wrong Item Delivered
RET010138,ORD0114704,P0056,2024-06-12,2,Wrong Item Delivered
RET010139,ORD0114751,P0159,2024-07-29,1,Quality Issue
RET010140,ORD0114767,P0068,2023-02-27,1,Customer Changed Mind
RET010141,ORD0114772,P0192,2023-03-30,1,Damaged in Transit
RET010142,ORD0114786,P0108,2024-06-18,1,Damaged in Transit
RET010143,ORD0114818,P0184,2023-10-21,1,Customer Changed Mind
RET010144,ORD0114833,P0107,2023-01-15,1,Quality Issue
RET010145,ORD0114840,P0008,2023-03-05,1,Customer Changed Mind
RET010146,ORD0114847,P0152,2023-10-31,1,Customer Changed Mind
RET010147,ORD0114854,P0196,2024-02-14,1,Damaged in Transit
RET010148,ORD0114855,P0091,2024-04-05,2,Customer Changed Mind
RET010149,ORD0114899,P0114,2023-12-04,1,Customer Changed Mind
RET010150,ORD0114915,P0198,2024-11-11,1,Late Delivery
RET010151,ORD0114937,P0003,2023-09-16,1,Damaged in Transit
RET010152,ORD0114945,P0100,2024-05-22,1,Wrong Item Delivered
RET010153,ORD0114953,P0005,2024-08-30,1,Damaged in Transit
RET010154,ORD0114960,P0005,2024-12-05,1,Damaged in Transit
RET010155,ORD0114978,P0146,2023-10-31,1,Wrong Item Delivered
RET010156,ORD0114997,P0173,2023-03-17,1,Late Delivery
RET010157,ORD0115007,P0003,2023-10-31,1,Damaged in Transit
RET010158,ORD0115015,P0124,2024-07-08,2,Quality Issue
RET010159,ORD0115016,P0116,2024-07-22,1,Quality Issue
RET010160,ORD0115035,P0073,2023-10-06,1,Other
RET010161,ORD0115052,P0162,2023-02-01,1,Customer Changed Mind
RET010162,ORD0115068,P0113,2024-01-16,1,Quality Issue
RET010163,ORD0115093,P0189,2023-03-04,2,Customer Changed Mind
RET010164,ORD0115146,P0023,2023-06-26,1,Customer Changed Mind
RET010165,ORD0115150,P0119,2023-10-29,1,Damaged in Transit
RET010166,ORD0115201,P0023,2024-11-07,2,Wrong Item Delivered
RET010167,ORD0115205,P0166,2023-04-12,1,Damaged in Transit
RET010168,ORD0115209,P0141,2023-06-13,2,Quality Issue
RET010169,ORD0115213,P0059,2023-10-05,1,Customer Changed Mind
RET010170,ORD0115225,P0095,2024-10-20,1,Wrong Item Delivered
RET010171,ORD0115227,P0019,2024-11-30,3,Customer Changed Mind
RET010172,ORD0115234,P0093,2023-03-18,1,Quality Issue
RET010173,ORD0115234,P0101,2023-03-16,1,Damaged in Transit
RET010174,ORD0115235,P0097,2023-04-05,1,Wrong Item Delivered
RET010175,ORD0115239,P0099,2023-07-18,1,Wrong Item Delivered
RET010176,ORD0115240,P0200,2023-10-02,1,Late Delivery
RET010177,ORD0115244,P0064,2023-12-24,1,Quality Issue
RET010178,ORD0115249,P0046,2024-01-16,1,Quality Issue
RET010179,ORD0115278,P0005,2024-02-04,8,Customer Changed Mind
RET010180,ORD0115281,P0180,2024-04-28,12,Late Delivery
RET010181,ORD0115282,P0123,2024-04-17,69,Wrong Item Delivered
RET010182,ORD0115287,P0023,2024-09-02,46,Damaged in Transit
RET010183,ORD0115297,P0064,2023-06-13,1,Wrong Item Delivered
RET010184,ORD0115308,P0044,2023-12-17,1,Wrong Item Delivered
RET010185,ORD0115345,P0114,2024-02-04,3,Wrong Item Delivered
RET010186,ORD0115392,P0068,2024-07-24,1,Customer Changed Mind
RET010187,ORD0115402,P0035,2024-12-14,2,Damaged in Transit
RET010188,ORD0115417,P0137,2024-11-14,41,Late Delivery
RET010189,ORD0115421,P0107,2023-05-01,2,Damaged in Transit
RET010190,ORD0115422,P0144,2023-06-15,4,Quality Issue
RET010191,ORD0115432,P0159,2024-08-09,31,Late Delivery
RET010192,ORD0115434,P0197,2024-10-24,7,Quality Issue
RET010193,ORD0115440,P0060,2023-05-23,15,Late Delivery
RET010194,ORD0115477,P0001,2023-11-12,1,Quality Issue
RET010195,ORD0115487,P0182,2024-04-06,1,Late Delivery
RET010196,ORD0115522,P0031,2024-12-22,1,Customer Changed Mind
RET010197,ORD0115541,P0024,2024-10-22,48,Damaged in Transit
RET010198,ORD0115543,P0093,2024-12-13,5,Damaged in Transit
RET010199,ORD0115549,P0077,2023-04-23,14,Wrong Item Delivered
RET010200,ORD0115553,P0198,2023-09-06,33,Wrong Item Delivered
RET010201,ORD0115557,P0104,2023-12-25,63,Quality Issue
RET010202,ORD0115558,P0004,2024-01-24,53,Quality Issue
RET010203,ORD0115578,P0085,2023-04-29,2,Customer Changed Mind
RET010204,ORD0115606,P0144,2023-02-19,1,Customer Changed Mind
RET010205,ORD0115618,P0016,2024-02-23,1,Quality Issue
RET010206,ORD0115635,P0136,2024-11-28,1,Customer Changed Mind
RET010207,ORD0115656,P0121,2024-06-04,2,Customer Changed Mind
RET010208,ORD0115659,P0037,2024-09-30,2,Late Delivery
RET010209,ORD0115670,P0042,2023-07-10,2,Late Delivery
RET010210,ORD0115682,P0004,2024-10-12,1,Wrong Item Delivered
RET010211,ORD0115684,P0109,2024-10-29,2,Late Delivery
RET010212,ORD0115690,P0094,2023-04-14,1,Customer Changed Mind
RET010213,ORD0115745,P0012,2023-08-09,1,Customer Changed Mind
RET010214,ORD0115748,P0074,2023-11-25,2,Other
RET010215,ORD0115758,P0043,2024-07-31,1,Other
RET010216,ORD0115762,P0021,2023-01-21,1,Quality Issue
RET010217,ORD0115798,P0060,2023-09-05,2,Other
RET010218,ORD0115806,P0026,2024-01-20,1,Damaged in Transit
RET010219,ORD0115811,P0097,2024-07-13,1,Damaged in Transit
RET010220,ORD0115829,P0165,2023-10-03,10,Customer Changed Mind
RET010221,ORD0115851,P0051,2023-05-21,1,Customer Changed Mind
RET010222,ORD0115861,P0124,2023-10-22,1,Other
RET010223,ORD0115866,P0028,2024-02-23,1,Damaged in Transit
RET010224,ORD0115867,P0149,2024-03-10,1,Wrong Item Delivered
RET010225,ORD0115868,P0056,2024-03-18,1,Damaged in Transit
RET010226,ORD0115878,P0121,2024-10-08,1,Damaged in Transit
RET010227,ORD0115887,P0095,2023-03-26,157,Late Delivery
RET010228,ORD0115897,P0194,2024-04-19,102,Customer Changed Mind
RET010229,ORD0115899,P0027,2024-09-29,3,Wrong Item Delivered
RET010230,ORD0115904,P0195,2023-03-09,1,Damaged in Transit
RET010231,ORD0115906,P0162,2023-08-09,1,Late Delivery
RET010232,ORD0115908,P0166,2023-11-05,2,Late Delivery
RET010233,ORD0115912,P0180,2024-06-07,1,Quality Issue
RET010234,ORD0115927,P0073,2023-07-01,3,Damaged in Transit
RET010235,ORD0115931,P0034,2023-09-16,30,Late Delivery
RET010236,ORD0115933,P0095,2023-11-07,39,Customer Changed Mind
RET010237,ORD0115963,P0093,2023-08-28,1,Wrong Item Delivered
RET010238,ORD0115964,P0038,2023-09-09,1,Quality Issue
RET010239,ORD0116010,P0023,2024-01-10,4,Customer Changed Mind
RET010240,ORD0116026,P0038,2023-06-12,2,Quality Issue
RET010241,ORD0116028,P0122,2023-07-17,5,Wrong Item Delivered
RET010242,ORD0116028,P0074,2023-07-05,1,Wrong Item Delivered
RET010243,ORD0116036,P0159,2024-02-10,1,Wrong Item Delivered
RET010244,ORD0116038,P0045,2024-02-27,1,Damaged in Transit
RET010245,ORD0116050,P0070,2024-10-04,2,Damaged in Transit
RET010246,ORD0116054,P0140,2023-03-04,1,Quality Issue
RET010247,ORD0116055,P0025,2023-03-30,1,Customer Changed Mind
RET010248,ORD0116064,P0196,2023-10-18,1,Damaged in Transit
RET010249,ORD0116068,P0019,2024-03-03,2,Damaged in Transit
RET010250,ORD0116077,P0048,2024-12-03,1,Late Delivery
RET010251,ORD0116083,P0034,2023-03-26,1,Customer Changed Mind
RET010252,ORD0116095,P0094,2024-03-07,1,Wrong Item Delivered
RET010253,ORD0116106,P0169,2024-10-10,1,Wrong Item Delivered
RET010254,ORD0116111,P0130,2023-03-14,1,Wrong Item Delivered
RET010255,ORD0116129,P0007,2023-12-12,1,Damaged in Transit
RET010256,ORD0116161,P0195,2023-12-23,11,Late Delivery
RET010257,ORD0116170,P0158,2024-07-03,21,Customer Changed Mind
RET010258,ORD0116171,P0141,2024-07-18,1,Customer Changed Mind
RET010259,ORD0116211,P0131,2023-12-14,1,Damaged in Transit
RET010260,ORD0116223,P0030,2024-07-25,1,Customer Changed Mind
RET010261,ORD0116255,P0180,2023-02-11,1,Customer Changed Mind
RET010262,ORD0116267,P0187,2023-09-24,1,Wrong Item Delivered
RET010263,ORD0116281,P0029,2024-02-11,1,Late Delivery
RET010264,ORD0116299,P0024,2024-10-24,1,Customer Changed Mind
RET010265,ORD0116319,P0182,2023-10-13,1,Wrong Item Delivered
RET010266,ORD0116320,P0132,2023-11-06,1,Customer Changed Mind
RET010267,ORD0116323,P0029,2024-01-09,1,Damaged in Transit
RET010268,ORD0116329,P0101,2024-02-27,1,Wrong Item Delivered
RET010269,ORD0116356,P0037,2023-08-26,2,Quality Issue
RET010270,ORD0116367,P0045,2024-08-30,1,Customer Changed Mind
RET010271,ORD0116374,P0095,2023-04-14,3,Customer Changed Mind
RET010272,ORD0116381,P0011,2023-12-01,1,Quality Issue
RET010273,ORD0116387,P0132,2024-05-25,2,Wrong Item Delivered
RET010274,ORD0116391,P0095,2024-08-07,2,Quality Issue
RET010275,ORD0116398,P0026,2023-03-22,2,Wrong Item Delivered
RET010276,ORD0116404,P0193,2023-06-26,1,Wrong Item Delivered
RET010277,ORD0116422,P0137,2024-05-22,1,Wrong Item Delivered
RET010278,ORD0116439,P0030,2023-04-30,4,Customer Changed Mind
RET010279,ORD0116469,P0038,2023-03-31,2,Damaged in Transit
RET010280,ORD0116473,P0093,2023-05-04,3,Customer Changed Mind
RET010281,ORD0116490,P0020,2024-07-19,1,Quality Issue
RET010282,ORD0116494,P0104,2024-11-28,2,Wrong Item Delivered
RET010283,ORD0116504,P0032,2023-11-25,156,Damaged in Transit
RET010284,ORD0116525,P0074,2024-01-31,48,Customer Changed Mind
RET010285,ORD0116530,P0004,2024-09-13,5,Customer Changed Mind
RET010286,ORD0116541,P0043,2024-01-31,241,Customer Changed Mind
RET010287,ORD0116543,P0187,2024-03-26,216,Damaged in Transit
RET010288,ORD0116543,P0061,2024-04-06,65,Damaged in Transit
RET010289,ORD0116547,P0162,2024-06-11,62,Other
RET010290,ORD0116548,P0146,2024-08-14,72,Quality Issue
RET010291,ORD0116572,P0200,2024-03-22,1,Customer Changed Mind
RET010292,ORD0116594,P0101,2024-01-29,145,Quality Issue
RET010293,ORD0116614,P0027,2023-08-22,1,Quality Issue
RET010294,ORD0116618,P0198,2023-12-24,1,Wrong Item Delivered
RET010295,ORD0116626,P0049,2024-04-26,1,Customer Changed Mind
RET010296,ORD0116639,P0007,2024-10-05,1,Late Delivery
RET010297,ORD0116658,P0074,2023-04-19,1,Damaged in Transit
RET010298,ORD0116661,P0079,2023-06-22,1,Customer Changed Mind
RET010299,ORD0116669,P0003,2023-11-02,1,Quality Issue
RET010300,ORD0116675,P0068,2023-12-29,1,Wrong Item Delivered
RET010301,ORD0116699,P0062,2023-04-25,1,Damaged in Transit
RET010302,ORD0116704,P0100,2023-06-23,1,Damaged in Transit
RET010303,ORD0116706,P0065,2023-09-09,1,Damaged in Transit
RET010304,ORD0116713,P0187,2024-01-12,2,Other
RET010305,ORD0116714,P0094,2024-01-15,1,Damaged in Transit
RET010306,ORD0116734,P0170,2024-10-01,1,Damaged in Transit
RET010307,ORD0116745,P0026,2023-05-10,105,Quality Issue
RET010308,ORD0116749,P0028,2023-08-23,257,Quality Issue
RET010309,ORD0116758,P0008,2024-12-19,99,Customer Changed Mind
RET010310,ORD0116762,P0181,2023-05-19,1,Other
RET010311,ORD0116773,P0145,2023-09-22,1,Customer Changed Mind
RET010312,ORD0116793,P0129,2024-08-27,2,Late Delivery
RET010313,ORD0116795,P0151,2024-10-07,1,Late Delivery
RET010314,ORD0116800,P0089,2024-12-09,1,Wrong Item Delivered
RET010315,ORD0116803,P0175,2023-01-26,2,Other
RET010316,ORD0116818,P0134,2023-12-25,1,Customer Changed Mind
RET010317,ORD0116827,P0127,2024-05-17,1,Customer Changed Mind
RET010318,ORD0116831,P0133,2024-09-03,1,Wrong Item Delivered
RET010319,ORD0116836,P0016,2024-11-28,1,Quality Issue
RET010320,ORD0116890,P0015,2023-05-01,2,Other
RET010321,ORD0116892,P0083,2023-05-22,2,Other
RET010322,ORD0116897,P0179,2023-09-16,2,Damaged in Transit
RET010323,ORD0116910,P0186,2023-03-10,2,Damaged in Transit
RET010324,ORD0116913,P0024,2023-05-11,4,Quality Issue
RET010325,ORD0116916,P0197,2023-06-09,3,Wrong Item Delivered
RET010326,ORD0116956,P0010,2023-07-31,1,Damaged in Transit
RET010327,ORD0116971,P0003,2024-01-01,1,Late Delivery
RET010328,ORD0116973,P0141,2024-02-09,1,Other
RET010329,ORD0116980,P0009,2024-05-25,1,Wrong Item Delivered
RET010330,ORD0117010,P0014,2023-12-31,2,Late Delivery
RET010331,ORD0117035,P0149,2024-09-10,1,Quality Issue
RET010332,ORD0117040,P0105,2024-11-15,3,Customer Changed Mind
RET010333,ORD0117046,P0125,2023-06-17,1,Damaged in Transit
RET010334,ORD0117058,P0095,2024-01-19,1,Late Delivery
RET010335,ORD0117059,P0111,2024-02-03,1,Quality Issue
RET010336,ORD0117062,P0113,2024-02-28,1,Customer Changed Mind
RET010337,ORD0117072,P0195,2024-07-24,2,Quality Issue
RET010338,ORD0117073,P0148,2024-09-09,2,Customer Changed Mind
RET010339,ORD0117083,P0194,2023-06-02,1,Damaged in Transit
RET010340,ORD0117088,P0157,2023-08-13,1,Damaged in Transit
RET010341,ORD0117110,P0123,2023-08-18,139,Quality Issue
RET010342,ORD0117113,P0140,2024-04-05,167,Damaged in Transit
RET010343,ORD0117113,P0174,2024-04-14,56,Damaged in Transit
RET010344,ORD0117124,P0106,2023-07-15,3,Wrong Item Delivered
RET010345,ORD0117127,P0028,2023-10-07,1,Customer Changed Mind
RET010346,ORD0117140,P0165,2024-10-24,1,Damaged in Transit
RET010347,ORD0117147,P0049,2023-08-12,2,Quality Issue
RET010348,ORD0117177,P0004,2023-10-30,1,Damaged in Transit
RET010349,ORD0117178,P0011,2023-12-19,1,Customer Changed Mind
RET010350,ORD0117209,P0080,2023-01-12,1,Wrong Item Delivered
RET010351,ORD0117225,P0041,2023-09-15,1,Quality Issue
RET010352,ORD0117243,P0083,2024-07-02,1,Quality Issue
RET010353,ORD0117283,P0091,2023-06-18,2,Damaged in Transit
RET010354,ORD0117298,P0089,2024-05-05,2,Late Delivery
RET010355,ORD0117316,P0049,2023-04-09,2,Customer Changed Mind
RET010356,ORD0117349,P0130,2023-12-08,1,Late Delivery
RET010357,ORD0117349,P0149,2023-12-08,1,Quality Issue
RET010358,ORD0117352,P0034,2024-02-07,1,Late Delivery
RET010359,ORD0117357,P0107,2024-08-25,2,Customer Changed Mind
RET010360,ORD0117362,P0042,2024-12-09,3,Customer Changed Mind
RET010361,ORD0117366,P0055,2023-04-11,2,Damaged in Transit
RET010362,ORD0117367,P0081,2023-05-04,1,Other
RET010363,ORD0117371,P0131,2023-08-07,1,Damaged in Transit
RET010364,ORD0117375,P0093,2024-01-09,2,Customer Changed Mind
RET010365,ORD0117403,P0166,2023-10-04,2,Wrong Item Delivered
RET010366,ORD0117425,P0083,2024-09-09,1,Customer Changed Mind
RET010367,ORD0117436,P0118,2023-03-15,129,Late Delivery
RET010368,ORD0117457,P0123,2024-06-23,273,Quality Issue
RET010369,ORD0117490,P0045,2023-08-11,79,Damaged in Transit
RET010370,ORD0117490,P0083,2023-08-10,145,Damaged in Transit
RET010371,ORD0117492,P0099,2023-11-15,83,Customer Changed Mind
RET010372,ORD0117498,P0035,2024-11-06,235,Quality Issue
RET010373,ORD0117499,P0002,2023-01-13,1,Damaged in Transit
RET010374,ORD0117509,P0063,2023-07-08,1,Damaged in Transit
RET010375,ORD0117516,P0168,2023-11-18,1,Damaged in Transit
RET010376,ORD0117516,P0065,2023-11-11,1,Damaged in Transit
RET010377,ORD0117523,P0060,2024-04-07,1,Damaged in Transit
RET010378,ORD0117560,P0146,2023-04-20,1,Damaged in Transit
RET010379,ORD0117569,P0051,2023-08-19,1,Damaged in Transit
RET010380,ORD0117579,P0070,2024-01-27,1,Damaged in Transit
RET010381,ORD0117582,P0039,2024-03-07,1,Late Delivery
RET010382,ORD0117591,P0129,2024-07-22,2,Customer Changed Mind
RET010383,ORD0117614,P0052,2024-06-04,5,Wrong Item Delivered
RET010384,ORD0117617,P0101,2024-09-10,1,Wrong Item Delivered
RET010385,ORD0117618,P0051,2024-09-04,1,Late Delivery
RET010386,ORD0117627,P0037,2023-03-28,2,Other
RET010387,ORD0117629,P0182,2023-05-06,1,Wrong Item Delivered
RET010388,ORD0117629,P0122,2023-05-03,2,Wrong Item Delivered
RET010389,ORD0117647,P0131,2023-12-12,1,Late Delivery
RET010390,ORD0117656,P0094,2024-03-26,2,Late Delivery
RET010391,ORD0117659,P0157,2024-05-25,1,Damaged in Transit
RET010392,ORD0117662,P0123,2024-06-15,2,Late Delivery
RET010393,ORD0117666,P0085,2024-08-27,1,Quality Issue
RET010394,ORD0117682,P0019,2023-08-15,2,Wrong Item Delivered
RET010395,ORD0117693,P0006,2024-04-16,1,Quality Issue
RET010396,ORD0117702,P0113,2024-10-12,2,Customer Changed Mind
RET010397,ORD0117711,P0093,2023-05-30,1,Other
RET010398,ORD0117719,P0001,2024-01-28,4,Other
RET010399,ORD0117728,P0122,2024-08-24,2,Customer Changed Mind
RET010400,ORD0117732,P0034,2023-03-08,2,Damaged in Transit
RET010401,ORD0117764,P0038,2023-01-14,1,Late Delivery
RET010402,ORD0117776,P0184,2023-08-15,1,Late Delivery
RET010403,ORD0117786,P0200,2023-12-09,1,Customer Changed Mind
RET010404,ORD0117789,P0183,2024-04-24,1,Wrong Item Delivered
RET010405,ORD0117796,P0125,2024-11-20,1,Quality Issue
RET010406,ORD0117817,P0001,2024-03-05,1,Quality Issue
RET010407,ORD0117826,P0174,2024-07-04,1,Damaged in Transit
RET010408,ORD0117843,P0133,2023-03-03,69,Quality Issue
RET010409,ORD0117848,P0179,2024-05-26,234,Quality Issue
RET010410,ORD0117850,P0112,2024-07-29,60,Customer Changed Mind
RET010411,ORD0117851,P0068,2024-09-01,96,Wrong Item Delivered
RET010412,ORD0117852,P0066,2024-09-17,289,Late Delivery
RET010413,ORD0117870,P0120,2024-03-23,1,Wrong Item Delivered
RET010414,ORD0117875,P0107,2024-07-28,1,Wrong Item Delivered
RET010415,ORD0117877,P0079,2024-09-02,3,Damaged in Transit
RET010416,ORD0117905,P0188,2024-01-10,1,Quality Issue
RET010417,ORD0117912,P0016,2024-02-14,1,Late Delivery
RET010418,ORD0117913,P0003,2024-02-28,1,Damaged in Transit
RET010419,ORD0117934,P0112,2023-02-03,1,Wrong Item Delivered
RET010420,ORD0117934,P0122,2023-02-12,1,Wrong Item Delivered
RET010421,ORD0117936,P0128,2023-02-08,1,Other
RET010422,ORD0117937,P0144,2023-02-04,1,Quality Issue
RET010423,ORD0117941,P0109,2023-06-20,1,Other
RET010424,ORD0117942,P0142,2023-07-02,1,Customer Changed Mind
RET010425,ORD0117980,P0031,2024-09-15,67,Customer Changed Mind
RET010426,ORD0117996,P0111,2024-12-22,7,Quality Issue
RET010427,ORD0118002,P0035,2023-11-15,2,Wrong Item Delivered
RET010428,ORD0118007,P0170,2024-04-13,2,Wrong Item Delivered
RET010429,ORD0118010,P0050,2024-03-29,1,Customer Changed Mind
RET010430,ORD0118045,P0047,2024-03-12,1,Customer Changed Mind
RET010431,ORD0118062,P0089,2023-05-22,1,Damaged in Transit
RET010432,ORD0118067,P0024,2023-11-08,1,Late Delivery
RET010433,ORD0118068,P0137,2023-11-21,1,Damaged in Transit
RET010434,ORD0118071,P0068,2024-01-12,2,Damaged in Transit
RET010435,ORD0118074,P0093,2024-04-21,3,Customer Changed Mind
RET010436,ORD0118084,P0136,2024-11-02,2,Quality Issue
RET010437,ORD0118102,P0191,2023-12-14,7,Quality Issue
RET010438,ORD0118115,P0088,2024-03-25,23,Wrong Item Delivered
RET010439,ORD0118142,P0106,2023-05-02,2,Wrong Item Delivered
RET010440,ORD0118142,P0050,2023-05-16,1,Wrong Item Delivered
RET010441,ORD0118148,P0024,2024-01-28,1,Damaged in Transit
RET010442,ORD0118149,P0101,2024-01-31,1,Quality Issue
RET010443,ORD0118153,P0100,2024-04-08,2,Wrong Item Delivered
RET010444,ORD0118162,P0177,2024-09-11,1,Quality Issue
RET010445,ORD0118170,P0081,2023-07-09,24,Late Delivery
RET010446,ORD0118199,P0131,2023-08-20,1,Late Delivery
RET010447,ORD0118206,P0186,2023-11-13,1,Late Delivery
RET010448,ORD0118209,P0096,2024-02-15,1,Quality Issue
RET010449,ORD0118213,P0016,2024-04-20,1,Wrong Item Delivered
RET010450,ORD0118215,P0010,2024-06-06,1,Damaged in Transit
RET010451,ORD0118222,P0047,2024-09-30,2,Customer Changed Mind
RET010452,ORD0118251,P0051,2024-02-19,1,Customer Changed Mind
RET010453,ORD0118272,P0014,2024-12-11,1,Quality Issue
RET010454,ORD0118298,P0152,2023-11-29,2,Quality Issue
RET010455,ORD0118298,P0128,2023-11-25,1,Quality Issue
RET010456,ORD0118303,P0039,2024-01-17,1,Late Delivery
RET010457,ORD0118312,P0070,2024-05-03,1,Other
RET010458,ORD0118316,P0198,2024-08-05,2,Quality Issue
RET010459,ORD0118318,P0021,2024-09-15,2,Customer Changed Mind
RET010460,ORD0118319,P0051,2024-12-01,1,Damaged in Transit
RET010461,ORD0118332,P0149,2024-07-21,120,Quality Issue
RET010462,ORD0118335,P0036,2024-08-28,114,Quality Issue
RET010463,ORD0118337,P0012,2024-09-26,65,Customer Changed Mind
RET010464,ORD0118370,P0061,2023-05-25,128,Damaged in Transit
RET010465,ORD0118389,P0048,2024-03-27,1,Damaged in Transit
RET010466,ORD0118389,P0005,2024-03-29,3,Damaged in Transit
RET010467,ORD0118404,P0095,2023-05-09,26,Quality Issue
RET010468,ORD0118411,P0186,2024-05-27,13,Wrong Item Delivered
RET010469,ORD0118411,P0180,2024-05-10,14,Wrong Item Delivered
RET010470,ORD0118415,P0019,2024-07-14,7,Customer Changed Mind
RET010471,ORD0118451,P0165,2023-09-15,80,Late Delivery
RET010472,ORD0118458,P0085,2024-01-06,24,Customer Changed Mind
RET010473,ORD9999999,P0028,2024-06-25,20,Customer Changed Mind
RET010474,ORD0118463,P0106,2024-07-02,7,Damaged in Transit
RET010475,ORD0118474,P0154,2024-01-09,86,Quality Issue
RET010476,ORD0118495,P0022,2023-08-08,1,Wrong Item Delivered
RET010477,ORD0118508,P0030,2024-03-08,1,Damaged in Transit
RET010478,ORD0118509,P0137,2024-03-13,1,Customer Changed Mind
RET010479,ORD0118510,P0031,2024-04-27,1,Damaged in Transit
RET010480,ORD0118520,P0195,2024-08-31,2,Damaged in Transit
RET010481,ORD0118555,P0149,2024-04-14,1,Wrong Item Delivered
RET010482,ORD0118569,P0098,2023-03-09,1,Customer Changed Mind
RET010483,ORD0118571,P0117,2023-06-14,1,Customer Changed Mind
RET010484,ORD0118583,P0044,2024-05-13,4,Quality Issue
RET010485,ORD0118584,P0036,2024-05-30,2,Customer Changed Mind
RET010486,ORD0118588,P0074,2024-09-10,1,Late Delivery
RET010487,ORD9999999,P0076,2024-09-25,1,Wrong Item Delivered
RET010488,ORD0118602,P0100,2023-08-30,2,Damaged in Transit
RET010489,ORD0118602,P0104,2023-09-06,1,Damaged in Transit
RET010490,ORD0118608,P0005,2023-12-12,2,Customer Changed Mind
RET010491,ORD0118622,P0023,2024-12-03,3,Other
RET010492,ORD0118625,P0187,2023-03-14,1,Damaged in Transit
RET010493,ORD0118625,P0045,2023-03-10,1,Damaged in Transit
RET010494,ORD0118627,P0114,2023-03-26,1,Quality Issue
RET010495,ORD0118628,P0048,2023-04-24,1,Late Delivery
RET010496,ORD0118629,P0178,2023-04-24,1,Quality Issue
RET010497,ORD0118631,P0176,2023-09-24,1,Wrong Item Delivered
RET010498,ORD0118640,P0183,2024-02-24,1,Customer Changed Mind
RET010499,ORD0118687,P0176,2023-07-05,1,Late Delivery
RET010500,ORD0118698,P0032,2024-01-13,1,Wrong Item Delivered
RET010501,ORD0118698,P0137,2024-01-14,1,Wrong Item Delivered
RET010502,ORD0118707,P0126,2024-08-25,1,Wrong Item Delivered
RET010503,ORD0118722,P0179,2023-09-08,3,Quality Issue
RET010504,ORD0118725,P0129,2023-12-12,4,Late Delivery
RET010505,ORD0118731,P0038,2024-02-29,1,Late Delivery
RET010506,ORD0118744,P0107,2024-12-10,2,Wrong Item Delivered
RET010507,ORD0118752,P0162,2023-05-26,2,Damaged in Transit
RET010508,ORD0118755,P0183,2023-07-30,2,Damaged in Transit
RET010509,ORD0118755,P0038,2023-07-27,2,Damaged in Transit
RET010510,ORD0118781,P0005,2024-05-13,271,Other
RET010511,ORD0118796,P0100,2024-05-03,28,Wrong Item Delivered
RET010512,ORD0118810,P0059,2023-04-15,1,Quality Issue
RET010513,ORD0118827,P0115,2023-12-08,1,Quality Issue
RET010514,ORD0118840,P0121,2024-08-25,2,Customer Changed Mind
RET010515,ORD0118855,P0159,2023-10-28,47,Quality Issue
RET010516,ORD0118890,P0125,2024-02-07,1,Quality Issue
RET010517,ORD0118891,P0021,2024-03-13,1,Damaged in Transit
RET010518,ORD0118907,P0031,2023-05-20,43,Customer Changed Mind
RET010519,ORD0118916,P0030,2024-06-21,11,Other
RET010520,ORD0118934,P0043,2023-06-24,1,Damaged in Transit
RET010521,ORD0118966,P0105,2024-10-13,1,Other
RET010522,ORD0118968,P0003,2024-12-13,1,Customer Changed Mind
RET010523,ORD0118969,P0179,2024-12-10,1,Wrong Item Delivered
RET010524,ORD9999999,P0039,2023-08-26,1,Quality Issue
RET010525,ORD0119010,P0166,2023-08-08,1,Damaged in Transit
RET010526,ORD0119014,P0087,2023-10-16,2,Damaged in Transit
RET010527,ORD0119026,P0029,2024-07-10,1,Customer Changed Mind
RET010528,ORD0119038,P0194,2024-11-23,1,Late Delivery
RET010529,ORD0119051,P0111,2023-11-14,1,Damaged in Transit
RET010530,ORD0119052,P0105,2023-12-25,1,Damaged in Transit
RET010531,ORD0119075,P0184,2024-04-06,51,Customer Changed Mind
RET010532,ORD0119086,P0131,2023-04-11,4,Wrong Item Delivered
RET010533,ORD0119098,P0088,2023-12-03,2,Wrong Item Delivered
RET010534,ORD0119100,P0007,2024-02-09,3,Wrong Item Delivered
RET010535,ORD0119105,P0031,2024-07-06,2,Quality Issue
RET010536,ORD0119129,P0098,2023-04-28,1,Quality Issue
RET010537,ORD0119139,P0100,2023-10-02,2,Customer Changed Mind
RET010538,ORD0119161,P0087,2024-09-09,1,Customer Changed Mind
RET010539,ORD0119178,P0014,2023-08-03,2,Damaged in Transit
RET010540,ORD0119201,P0074,2023-07-12,1,Customer Changed Mind
RET010541,ORD0119204,P0163,2023-09-16,1,Damaged in Transit
RET010542,ORD0119209,P0118,2023-11-04,1,Wrong Item Delivered
RET010543,ORD0119212,P0057,2023-12-14,1,Late Delivery
RET010544,ORD0119225,P0038,2024-06-30,1,Wrong Item Delivered
RET010545,ORD0119229,P0083,2024-09-01,1,Late Delivery
RET010546,ORD0119232,P0083,2024-09-29,1,Wrong Item Delivered
RET010547,ORD0119254,P0083,2023-11-13,1,Quality Issue
RET010548,ORD0119268,P0016,2024-06-20,1,Customer Changed Mind
RET010549,ORD0119269,P0143,2024-06-27,1,Wrong Item Delivered
RET010550,ORD0119285,P0133,2023-05-17,1,Damaged in Transit
RET010551,ORD0119288,P0038,2023-08-18,1,Customer Changed Mind
RET010552,ORD0119293,P0168,2023-10-08,1,Customer Changed Mind
RET010553,ORD0119313,P0099,2024-07-21,1,Quality Issue
RET010554,ORD0119326,P0195,2023-03-09,1,Late Delivery
RET010555,ORD0119370,P0073,2023-09-01,1,Other
RET010556,ORD0119380,P0018,2024-07-20,2,Wrong Item Delivered
RET010557,ORD0119386,P0061,2024-12-06,1,Damaged in Transit
RET010558,ORD0119393,P0065,2023-04-25,1,Quality Issue
RET010559,ORD0119398,P0017,2023-06-19,1,Damaged in Transit
RET010560,ORD0119403,P0093,2023-10-16,4,Customer Changed Mind
RET010561,ORD0119407,P0158,2024-02-11,4,Quality Issue
RET010562,ORD0119413,P0162,2024-05-24,1,Damaged in Transit
RET010563,ORD0119421,P0002,2024-12-03,1,Quality Issue
RET010564,ORD0119471,P0198,2024-07-11,1,Damaged in Transit
RET010565,ORD0119485,P0069,2023-12-31,21,Late Delivery
RET010566,ORD0119492,P0135,2023-02-14,1,Customer Changed Mind
RET010567,ORD0119492,P0029,2023-02-19,1,Quality Issue
RET010568,ORD0119514,P0026,2023-02-02,2,Damaged in Transit
RET010569,ORD0119556,P0076,2023-04-01,2,Quality Issue
RET010570,ORD0119562,P0043,2023-07-08,1,Quality Issue
RET010571,ORD0119564,P0057,2023-08-20,1,Quality Issue
RET010572,ORD0119581,P0023,2024-08-17,1,Customer Changed Mind
RET010573,ORD0119599,P0094,2024-01-11,2,Customer Changed Mind
RET010574,ORD0119606,P0105,2024-06-11,2,Quality Issue
RET010575,ORD0119609,P0157,2024-06-25,2,Customer Changed Mind
RET010576,ORD0119616,P0117,2024-09-18,1,Damaged in Transit
RET010577,ORD0119616,P0137,2024-09-16,3,Damaged in Transit
RET010578,ORD0119628,P0061,2023-05-19,4,Other
RET010579,ORD0119632,P0140,2023-08-25,2,Damaged in Transit
RET010580,ORD0119635,P0099,2023-10-14,2,Customer Changed Mind
RET010581,ORD0119638,P0146,2024-01-14,1,Customer Changed Mind
RET010582,ORD0119638,P0137,2024-01-09,3,Quality Issue
RET010583,ORD0119666,P0028,2024-11-23,4,Damaged in Transit
RET010584,ORD0119684,P0088,2024-06-14,140,Wrong Item Delivered
RET010585,ORD0119690,P0015,2024-12-20,123,Customer Changed Mind
RET010586,ORD0119691,P0078,2023-01-24,1,Late Delivery
RET010587,ORD0119698,P0099,2023-07-07,1,Wrong Item Delivered
RET010588,ORD0119698,P0150,2023-07-06,2,Wrong Item Delivered
RET010589,ORD0119713,P0159,2024-08-18,2,Quality Issue
RET010590,ORD0119735,P0085,2023-11-26,1,Wrong Item Delivered
RET010591,ORD0119735,P0019,2023-12-04,2,Wrong Item Delivered
RET010592,ORD0119794,P0056,2024-12-11,1,Wrong Item Delivered
RET010593,ORD0119795,P0132,2024-12-17,1,Other
RET010594,ORD0119867,P0010,2024-02-17,1,Damaged in Transit
RET010595,ORD0119870,P0155,2024-04-05,3,Damaged in Transit
RET010596,ORD0119887,P0114,2023-04-08,3,Damaged in Transit
RET010597,ORD0119891,P0116,2023-07-27,2,Damaged in Transit
RET010598,ORD0119909,P0181,2024-08-23,1,Customer Changed Mind
RET010599,ORD0119916,P0195,2024-12-08,1,Wrong Item Delivered
RET010600,ORD0119922,P0108,2023-05-17,1,Quality Issue
RET010601,ORD0119947,P0061,2024-05-06,1,Other
RET010602,ORD0119958,P0199,2023-01-18,1,Damaged in Transit
RET010603,ORD0119962,P0087,2023-03-27,1,Customer Changed Mind
RET010604,ORD0119963,P0187,2023-04-02,1,Quality Issue
RET010605,ORD0119987,P0002,2024-04-21,1,Wrong Item Delivered
RET010606,ORD0120007,P0137,2023-02-10,2,Quality Issue
RET010607,ORD0120013,P0093,2023-06-24,1,Damaged in Transit
RET010608,ORD0120036,P0122,2023-07-06,1,Quality Issue
RET010609,ORD0120058,P0138,2024-10-24,1,Wrong Item Delivered
RET010610,ORD0120058,P0063,2024-10-16,1,Wrong Item Delivered
RET010611,ORD0120066,P0168,2023-02-09,1,Damaged in Transit
RET010612,ORD0120071,P0031,2023-03-30,1,Customer Changed Mind
RET010613,ORD0120072,P0124,2023-04-13,2,Wrong Item Delivered
RET010614,ORD0120080,P0013,2024-02-19,1,Damaged in Transit
RET010615,ORD0120119,P0111,2023-09-24,1,Wrong Item Delivered
RET010616,ORD0120129,P0195,2024-05-30,1,Wrong Item Delivered
RET010617,ORD0120150,P0144,2023-02-14,3,Quality Issue
RET010618,ORD9999999,P0014,2023-07-10,2,Customer Changed Mind
RET010619,ORD0120197,P0124,2023-10-26,2,Quality Issue
RET010620,ORD0120197,P0062,2023-10-24,1,Other
RET010621,ORD0120212,P0103,2024-05-12,1,Quality Issue
RET010622,ORD0120228,P0087,2023-09-28,3,Wrong Item Delivered
RET010623,ORD0120228,P0177,2023-10-03,1,Wrong Item Delivered
RET010624,ORD0120243,P0154,2024-07-17,1,Quality Issue
RET010625,ORD0120251,P0091,2024-12-24,1,Customer Changed Mind
RET010626,ORD0120253,P0142,2023-03-14,2,Damaged in Transit
RET010627,ORD0120268,P0030,2024-09-01,1,Quality Issue
RET010628,ORD0120280,P0005,2023-09-29,1,Customer Changed Mind
RET010629,ORD0120307,P0095,2023-02-11,1,Quality Issue
RET010630,ORD0120313,P0187,2023-06-23,1,Customer Changed Mind
RET010631,ORD0120330,P0112,2024-01-17,1,Quality Issue
RET010632,ORD0120349,P0014,2023-02-16,3,Customer Changed Mind
RET010633,ORD0120360,P0095,2023-12-05,10,Quality Issue
RET010634,ORD0120361,P0146,2024-01-03,15,Quality Issue
RET010635,ORD0120369,P0116,2024-09-07,10,Other
RET010636,ORD0120369,P0089,2024-08-27,50,Quality Issue
RET010637,ORD0120378,P0083,2023-08-23,242,Quality Issue
RET010638,ORD0120406,P0104,2024-03-22,1,Quality Issue
RET010639,ORD0120418,P0179,2024-12-11,1,Other
RET010640,ORD0120427,P0004,2023-05-13,20,Customer Changed Mind
RET010641,ORD0120436,P0196,2024-10-27,3,Other
RET010642,ORD0120452,P0018,2023-11-26,1,Customer Changed Mind
RET010643,ORD0120455,P0124,2024-02-27,1,Quality Issue
RET010644,ORD0120486,P0113,2023-10-07,38,Customer Changed Mind
RET010645,ORD0120498,P0149,2024-10-09,7,Customer Changed Mind
RET010646,ORD0120502,P0088,2024-12-18,54,Late Delivery
RET010647,ORD0120527,P0027,2023-03-04,1,Customer Changed Mind
RET010648,ORD0120531,P0089,2023-06-29,67,Other
RET010649,ORD0120540,P0031,2024-08-03,22,Quality Issue
RET010650,ORD0120564,P0174,2024-04-24,1,Quality Issue
RET010651,ORD0120651,P0166,2024-12-21,1,Customer Changed Mind
RET010652,ORD0120654,P0103,2023-06-01,1,Late Delivery
RET010653,ORD0120670,P0117,2023-12-22,1,Customer Changed Mind
RET010654,ORD0120675,P0108,2024-03-12,1,Damaged in Transit
RET010655,ORD0120687,P0088,2024-09-10,2,Damaged in Transit
RET010656,ORD0120706,P0029,2023-08-03,1,Other
RET010657,ORD0120715,P0015,2024-02-13,1,Wrong Item Delivered
RET010658,ORD0120717,P0098,2024-05-02,1,Customer Changed Mind
RET010659,ORD0120717,P0029,2024-04-26,2,Wrong Item Delivered
RET010660,ORD0120725,P0181,2024-07-12,1,Late Delivery
RET010661,ORD0120740,P0036,2023-07-18,4,Damaged in Transit
RET010662,ORD0120744,P0063,2023-12-22,1,Damaged in Transit
RET010663,ORD0120750,P0112,2024-07-23,1,Quality Issue
RET010664,ORD0120761,P0133,2023-05-03,9,Damaged in Transit
RET010665,ORD0120763,P0052,2023-09-29,32,Damaged in Transit
RET010666,ORD0120775,P0086,2023-02-10,1,Quality Issue
RET010667,ORD0120782,P0137,2023-06-18,1,Customer Changed Mind
RET010668,ORD0120798,P0068,2024-05-25,1,Other
RET010669,ORD0120802,P0008,2024-11-29,1,Damaged in Transit
RET010670,ORD0120802,P0076,2024-11-19,1,Damaged in Transit
RET010671,ORD0120804,P0084,2023-02-02,2,Damaged in Transit
RET010672,ORD0120806,P0068,2023-06-06,1,Customer Changed Mind
RET010673,ORD0120807,P0151,2023-07-02,1,Customer Changed Mind
RET010674,ORD0120814,P0157,2024-01-09,1,Customer Changed Mind
RET010675,ORD0120823,P0119,2024-09-02,3,Quality Issue
RET010676,ORD0120840,P0025,2023-01-17,1,Other
RET010677,ORD0120841,P0131,2023-02-16,2,Damaged in Transit
RET010678,ORD0120850,P0034,2023-07-01,1,Wrong Item Delivered
RET010679,ORD0120851,P0107,2023-07-07,2,Damaged in Transit
RET010680,ORD0120851,P0099,2023-07-01,1,Damaged in Transit
RET010681,ORD0120851,P0108,2023-07-06,1,Damaged in Transit
RET010682,ORD0120869,P0163,2024-07-14,1,Wrong Item Delivered
RET010683,ORD0120884,P0154,2023-01-25,1,Other
RET010684,ORD0120885,P0004,2023-02-21,1,Wrong Item Delivered
RET010685,ORD0120899,P0162,2023-12-10,1,Late Delivery
RET010686,ORD0120906,P0075,2024-05-01,1,Late Delivery
RET010687,ORD0120907,P0009,2024-05-24,2,Quality Issue
RET010688,ORD0120932,P0111,2024-12-21,1,Damaged in Transit
RET010689,ORD0120932,P0137,2024-12-15,1,Damaged in Transit
RET010690,ORD0120935,P0121,2023-03-11,2,Quality Issue
RET010691,ORD0120943,P0059,2024-01-17,2,Damaged in Transit
RET010692,ORD0120943,P0095,2024-01-15,1,Damaged in Transit
RET010693,ORD0120961,P0083,2023-06-23,7,Customer Changed Mind
RET010694,ORD0120978,P0106,2023-03-08,1,Other
RET010695,ORD0120986,P0196,2023-06-13,1,Damaged in Transit
RET010696,ORD0120991,P0020,2023-11-05,1,Quality Issue
RET010697,ORD0121012,P0166,2023-04-28,2,Quality Issue
RET010698,ORD0121013,P0024,2023-05-12,1,Quality Issue
RET010699,ORD0121027,P0158,2024-05-27,1,Wrong Item Delivered
RET010700,ORD0121037,P0097,2024-12-18,1,Damaged in Transit
RET010701,ORD0121043,P0079,2023-04-17,1,Quality Issue
RET010702,ORD0121047,P0107,2023-07-22,1,Damaged in Transit
RET010703,ORD0121060,P0001,2024-01-13,2,Other
RET010704,ORD0121060,P0131,2024-01-17,1,Other
RET010705,ORD0121067,P0063,2024-08-10,2,Customer Changed Mind
RET010706,ORD0121071,P0010,2024-10-13,3,Damaged in Transit
RET010707,ORD0121071,P0117,2024-10-16,2,Damaged in Transit
RET010708,ORD0121086,P0074,2023-06-19,1,Damaged in Transit
RET010709,ORD0121108,P0034,2024-07-06,1,Customer Changed Mind
RET010710,ORD0121116,P0087,2024-11-07,1,Other
RET010711,ORD0121120,P0025,2024-12-29,1,Customer Changed Mind
RET010712,ORD0121123,P0100,2023-02-12,12,Late Delivery
RET010713,ORD0121127,P0004,2023-05-23,3,Wrong Item Delivered
RET010714,ORD9999999,P0047,2023-11-06,25,Wrong Item Delivered
RET010715,ORD0121140,P0149,2024-09-12,69,Customer Changed Mind
RET010716,ORD0121153,P0010,2023-05-30,1,Wrong Item Delivered
RET010717,ORD0121178,P0159,2024-09-22,1,Wrong Item Delivered
RET010718,ORD0121183,P0030,2024-12-02,1,Wrong Item Delivered
RET010719,ORD0121200,P0039,2023-08-31,1,Damaged in Transit
RET010720,ORD0121233,P0131,2023-10-15,2,Customer Changed Mind
RET010721,ORD0121253,P0024,2024-11-17,1,Customer Changed Mind
RET010722,ORD0121255,P0079,2023-05-01,50,Other
RET010723,ORD0121259,P0038,2023-07-27,35,Wrong Item Delivered
RET010724,ORD0121261,P0134,2023-07-27,16,Other
RET010725,ORD0121270,P0111,2023-09-09,91,Quality Issue
RET010726,ORD0121271,P0198,2023-09-29,277,Damaged in Transit
RET010727,ORD0121277,P0183,2024-11-22,29,Customer Changed Mind
RET010728,ORD0121281,P0119,2023-08-01,214,Customer Changed Mind
RET010729,ORD0121299,P0019,2023-08-14,2,Wrong Item Delivered
RET010730,ORD0121309,P0118,2024-01-24,4,Damaged in Transit
RET010731,ORD0121319,P0070,2024-11-07,1,Wrong Item Delivered
RET010732,ORD0121322,P0117,2023-01-27,1,Late Delivery
RET010733,ORD0121328,P0179,2023-02-20,1,Customer Changed Mind
RET010734,ORD0121337,P0118,2023-08-21,1,Wrong Item Delivered
RET010735,ORD0121362,P0113,2024-08-04,1,Late Delivery
RET010736,ORD0121369,P0101,2024-12-18,2,Quality Issue
RET010737,ORD0121376,P0048,2023-07-26,88,Damaged in Transit
RET010738,ORD0121386,P0031,2024-11-01,180,Damaged in Transit
RET010739,ORD0121386,P0087,2024-11-02,43,Customer Changed Mind
RET010740,ORD0121389,P0144,2023-01-25,1,Wrong Item Delivered
RET010741,ORD0121394,P0003,2023-07-25,1,Customer Changed Mind
RET010742,ORD0121395,P0021,2023-09-07,1,Other
RET010743,ORD0121431,P0074,2024-07-21,123,Wrong Item Delivered
RET010744,ORD0121454,P0049,2024-08-23,2,Damaged in Transit
RET010745,ORD0121462,P0089,2023-02-25,1,Damaged in Transit
RET010746,ORD0121470,P0063,2023-09-17,2,Customer Changed Mind
RET010747,ORD0121475,P0086,2024-01-06,1,Other
RET010748,ORD0121481,P0132,2024-03-06,2,Late Delivery
RET010749,ORD0121497,P0016,2023-01-27,4,Quality Issue
RET010750,ORD0121498,P0116,2023-02-26,1,Wrong Item Delivered
RET010751,ORD0121500,P0049,2023-06-03,4,Quality Issue
RET010752,ORD0121512,P0127,2024-08-25,1,Customer Changed Mind
RET010753,ORD0121552,P0004,2024-04-19,2,Other
RET010754,ORD0121573,P0159,2023-04-06,1,Damaged in Transit
RET010755,ORD0121573,P0195,2023-03-23,2,Damaged in Transit
RET010756,ORD0121579,P0132,2023-08-25,2,Customer Changed Mind
RET010757,ORD0121583,P0016,2023-09-01,1,Customer Changed Mind
RET010758,ORD0121588,P0007,2023-12-31,1,Damaged in Transit
RET010759,ORD0121606,P0016,2023-03-24,1,Damaged in Transit
RET010760,ORD0121611,P0123,2023-08-28,1,Quality Issue
RET010761,ORD0121617,P0137,2023-12-11,1,Wrong Item Delivered
RET010762,ORD0121630,P0005,2024-11-15,1,Late Delivery
RET010763,ORD0121651,P0049,2024-09-10,44,Damaged in Transit
RET010764,ORD0121663,P0015,2024-03-23,209,Wrong Item Delivered
RET010765,ORD0121690,P0085,2024-07-03,3,Other
RET010766,ORD0121695,P0026,2024-10-23,4,Quality Issue
RET010767,ORD0121699,P0056,2023-03-20,1,Quality Issue
RET010768,ORD0121706,P0095,2023-06-15,1,Quality Issue
RET010769,ORD0121712,P0045,2023-08-17,1,Damaged in Transit
RET010770,ORD0121713,P0050,2023-10-01,1,Customer Changed Mind
RET010771,ORD0121736,P0114,2024-10-26,1,Customer Changed Mind
RET010772,ORD0121762,P0025,2024-04-14,1,Damaged in Transit
RET010773,ORD0121763,P0125,2024-04-27,3,Customer Changed Mind
RET010774,ORD0121781,P0008,2023-07-09,1,Wrong Item Delivered
RET010775,ORD0121782,P0083,2023-07-17,1,Late Delivery
RET010776,ORD0121804,P0074,2024-12-21,2,Wrong Item Delivered
RET010777,ORD0121811,P0045,2023-07-12,1,Damaged in Transit
RET010778,ORD0121816,P0004,2023-10-15,1,Damaged in Transit
RET010779,ORD0121847,P0181,2023-05-01,4,Late Delivery
RET010780,ORD0121851,P0144,2023-07-12,12,Damaged in Transit
RET010781,ORD0121851,P0016,2023-07-25,10,Damaged in Transit
RET010782,ORD0121854,P0152,2023-11-15,41,Customer Changed Mind
RET010783,ORD0121880,P0123,2023-03-28,16,Late Delivery
RET010784,ORD0121892,P0024,2023-03-11,1,Quality Issue
RET010785,ORD0121898,P0137,2023-06-23,1,Late Delivery
RET010786,ORD0121905,P0144,2024-03-01,1,Damaged in Transit
RET010787,ORD0121918,P0080,2024-11-01,1,Wrong Item Delivered
RET010788,ORD0121927,P0177,2023-05-13,1,Other
RET010789,ORD0121935,P0027,2023-11-05,1,Quality Issue
RET010790,ORD0121940,P0118,2024-06-14,1,Damaged in Transit
RET010791,ORD0121944,P0109,2024-11-03,1,Customer Changed Mind
RET010792,ORD0121951,P0088,2024-06-23,103,Damaged in Transit
RET010793,ORD0121961,P0196,2023-07-28,142,Customer Changed Mind
RET010794,ORD0121967,P0085,2023-05-03,2,Quality Issue
RET010795,ORD0121973,P0031,2023-07-27,1,Wrong Item Delivered
RET010796,ORD9999999,P0131,2023-11-10,1,Wrong Item Delivered
RET010797,ORD0122024,P0187,2023-11-18,1,Wrong Item Delivered
RET010798,ORD0122052,P0047,2023-02-14,1,Damaged in Transit
RET010799,ORD0122094,P0100,2023-12-09,5,Customer Changed Mind
RET010800,ORD0122096,P0085,2024-03-29,1,Wrong Item Delivered
RET010801,ORD0122111,P0047,2023-04-04,1,Wrong Item Delivered
RET010802,ORD0122114,P0032,2023-06-28,2,Wrong Item Delivered
RET010803,ORD0122146,P0157,2023-05-11,1,Late Delivery
RET010804,ORD0122149,P0085,2023-09-03,1,Late Delivery
RET010805,ORD0122170,P0126,2024-11-12,1,Late Delivery
RET010806,ORD0122186,P0195,2023-09-13,2,Wrong Item Delivered
RET010807,ORD0122194,P0065,2024-03-05,1,Wrong Item Delivered
RET010808,ORD0122215,P0101,2023-03-31,1,Customer Changed Mind
RET010809,ORD0122217,P0149,2023-07-21,3,Damaged in Transit
RET010810,ORD0122221,P0090,2023-11-13,1,Customer Changed Mind
RET010811,ORD0122225,P0124,2024-02-02,3,Other
RET010812,ORD0122226,P0144,2024-02-14,1,Wrong Item Delivered
RET010813,ORD0122226,P0126,2024-02-15,3,Wrong Item Delivered
RET010814,ORD0122234,P0031,2024-08-13,1,Damaged in Transit
RET010815,ORD0122236,P0027,2024-08-19,1,Damaged in Transit
RET010816,ORD0122277,P0095,2023-10-05,2,Damaged in Transit
RET010817,ORD0122280,P0093,2023-10-28,1,Quality Issue
RET010818,ORD0122287,P0134,2024-05-19,2,Customer Changed Mind
RET010819,ORD0122309,P0107,2023-08-08,1,Wrong Item Delivered
RET010820,ORD0122320,P0196,2024-03-28,1,Quality Issue
RET010821,ORD0122324,P0136,2024-07-28,1,Wrong Item Delivered
RET010822,ORD0122331,P0065,2024-10-24,1,Quality Issue
RET010823,ORD0122338,P0104,2023-03-29,1,Customer Changed Mind
RET010824,ORD0122339,P0035,2023-04-03,1,Quality Issue
RET010825,ORD0122348,P0124,2023-11-29,1,Late Delivery
RET010826,ORD0122363,P0037,2024-11-24,2,Quality Issue
RET010827,ORD0122371,P0052,2023-04-13,1,Customer Changed Mind
RET010828,ORD0122391,P0008,2024-02-01,1,Customer Changed Mind
RET010829,ORD0122409,P0001,2024-08-15,1,Wrong Item Delivered
RET010830,ORD0122411,P0009,2024-10-18,1,Late Delivery
RET010831,ORD0122419,P0020,2023-07-14,1,Late Delivery
RET010832,ORD0122433,P0068,2024-09-01,1,Other
RET010833,ORD0122439,P0021,2023-01-30,2,Quality Issue
RET010834,ORD0122457,P0075,2024-04-01,1,Customer Changed Mind
RET010835,ORD0122492,P0194,2024-09-30,1,Quality Issue
RET010836,ORD0122499,P0120,2023-02-09,1,Damaged in Transit
RET010837,ORD0122500,P0023,2023-02-08,2,Wrong Item Delivered
RET010838,ORD0122519,P0194,2023-12-21,1,Late Delivery
RET010839,ORD0122528,P0015,2024-06-03,1,Damaged in Transit
RET010840,ORD0122533,P0154,2024-09-07,1,Late Delivery
RET010841,ORD0122555,P0022,2023-07-31,1,Late Delivery
RET010842,ORD0122557,P0029,2023-08-15,2,Customer Changed Mind
RET010843,ORD0122572,P0056,2024-03-18,1,Customer Changed Mind
RET010844,ORD0122580,P0187,2024-10-10,2,Customer Changed Mind
RET010845,ORD0122595,P0137,2023-07-08,1,Other
RET010846,ORD0122596,P0084,2023-08-03,2,Customer Changed Mind
RET010847,ORD0122596,P0129,2023-07-26,3,Customer Changed Mind
RET010848,ORD0122599,P0022,2023-08-28,1,Other
RET010849,ORD0122606,P0168,2023-12-25,1,Quality Issue
RET010850,ORD0122618,P0062,2024-09-30,2,Quality Issue
RET010851,ORD0122623,P0123,2023-04-24,1,Damaged in Transit
RET010852,ORD0122638,P0005,2024-01-04,2,Quality Issue
RET010853,ORD0122645,P0041,2024-06-04,2,Wrong Item Delivered
RET010854,ORD0122675,P0063,2024-02-05,1,Damaged in Transit
RET010855,ORD0122682,P0146,2024-04-14,1,Damaged in Transit
RET010856,ORD0122694,P0150,2024-09-17,2,Wrong Item Delivered
RET010857,ORD0122699,P0099,2024-11-05,1,Damaged in Transit
RET010858,ORD0122710,P0184,2023-04-29,3,Quality Issue
RET010859,ORD0122714,P0049,2023-08-09,1,Wrong Item Delivered
RET010860,ORD0122715,P0032,2023-08-08,1,Customer Changed Mind
RET010861,ORD0122716,P0107,2023-08-14,4,Quality Issue
RET010862,ORD0122717,P0004,2023-08-23,1,Customer Changed Mind
RET010863,ORD0122720,P0053,2023-11-20,1,Customer Changed Mind
RET010864,ORD0122725,P0181,2024-02-29,1,Damaged in Transit
RET010865,ORD0122742,P0052,2024-03-02,164,Quality Issue
RET010866,ORD0122742,P0012,2024-02-21,19,Damaged in Transit
RET010867,ORD0122748,P0159,2023-03-16,1,Customer Changed Mind
RET010868,ORD0122759,P0030,2023-07-08,1,Quality Issue
RET010869,ORD0122762,P0092,2024-01-13,2,Customer Changed Mind
RET010870,ORD0122779,P0015,2023-08-10,1,Wrong Item Delivered
RET010871,ORD0122785,P0039,2024-01-20,1,Customer Changed Mind
RET010872,ORD9999999,P0095,2024-02-08,1,Late Delivery
RET010873,ORD0122806,P0137,2023-04-19,1,Quality Issue
RET010874,ORD0122817,P0192,2023-11-26,1,Quality Issue
RET010875,ORD0122821,P0142,2024-01-19,1,Customer Changed Mind
RET010876,ORD0122828,P0100,2024-06-20,1,Wrong Item Delivered
RET010877,ORD0122832,P0085,2024-10-16,1,Customer Changed Mind
RET010878,ORD0122835,P0036,2024-10-17,1,Customer Changed Mind
RET010879,ORD0122837,P0126,2023-02-09,2,Quality Issue
RET010880,ORD0122868,P0182,2024-07-22,69,Other
RET010881,ORD0122872,P0122,2023-03-12,2,Damaged in Transit
RET010882,ORD0122872,P0027,2023-03-23,2,Damaged in Transit
RET010883,ORD0122892,P0166,2024-05-06,1,Quality Issue
RET010884,ORD0122907,P0166,2023-03-05,30,Quality Issue
RET010885,ORD0122908,P0039,2023-03-04,59,Customer Changed Mind
RET010886,ORD0122909,P0162,2023-02-22,33,Customer Changed Mind
RET010887,ORD0122915,P0079,2023-08-14,30,Damaged in Transit
RET010888,ORD0122928,P0172,2024-11-03,23,Late Delivery
RET010889,ORD0122951,P0004,2023-05-04,51,Damaged in Transit
RET010890,ORD0122951,P0005,2023-05-10,17,Late Delivery
RET010891,ORD0122971,P0031,2023-10-07,59,Quality Issue
RET010892,ORD0122973,P0173,2023-11-02,249,Customer Changed Mind
RET010893,ORD0122979,P0087,2024-12-19,301,Customer Changed Mind
RET010894,ORD0122986,P0181,2023-06-11,1,Quality Issue
RET010895,ORD0123000,P0005,2024-03-27,1,Customer Changed Mind
RET010896,ORD0123006,P0079,2024-07-18,4,Customer Changed Mind
RET010897,ORD0123012,P0034,2024-12-03,1,Late Delivery
RET010898,ORD0123013,P0003,2024-12-19,1,Damaged in Transit
RET010899,ORD0123033,P0155,2024-01-23,1,Damaged in Transit
RET010900,ORD0123056,P0116,2023-05-15,6,Wrong Item Delivered
RET010901,ORD0123070,P0008,2023-03-10,141,Wrong Item Delivered
RET010902,ORD0123077,P0032,2024-02-05,24,Customer Changed Mind
RET010903,ORD0123079,P0116,2024-03-20,47,Wrong Item Delivered
RET010904,ORD0123081,P0093,2024-11-01,208,Other
RET010905,ORD0123095,P0030,2023-03-22,1,Customer Changed Mind
RET010906,ORD0123097,P0166,2023-03-02,1,Damaged in Transit
RET010907,ORD0123097,P0023,2023-02-28,1,Damaged in Transit
RET010908,ORD0123098,P0008,2023-03-12,1,Quality Issue
RET010909,ORD0123108,P0104,2023-08-14,1,Damaged in Transit
RET010910,ORD0123119,P0122,2024-01-08,1,Wrong Item Delivered
RET010911,ORD0123129,P0160,2024-06-17,1,Late Delivery
RET010912,ORD0123171,P0137,2024-10-09,1,Wrong Item Delivered
RET010913,ORD0123210,P0121,2024-04-23,3,Wrong Item Delivered
RET010914,ORD0123218,P0077,2024-09-19,1,Damaged in Transit
RET010915,ORD0123219,P0023,2024-09-30,3,Wrong Item Delivered
RET010916,ORD0123266,P0018,2024-06-26,1,Damaged in Transit
RET010917,ORD0123282,P0195,2023-03-20,1,Wrong Item Delivered
RET010918,ORD0123295,P0001,2024-01-10,1,Customer Changed Mind
RET010919,ORD0123303,P0067,2024-08-11,1,Quality Issue
RET010920,ORD9999999,P0132,2024-08-27,1,Other
RET010921,ORD0123310,P0177,2023-03-11,1,Customer Changed Mind
RET010922,ORD0123310,P0063,2023-03-24,1,Wrong Item Delivered
RET010923,ORD0123321,P0123,2023-11-16,1,Other
RET010924,ORD0123327,P0050,2024-03-26,1,Customer Changed Mind
RET010925,ORD0123348,P0007,2024-02-13,34,Customer Changed Mind
RET010926,ORD0123353,P0114,2023-03-05,3,Quality Issue
RET010927,ORD0123358,P0019,2023-05-01,1,Customer Changed Mind
RET010928,ORD0123369,P0121,2024-01-27,2,Wrong Item Delivered
RET010929,ORD0123369,P0015,2024-01-26,1,Wrong Item Delivered
RET010930,ORD0123374,P0027,2024-05-21,1,Late Delivery
RET010931,ORD0123384,P0162,2023-02-17,1,Damaged in Transit
RET010932,ORD0123432,P0134,2024-08-13,4,Customer Changed Mind
RET010933,ORD0123433,P0078,2024-09-10,3,Damaged in Transit
RET010934,ORD0123444,P0168,2023-07-25,21,Damaged in Transit
RET010935,ORD0123450,P0156,2024-03-16,50,Quality Issue
RET010936,ORD0123453,P0029,2024-07-12,35,Wrong Item Delivered
RET010937,ORD0123455,P0032,2024-09-06,7,Damaged in Transit
RET010938,ORD0123463,P0037,2023-02-20,1,Wrong Item Delivered
RET010939,ORD0123481,P0121,2024-03-25,1,Damaged in Transit
RET010940,ORD0123489,P0011,2024-12-24,1,Damaged in Transit
RET010941,ORD0123493,P0109,2023-05-03,2,Wrong Item Delivered
RET010942,ORD0123504,P0048,2023-11-07,1,Wrong Item Delivered
RET010943,ORD0123504,P0032,2023-11-05,1,Wrong Item Delivered
RET010944,ORD0123504,P0191,2023-10-31,4,Wrong Item Delivered
RET010945,ORD0123508,P0015,2024-01-10,3,Damaged in Transit
RET010946,ORD0123517,P0134,2024-08-03,1,Damaged in Transit
RET010947,ORD0123535,P0075,2024-03-11,81,Customer Changed Mind
RET010948,ORD0123538,P0082,2024-10-21,61,Quality Issue
RET010949,ORD0123563,P0100,2024-10-27,1,Customer Changed Mind
RET010950,ORD0123589,P0123,2024-03-11,1,Customer Changed Mind
RET010951,ORD0123607,P0035,2023-08-08,2,Damaged in Transit
RET010952,ORD0123615,P0123,2024-02-26,3,Late Delivery
RET010953,ORD0123624,P0157,2024-09-18,1,Wrong Item Delivered
RET010954,ORD0123630,P0181,2024-12-16,4,Late Delivery
RET010955,ORD0123639,P0012,2024-03-29,17,Wrong Item Delivered
RET010956,ORD0123649,P0027,2023-03-18,1,Quality Issue
RET010957,ORD0123651,P0022,2023-04-02,1,Damaged in Transit
RET010958,ORD0123651,P0128,2023-04-02,1,Damaged in Transit
RET010959,ORD0123660,P0090,2023-08-05,1,Wrong Item Delivered
RET010960,ORD0123660,P0121,2023-08-07,1,Quality Issue
RET010961,ORD0123661,P0125,2023-08-16,1,Customer Changed Mind
RET010962,ORD0123664,P0006,2023-11-09,1,Customer Changed Mind
RET010963,ORD0123689,P0070,2023-06-13,3,Late Delivery
RET010964,ORD0123694,P0085,2023-09-16,1,Customer Changed Mind
RET010965,ORD0123704,P0083,2024-05-09,1,Quality Issue
RET010966,ORD0123725,P0156,2024-06-09,127,Wrong Item Delivered
RET010967,ORD0123729,P0042,2024-07-31,2,Other
RET010968,ORD0123737,P0133,2023-09-10,36,Customer Changed Mind
RET010969,ORD0123750,P0146,2023-07-01,2,Wrong Item Delivered
RET010970,ORD0123753,P0027,2023-07-01,3,Damaged in Transit
RET010971,ORD0123753,P0034,2023-07-08,3,Damaged in Transit
RET010972,ORD0123756,P0182,2023-09-16,4,Customer Changed Mind
RET010973,ORD0123776,P0088,2023-04-19,4,Quality Issue
RET010974,ORD0123780,P0094,2023-08-23,1,Quality Issue
RET010975,ORD0123782,P0039,2023-10-08,1,Wrong Item Delivered
RET010976,ORD0123790,P0006,2024-05-05,3,Customer Changed Mind
RET010977,ORD0123802,P0094,2023-04-12,1,Wrong Item Delivered
RET010978,ORD0123805,P0107,2023-08-18,3,Wrong Item Delivered
RET010979,ORD0123823,P0042,2024-06-23,2,Customer Changed Mind
RET010980,ORD0123867,P0106,2023-10-09,2,Customer Changed Mind
RET010981,ORD0123870,P0035,2023-12-14,2,Quality Issue
RET010982,ORD0123871,P0162,2024-01-27,1,Wrong Item Delivered
RET010983,ORD0123891,P0155,2024-12-22,1,Wrong Item Delivered
RET010984,ORD0123924,P0072,2023-01-15,1,Wrong Item Delivered
RET010985,ORD0123966,P0144,2024-12-09,1,Wrong Item Delivered
RET010986,ORD0123985,P0099,2024-09-08,2,Wrong Item Delivered
RET010987,ORD0123986,P0093,2024-10-13,2,Other
RET010988,ORD0123988,P0068,2024-10-30,1,Quality Issue
RET010989,ORD0124003,P0079,2024-10-22,46,Customer Changed Mind
RET010990,ORD0124036,P0177,2024-08-26,1,Damaged in Transit
RET010991,ORD0124037,P0059,2024-09-02,1,Damaged in Transit
RET010992,ORD0124044,P0143,2023-02-03,2,Quality Issue
RET010993,ORD0124047,P0051,2023-04-08,1,Damaged in Transit
RET010994,ORD0124047,P0134,2023-03-26,1,Damaged in Transit
RET010995,ORD0124078,P0031,2023-07-13,1,Customer Changed Mind
RET010996,ORD0124084,P0087,2024-01-10,1,Quality Issue
RET010997,ORD0124113,P0108,2024-03-03,1,Wrong Item Delivered
RET010998,ORD0124122,P0094,2024-09-14,2,Customer Changed Mind
RET010999,ORD0124160,P0076,2024-10-10,2,Customer Changed Mind
RET011000,ORD0124162,P0076,2024-11-07,1,Late Delivery
RET011001,ORD0124180,P0085,2023-09-03,1,Wrong Item Delivered
RET011002,ORD0124186,P0196,2024-02-21,2,Wrong Item Delivered
RET011003,ORD0124187,P0025,2024-04-05,1,Damaged in Transit
RET011004,ORD0124188,P0047,2024-04-17,1,Customer Changed Mind
RET011005,ORD0124197,P0020,2023-03-21,1,Customer Changed Mind
RET011006,ORD0124201,P0128,2023-05-04,1,Customer Changed Mind
RET011007,ORD0124208,P0094,2023-09-07,1,Wrong Item Delivered
RET011008,ORD0124210,P0058,2023-09-10,1,Damaged in Transit
RET011009,ORD0124221,P0132,2024-03-22,1,Customer Changed Mind
RET011010,ORD0124224,P0152,2024-06-04,1,Customer Changed Mind
RET011011,ORD0124227,P0098,2024-07-03,1,Quality Issue
RET011012,ORD0124244,P0023,2023-03-15,3,Customer Changed Mind
RET011013,ORD0124264,P0026,2024-07-06,1,Other
RET011014,ORD0124305,P0085,2024-06-30,1,Wrong Item Delivered
RET011015,ORD0124310,P0112,2024-09-05,1,Quality Issue
RET011016,ORD0124312,P0049,2024-09-30,1,Customer Changed Mind
RET011017,ORD0124329,P0023,2023-08-12,1,Other
RET011018,ORD0124345,P0020,2024-11-06,4,Customer Changed Mind
RET011019,ORD0124372,P0184,2024-02-11,2,Damaged in Transit
RET011020,ORD0124396,P0186,2023-03-27,3,Other
RET011021,ORD0124402,P0107,2023-06-12,1,Damaged in Transit
RET011022,ORD0124406,P0168,2023-09-17,1,Wrong Item Delivered
RET011023,ORD0124406,P0110,2023-09-04,1,Wrong Item Delivered
RET011024,ORD0124416,P0196,2024-08-25,2,Quality Issue
RET011025,ORD0124431,P0164,2023-12-25,15,Customer Changed Mind
RET011026,ORD0124440,P0044,2024-10-28,39,Quality Issue
RET011027,ORD0124450,P0064,2023-07-24,5,Late Delivery
RET011028,ORD0124450,P0154,2023-07-29,1,Customer Changed Mind
RET011029,ORD0124457,P0109,2024-02-10,2,Quality Issue
RET011030,ORD0124460,P0132,2024-04-13,1,Damaged in Transit
RET011031,ORD0124497,P0167,2023-02-12,77,Damaged in Transit
RET011032,ORD0124510,P0087,2024-12-22,23,Customer Changed Mind
RET011033,ORD0124521,P0093,2023-06-27,2,Other
RET011034,ORD0124522,P0030,2023-10-13,1,Wrong Item Delivered
RET011035,ORD0124527,P0200,2023-10-16,1,Damaged in Transit
RET011036,ORD0124536,P0026,2024-06-27,1,Other
RET011037,ORD0124538,P0088,2024-07-13,1,Quality Issue
RET011038,ORD0124554,P0162,2023-10-07,4,Damaged in Transit
RET011039,ORD0124555,P0122,2023-10-27,1,Other
RET011040,ORD0124566,P0147,2024-09-20,1,Wrong Item Delivered
RET011041,ORD0124573,P0117,2023-05-08,3,Customer Changed Mind
RET011042,ORD0124594,P0016,2023-07-26,8,Quality Issue
RET011043,ORD0124600,P0139,2024-02-24,14,Damaged in Transit
RET011044,ORD0124606,P0037,2023-02-03,4,Damaged in Transit
RET011045,ORD0124620,P0168,2023-09-07,5,Quality Issue
RET011046,ORD0124633,P0174,2024-09-20,1,Late Delivery
RET011047,ORD0124636,P0156,2024-11-12,3,Customer Changed Mind
RET011048,ORD0124644,P0123,2023-09-19,2,Other
RET011049,ORD0124658,P0039,2024-12-11,26,Quality Issue
RET011050,ORD0124661,P0076,2023-02-24,89,Damaged in Transit
RET011051,ORD0124662,P0004,2023-05-24,33,Damaged in Transit
RET011052,ORD0124685,P0127,2023-12-08,3,Wrong Item Delivered
RET011053,ORD0124695,P0064,2024-05-17,5,Customer Changed Mind
RET011054,ORD0124696,P0133,2024-08-01,1,Wrong Item Delivered
RET011055,ORD0124697,P0162,2024-08-20,1,Quality Issue
RET011056,ORD0124724,P0159,2024-03-19,1,Damaged in Transit
RET011057,ORD0124734,P0085,2024-06-09,2,Quality Issue
RET011058,ORD0124750,P0047,2023-02-08,1,Damaged in Transit
RET011059,ORD0124752,P0129,2023-06-27,2,Quality Issue
RET011060,ORD0124758,P0122,2023-10-22,1,Wrong Item Delivered
RET011061,ORD0124797,P0033,2024-08-04,80,Customer Changed Mind
RET011062,ORD0124798,P0024,2024-08-12,9,Late Delivery
RET011063,ORD0124812,P0089,2023-06-16,1,Customer Changed Mind
RET011064,ORD0124830,P0087,2023-04-27,1,Other
RET011065,ORD0124832,P0091,2023-08-05,1,Damaged in Transit
RET011066,ORD0124838,P0162,2023-09-21,1,Damaged in Transit
RET011067,ORD0124851,P0127,2024-06-01,1,Other
RET011068,ORD0124874,P0078,2023-12-13,2,Wrong Item Delivered
RET011069,ORD0124878,P0167,2024-04-05,1,Wrong Item Delivered
RET011070,ORD0124883,P0012,2024-10-10,1,Wrong Item Delivered
RET011071,ORD0124888,P0190,2023-01-27,3,Customer Changed Mind
RET011072,ORD0124891,P0091,2023-04-28,1,Other
RET011073,ORD0124898,P0009,2023-12-08,4,Customer Changed Mind
RET011074,ORD0124917,P0150,2023-08-24,4,Late Delivery
RET011075,ORD0124926,P0090,2024-03-26,3,Other
RET011076,ORD0124932,P0005,2024-06-12,1,Other
RET011077,ORD0124933,P0179,2024-07-02,1,Customer Changed Mind
RET011078,ORD0124934,P0165,2024-07-08,4,Customer Changed Mind
RET011079,ORD0124942,P0063,2023-05-20,3,Quality Issue
RET011080,ORD0124946,P0122,2023-11-02,38,Wrong Item Delivered
RET011081,ORD0124946,P0103,2023-10-25,3,Wrong Item Delivered
RET011082,ORD0124958,P0027,2023-04-21,1,Wrong Item Delivered
RET011083,ORD0124978,P0031,2024-01-26,1,Customer Changed Mind
RET011084,ORD0124988,P0198,2024-09-16,1,Customer Changed Mind
RET011085,ORD0125018,P0017,2024-02-16,1,Other
RET011086,ORD0125030,P0119,2024-08-04,1,Damaged in Transit
RET011087,ORD0125048,P0001,2023-02-11,3,Other
RET011088,ORD0125050,P0137,2023-05-01,1,Damaged in Transit
RET011089,ORD0125065,P0014,2024-04-28,1,Wrong Item Delivered
RET011090,ORD0125069,P0049,2024-09-28,1,Customer Changed Mind
RET011091,ORD0125078,P0159,2023-03-07,1,Damaged in Transit
RET011092,ORD0125079,P0105,2023-04-07,1,Damaged in Transit
RET011093,ORD9999999,P0168,2023-04-08,1,Damaged in Transit
RET011094,ORD0125088,P0191,2023-12-20,4,Late Delivery
RET011095,ORD0125097,P0036,2024-10-15,1,Wrong Item Delivered
RET011096,ORD0125099,P0003,2024-10-12,1,Customer Changed Mind
RET011097,ORD0125104,P0035,2023-07-10,1,Customer Changed Mind
RET011098,ORD0125105,P0009,2023-08-20,4,Damaged in Transit
RET011099,ORD0125114,P0038,2024-07-21,3,Wrong Item Delivered
RET011100,ORD0125138,P0022,2024-05-24,1,Damaged in Transit
RET011101,ORD0125167,P0080,2023-12-06,1,Wrong Item Delivered
RET011102,ORD0125183,P0132,2024-09-25,1,Quality Issue
RET011103,ORD0125195,P0029,2023-09-23,42,Wrong Item Delivered
RET011104,ORD0125198,P0036,2024-04-16,60,Damaged in Transit
RET011105,ORD0125198,P0106,2024-03-30,42,Damaged in Transit
RET011106,ORD0125202,P0186,2024-11-28,105,Quality Issue
RET011107,ORD0125204,P0160,2024-12-25,43,Wrong Item Delivered
RET011108,ORD0125209,P0192,2023-03-31,1,Wrong Item Delivered
RET011109,ORD0125215,P0070,2023-09-09,1,Late Delivery
RET011110,ORD0125230,P0016,2024-08-31,1,Late Delivery
RET011111,ORD0125290,P0122,2024-10-12,1,Quality Issue
RET011112,ORD0125290,P0176,2024-10-11,1,Wrong Item Delivered
RET011113,ORD0125296,P0034,2023-04-26,34,Wrong Item Delivered
RET011114,ORD0125297,P0059,2023-05-20,78,Customer Changed Mind
RET011115,ORD0125304,P0016,2024-02-10,40,Late Delivery
RET011116,ORD0125322,P0029,2024-08-16,3,Customer Changed Mind
RET011117,ORD0125328,P0048,2023-04-02,1,Damaged in Transit
RET011118,ORD0125338,P0094,2023-09-13,1,Damaged in Transit
RET011119,ORD0125347,P0034,2023-12-29,1,Wrong Item Delivered
RET011120,ORD0125365,P0038,2024-10-02,1,Quality Issue
RET011121,ORD0125381,P0005,2023-05-24,1,Customer Changed Mind
RET011122,ORD0125391,P0113,2024-03-11,1,Customer Changed Mind
RET011123,ORD0125418,P0060,2024-10-06,195,Quality Issue
RET011124,ORD0125427,P0028,2023-06-08,2,Customer Changed Mind
RET011125,ORD0125452,P0163,2023-06-23,1,Quality Issue
RET011126,ORD0125455,P0101,2023-10-18,1,Late Delivery
RET011127,ORD0125464,P0134,2024-06-30,1,Quality Issue
RET011128,ORD0125467,P0186,2024-11-06,1,Damaged in Transit
RET011129,ORD0125499,P0061,2024-08-07,1,Wrong Item Delivered
RET011130,ORD0125510,P0142,2024-12-23,1,Damaged in Transit
RET011131,ORD0125535,P0002,2024-01-23,1,Other
RET011132,ORD0125538,P0196,2024-03-07,1,Wrong Item Delivered
RET011133,ORD0125549,P0194,2024-09-01,1,Customer Changed Mind
RET011134,ORD0125564,P0131,2023-05-27,3,Damaged in Transit
RET011135,ORD0125568,P0132,2023-10-10,1,Wrong Item Delivered
RET011136,ORD0125572,P0032,2024-01-08,1,Quality Issue
RET011137,ORD0125594,P0036,2023-08-26,104,Quality Issue
RET011138,ORD0125604,P0196,2024-12-10,79,Wrong Item Delivered
RET011139,ORD0125620,P0177,2023-04-26,1,Customer Changed Mind
RET011140,ORD0125630,P0024,2023-09-06,1,Quality Issue
RET011141,ORD0125631,P0074,2023-10-27,1,Late Delivery
RET011142,ORD0125651,P0140,2024-10-02,1,Damaged in Transit
RET011143,ORD0125652,P0037,2024-10-26,2,Wrong Item Delivered
RET011144,ORD0125660,P0195,2023-03-16,66,Quality Issue
RET011145,ORD0125665,P0094,2023-08-11,46,Customer Changed Mind
RET011146,ORD0125671,P0094,2024-03-25,53,Customer Changed Mind
RET011147,ORD0125708,P0050,2024-05-04,1,Wrong Item Delivered
RET011148,ORD0125729,P0196,2023-06-13,19,Damaged in Transit
RET011149,ORD0125730,P0006,2023-08-23,182,Customer Changed Mind
RET011150,ORD0125731,P0040,2023-09-23,146,Customer Changed Mind
RET011151,ORD0125742,P0159,2023-01-30,1,Customer Changed Mind
RET011152,ORD0125745,P0047,2023-07-22,4,Damaged in Transit
RET011153,ORD0125749,P0106,2023-10-05,3,Customer Changed Mind
RET011154,ORD0125750,P0076,2023-10-30,1,Quality Issue
RET011155,ORD0125760,P0195,2024-02-05,1,Damaged in Transit
RET011156,ORD0125779,P0098,2023-09-02,1,Damaged in Transit
RET011157,ORD0125832,P0181,2023-08-22,2,Late Delivery
RET011158,ORD0125849,P0117,2024-10-31,1,Late Delivery
RET011159,ORD0125850,P0187,2024-11-10,1,Other
RET011160,ORD0125853,P0183,2024-11-19,1,Wrong Item Delivered
RET011161,ORD0125873,P0184,2023-12-29,2,Quality Issue
RET011162,ORD0125880,P0017,2024-07-04,1,Customer Changed Mind
RET011163,ORD0125892,P0154,2024-12-26,1,Quality Issue
RET011164,ORD0125896,P0184,2023-03-07,1,Quality Issue
RET011165,ORD0125899,P0108,2023-04-19,1,Customer Changed Mind
RET011166,ORD0125901,P0112,2023-05-18,1,Damaged in Transit
RET011167,ORD0125902,P0053,2023-05-21,1,Late Delivery
RET011168,ORD0125905,P0044,2023-07-24,1,Quality Issue
RET011169,ORD0125939,P0136,2024-12-29,1,Customer Changed Mind
RET011170,ORD0125943,P0088,2023-02-14,2,Customer Changed Mind
RET011171,ORD0125943,P0158,2023-02-19,2,Customer Changed Mind
RET011172,ORD0125946,P0079,2023-04-04,1,Quality Issue
RET011173,ORD0125958,P0108,2023-10-20,3,Customer Changed Mind
RET011174,ORD0125960,P0053,2023-11-07,1,Damaged in Transit
RET011175,ORD0125960,P0126,2023-10-31,1,Damaged in Transit
RET011176,ORD0125964,P0057,2024-02-20,4,Customer Changed Mind
RET011177,ORD0125986,P0110,2023-07-12,1,Quality Issue
RET011178,ORD0125994,P0059,2023-11-10,1,Wrong Item Delivered
RET011179,ORD0126001,P0183,2024-03-01,1,Late Delivery
RET011180,ORD0126006,P0015,2024-06-05,1,Damaged in Transit
RET011181,ORD0126011,P0074,2024-11-07,1,Wrong Item Delivered
RET011182,ORD0126041,P0010,2023-11-18,1,Damaged in Transit
RET011183,ORD0126049,P0144,2024-06-28,4,Customer Changed Mind
RET011184,ORD0126072,P0047,2023-12-22,1,Damaged in Transit
RET011185,ORD0126084,P0047,2024-09-14,1,Quality Issue
RET011186,ORD0126086,P0092,2024-12-25,2,Quality Issue
RET011187,ORD0126089,P0005,2023-03-28,1,Other
RET011188,ORD0126097,P0109,2024-01-25,3,Damaged in Transit
RET011189,ORD0126100,P0047,2024-03-06,3,Quality Issue
RET011190,ORD0126117,P0121,2023-04-05,2,Other
RET011191,ORD0126124,P0050,2023-06-25,1,Quality Issue
RET011192,ORD0126138,P0195,2024-07-12,3,Damaged in Transit
RET011193,ORD0126158,P0001,2024-07-21,177,Quality Issue
RET011194,ORD0126174,P0106,2024-01-04,37,Quality Issue
RET011195,ORD0126179,P0127,2024-04-04,7,Wrong Item Delivered
RET011196,ORD0126212,P0158,2023-06-01,1,Wrong Item Delivered
RET011197,ORD0126219,P0024,2024-01-07,1,Other
RET011198,ORD0126221,P0158,2024-02-15,1,Wrong Item Delivered
RET011199,ORD0126237,P0003,2023-05-20,1,Wrong Item Delivered
RET011200,ORD0126268,P0123,2023-05-12,1,Late Delivery
RET011201,ORD0126279,P0025,2024-01-09,2,Quality Issue
RET011202,ORD0126280,P0168,2024-02-25,1,Other
RET011203,ORD0126282,P0079,2024-02-26,1,Customer Changed Mind
RET011204,ORD0126283,P0099,2024-03-09,1,Customer Changed Mind
RET011205,ORD0126307,P0029,2024-01-05,3,Wrong Item Delivered
RET011206,ORD0126322,P0005,2023-02-25,1,Quality Issue
RET011207,ORD0126347,P0095,2024-03-03,1,Wrong Item Delivered
RET011208,ORD0126354,P0016,2024-07-12,1,Wrong Item Delivered
RET011209,ORD0126359,P0068,2024-12-06,1,Customer Changed Mind
RET011210,ORD0126378,P0032,2023-05-08,26,Customer Changed Mind
RET011211,ORD0126392,P0037,2023-02-15,2,Damaged in Transit
RET011212,ORD0126403,P0132,2023-07-24,1,Other
RET011213,ORD0126423,P0146,2024-10-24,1,Damaged in Transit
RET011214,ORD0126437,P0183,2023-03-29,1,Customer Changed Mind
RET011215,ORD0126459,P0047,2024-06-13,2,Other
RET011216,ORD0126472,P0132,2023-05-15,1,Customer Changed Mind
RET011217,ORD0126478,P0168,2023-10-21,1,Damaged in Transit
RET011218,ORD0126483,P0056,2024-02-27,2,Damaged in Transit
RET011219,ORD0126510,P0093,2023-12-29,5,Customer Changed Mind
RET011220,ORD0126515,P0129,2024-04-12,1,Other
RET011221,ORD0126517,P0065,2024-05-01,1,Wrong Item Delivered
RET011222,ORD0126539,P0085,2023-12-02,1,Quality Issue
RET011223,ORD0126548,P0095,2024-04-22,1,Customer Changed Mind
RET011224,ORD0126561,P0184,2024-10-12,1,Customer Changed Mind
RET011225,ORD0126579,P0198,2023-08-09,1,Other
RET011226,ORD0126580,P0074,2023-08-18,3,Quality Issue
RET011227,ORD0126588,P0087,2024-02-10,1,Damaged in Transit
RET011228,ORD0126589,P0122,2024-08-08,1,Damaged in Transit
RET011229,ORD0126590,P0166,2024-09-08,1,Damaged in Transit
RET011230,ORD0126590,P0084,2024-08-31,1,Damaged in Transit
RET011231,ORD0126609,P0177,2023-12-09,1,Wrong Item Delivered
RET011232,ORD0126627,P0145,2023-02-09,19,Damaged in Transit
RET011233,ORD0126639,P0029,2023-09-26,22,Wrong Item Delivered
RET011234,ORD0126649,P0126,2024-10-16,74,Wrong Item Delivered
RET011235,ORD0126655,P0168,2023-04-26,1,Customer Changed Mind
RET011236,ORD0126678,P0026,2023-07-10,1,Wrong Item Delivered
RET011237,ORD0126695,P0132,2024-06-19,2,Customer Changed Mind
RET011238,ORD0126725,P0028,2024-02-05,1,Wrong Item Delivered
RET011239,ORD0126746,P0076,2023-02-14,1,Late Delivery
RET011240,ORD0126752,P0043,2023-07-03,3,Damaged in Transit
RET011241,ORD0126755,P0126,2023-08-22,1,Wrong Item Delivered
RET011242,ORD0126769,P0144,2024-12-01,1,Wrong Item Delivered
RET011243,ORD0126779,P0067,2023-12-08,2,Wrong Item Delivered
RET011244,ORD0126786,P0037,2024-04-04,1,Damaged in Transit
RET011245,ORD0126793,P0003,2024-09-01,1,Quality Issue
RET011246,ORD0126795,P0123,2024-10-08,1,Damaged in Transit
RET011247,ORD0126805,P0068,2023-05-30,1,Wrong Item Delivered
RET011248,ORD0126823,P0142,2023-02-02,1,Customer Changed Mind
RET011249,ORD0126833,P0198,2023-06-08,1,Wrong Item Delivered
RET011250,ORD0126839,P0053,2023-10-25,2,Late Delivery
RET011251,ORD0126841,P0042,2023-11-09,1,Wrong Item Delivered
RET011252,ORD0126844,P0140,2024-02-05,1,Damaged in Transit
RET011253,ORD0126907,P0094,2023-03-27,1,Wrong Item Delivered
RET011254,ORD0126907,P0167,2023-03-27,1,Wrong Item Delivered
RET011255,ORD0126913,P0069,2023-08-05,1,Damaged in Transit
RET011256,ORD0126914,P0024,2023-09-01,1,Damaged in Transit
RET011257,ORD0126922,P0051,2023-12-29,1,Late Delivery
RET011258,ORD0126932,P0148,2024-06-22,1,Wrong Item Delivered
RET011259,ORD0126946,P0132,2023-07-07,14,Damaged in Transit
RET011260,ORD0126949,P0094,2023-11-08,18,Late Delivery
RET011261,ORD0126982,P0093,2024-04-07,2,Customer Changed Mind
RET011262,ORD0126998,P0095,2023-05-13,1,Wrong Item Delivered
RET011263,ORD0126998,P0166,2023-05-08,2,Wrong Item Delivered
RET011264,ORD0127027,P0061,2023-11-03,1,Damaged in Transit
RET011265,ORD0127027,P0048,2023-10-21,1,Damaged in Transit
RET011266,ORD0127053,P0123,2023-03-17,2,Customer Changed Mind
RET011267,ORD0127057,P0165,2023-08-17,1,Late Delivery
RET011268,ORD0127060,P0049,2023-08-05,1,Customer Changed Mind
RET011269,ORD0127062,P0025,2023-09-28,1,Wrong Item Delivered
RET011270,ORD0127063,P0058,2023-09-20,1,Customer Changed Mind
RET011271,ORD0127076,P0152,2024-02-14,1,Damaged in Transit
RET011272,ORD0127100,P0051,2024-02-22,1,Late Delivery
RET011273,ORD0127102,P0042,2024-03-07,1,Quality Issue
RET011274,ORD0127112,P0152,2024-06-13,1,Customer Changed Mind
RET011275,ORD0127117,P0001,2024-08-12,4,Other
RET011276,ORD0127155,P0043,2023-12-08,1,Quality Issue
RET011277,ORD0127171,P0142,2024-09-11,1,Customer Changed Mind
RET011278,ORD0127173,P0146,2024-12-02,1,Quality Issue
RET011279,ORD0127193,P0058,2023-05-30,70,Damaged in Transit
RET011280,ORD0127197,P0154,2023-11-26,20,Customer Changed Mind
RET011281,ORD0127200,P0091,2024-03-31,17,Quality Issue
RET011282,ORD0127201,P0062,2024-04-24,8,Customer Changed Mind
RET011283,ORD0127214,P0181,2023-02-15,1,Late Delivery
RET011284,ORD0127216,P0050,2023-03-28,1,Quality Issue
RET011285,ORD0127230,P0039,2023-11-10,1,Wrong Item Delivered
RET011286,ORD0127232,P0057,2023-11-13,1,Quality Issue
RET011287,ORD0127242,P0146,2024-03-27,2,Quality Issue
RET011288,ORD0127262,P0051,2023-01-26,4,Late Delivery
RET011289,ORD0127266,P0107,2023-11-08,1,Customer Changed Mind
RET011290,ORD0127290,P0127,2023-08-08,2,Late Delivery
RET011291,ORD0127291,P0078,2023-08-26,8,Customer Changed Mind
RET011292,ORD0127297,P0091,2024-07-02,72,Damaged in Transit
RET011293,ORD0127319,P0157,2024-06-05,3,Late Delivery
RET011294,ORD0127341,P0198,2024-02-16,3,Customer Changed Mind
RET011295,ORD0127349,P0037,2024-07-02,3,Damaged in Transit
RET011296,ORD0127349,P0165,2024-06-30,2,Damaged in Transit
RET011297,ORD0127356,P0161,2023-03-23,23,Quality Issue
RET011298,ORD0127362,P0035,2023-08-16,34,Customer Changed Mind
RET011299,ORD0127367,P0021,2024-07-07,26,Damaged in Transit
RET011300,ORD0127373,P0070,2023-04-01,3,Other
RET011301,ORD0127378,P0191,2023-08-17,1,Customer Changed Mind
RET011302,ORD0127408,P0068,2023-06-14,72,Wrong Item Delivered
RET011303,ORD0127410,P0149,2023-08-02,232,Quality Issue
RET011304,ORD0127414,P0131,2023-12-21,102,Late Delivery
RET011305,ORD0127415,P0157,2024-08-10,270,Wrong Item Delivered
RET011306,ORD0127430,P0073,2024-05-14,1,Quality Issue
RET011307,ORD0127433,P0185,2024-08-08,1,Quality Issue
RET011308,ORD0127441,P0127,2023-02-17,36,Customer Changed Mind
RET011309,ORD0127441,P0023,2023-02-05,46,Quality Issue
RET011310,ORD0127457,P0098,2023-07-05,1,Quality Issue
RET011311,ORD0127473,P0024,2023-01-17,1,Late Delivery
RET011312,ORD0127486,P0122,2023-06-17,1,Late Delivery
RET011313,ORD0127495,P0146,2023-10-12,2,Customer Changed Mind
RET011314,ORD0127509,P0105,2024-08-17,1,Customer Changed Mind
RET011315,ORD0127510,P0022,2024-09-01,1,Damaged in Transit
RET011316,ORD9999999,P0087,2024-08-25,1,Damaged in Transit
RET011317,ORD0127520,P0031,2023-02-03,1,Late Delivery
RET011318,ORD0127534,P0017,2023-11-24,1,Damaged in Transit
RET011319,ORD0127549,P0073,2024-07-22,1,Damaged in Transit
RET011320,ORD9999999,P0118,2024-08-10,2,Damaged in Transit
RET011321,ORD0127570,P0154,2023-08-15,4,Damaged in Transit
RET011322,ORD0127573,P0036,2023-12-13,1,Quality Issue
RET011323,ORD9999999,P0005,2023-08-09,2,Wrong Item Delivered
RET011324,ORD0127612,P0047,2024-01-30,1,Wrong Item Delivered
RET011325,ORD0127621,P0032,2024-09-03,1,Wrong Item Delivered
RET011326,ORD0127622,P0155,2024-10-05,4,Late Delivery
RET011327,ORD0127622,P0099,2024-10-12,2,Wrong Item Delivered
RET011328,ORD0127627,P0118,2023-01-24,1,Damaged in Transit
RET011329,ORD0127629,P0144,2023-03-30,1,Damaged in Transit
RET011330,ORD0127638,P0050,2023-11-23,5,Late Delivery
RET011331,ORD0127644,P0055,2024-06-12,1,Customer Changed Mind
RET011332,ORD0127693,P0024,2024-08-31,2,Wrong Item Delivered
RET011333,ORD0127747,P0051,2024-09-04,1,Late Delivery
RET011334,ORD0127756,P0193,2023-02-16,2,Customer Changed Mind
RET011335,ORD0127759,P0020,2023-05-21,3,Quality Issue
RET011336,ORD0127772,P0015,2024-01-31,1,Late Delivery
RET011337,ORD0127794,P0088,2023-09-29,1,Wrong Item Delivered
RET011338,ORD0127795,P0082,2023-10-01,1,Wrong Item Delivered
RET011339,ORD0127796,P0065,2023-10-27,2,Wrong Item Delivered
RET011340,ORD0127799,P0073,2024-01-11,2,Damaged in Transit
RET011341,ORD0127799,P0166,2024-01-14,1,Damaged in Transit
RET011342,ORD0127814,P0132,2023-06-19,1,Damaged in Transit
RET011343,ORD0127829,P0073,2024-07-29,1,Customer Changed Mind
RET011344,ORD0127835,P0168,2023-01-29,2,Customer Changed Mind
RET011345,ORD0127842,P0113,2023-05-06,1,Late Delivery
RET011346,ORD0127867,P0112,2024-06-27,1,Customer Changed Mind
RET011347,ORD0127883,P0004,2023-07-19,2,Damaged in Transit
RET011348,ORD0127911,P0159,2023-07-10,32,Other
RET011349,ORD0127940,P0032,2023-09-11,1,Wrong Item Delivered
RET011350,ORD0127943,P0192,2023-10-25,1,Other
RET011351,ORD0127944,P0071,2023-11-04,1,Damaged in Transit
RET011352,ORD0127960,P0036,2024-06-29,1,Quality Issue
RET011353,ORD0127963,P0011,2024-07-02,1,Damaged in Transit
RET011354,ORD0127971,P0019,2024-11-23,1,Wrong Item Delivered
RET011355,ORD0127976,P0159,2023-03-30,2,Quality Issue
RET011356,ORD0127988,P0111,2023-11-17,2,Quality Issue
RET011357,ORD0128010,P0030,2023-07-07,1,Damaged in Transit
RET011358,ORD0128018,P0051,2023-11-03,1,Late Delivery
RET011359,ORD0128026,P0157,2024-04-09,1,Quality Issue
RET011360,ORD0128044,P0168,2023-09-16,52,Late Delivery
RET011361,ORD0128050,P0039,2024-04-15,19,Other
RET011362,ORD0128077,P0038,2024-01-25,1,Other
RET011363,ORD0128089,P0010,2024-09-18,1,Damaged in Transit
RET011364,ORD0128104,P0004,2023-05-13,2,Late Delivery
RET011365,ORD0128115,P0121,2023-10-12,1,Customer Changed Mind
RET011366,ORD0128120,P0151,2024-01-24,1,Wrong Item Delivered
RET011367,ORD0128179,P0075,2023-08-29,1,Quality Issue
RET011368,ORD0128182,P0121,2023-10-06,1,Wrong Item Delivered
RET011369,ORD0128195,P0028,2024-03-18,1,Damaged in Transit
RET011370,ORD0128195,P0124,2024-03-15,1,Damaged in Transit
RET011371,ORD0128199,P0067,2024-05-18,1,Quality Issue
RET011372,ORD0128227,P0155,2023-12-05,1,Wrong Item Delivered
RET011373,ORD0128242,P0198,2024-05-17,1,Quality Issue
RET011374,ORD0128265,P0085,2023-08-06,1,Customer Changed Mind
RET011375,ORD0128266,P0085,2023-08-19,2,Customer Changed Mind
RET011376,ORD0128267,P0011,2023-10-21,1,Late Delivery
RET011377,ORD0128285,P0195,2024-08-22,1,Quality Issue
RET011378,ORD0128286,P0154,2024-11-16,1,Customer Changed Mind
RET011379,ORD0128291,P0146,2023-05-31,1,Wrong Item Delivered
RET011380,ORD0128291,P0055,2023-06-05,1,Wrong Item Delivered
RET011381,ORD0128309,P0158,2024-04-23,2,Customer Changed Mind
RET011382,ORD0128324,P0186,2023-02-27,1,Wrong Item Delivered
RET011383,ORD0128329,P0181,2023-04-28,1,Customer Changed Mind
RET011384,ORD0128340,P0023,2023-12-30,1,Wrong Item Delivered
RET011385,ORD0128362,P0177,2023-05-15,54,Late Delivery
RET011386,ORD0128370,P0182,2024-03-18,11,Quality Issue
RET011387,ORD0128371,P0019,2024-05-18,18,Wrong Item Delivered
RET011388,ORD0128371,P0044,2024-05-07,14,Wrong Item Delivered
RET011389,ORD0128377,P0027,2023-02-20,1,Customer Changed Mind
RET011390,ORD0128383,P0162,2023-08-12,4,Customer Changed Mind
RET011391,ORD0128386,P0111,2023-09-11,1,Wrong Item Delivered
RET011392,ORD0128386,P0010,2023-09-06,3,Wrong Item Delivered
RET011393,ORD0128387,P0198,2023-09-27,1,Customer Changed Mind
RET011394,ORD0128398,P0136,2024-10-31,1,Wrong Item Delivered
RET011395,ORD0128422,P0026,2023-04-06,1,Other
RET011396,ORD0128443,P0048,2024-03-14,1,Customer Changed Mind
RET011397,ORD0128451,P0165,2024-05-20,1,Customer Changed Mind
RET011398,ORD0128456,P0132,2024-08-11,1,Wrong Item Delivered
RET011399,ORD0128458,P0070,2024-09-16,2,Damaged in Transit
RET011400,ORD0128503,P0122,2024-10-06,1,Other
RET011401,ORD0128510,P0014,2023-03-05,1,Wrong Item Delivered
RET011402,ORD0128551,P0073,2024-11-05,2,Quality Issue
RET011403,ORD0128556,P0052,2023-04-13,1,Customer Changed Mind
RET011404,ORD0128556,P0168,2023-04-06,3,Late Delivery
RET011405,ORD0128569,P0148,2024-01-30,1,Damaged in Transit
RET011406,ORD0128577,P0182,2024-10-08,2,Damaged in Transit
RET011407,ORD0128581,P0051,2023-03-06,1,Wrong Item Delivered
RET011408,ORD0128593,P0091,2024-01-12,1,Customer Changed Mind
RET011409,ORD0128594,P0023,2024-01-22,2,Wrong Item Delivered
RET011410,ORD0128631,P0174,2024-03-06,1,Other
RET011411,ORD0128639,P0083,2024-06-01,1,Customer Changed Mind
RET011412,ORD0128666,P0035,2024-02-25,1,Wrong Item Delivered
RET011413,ORD0128674,P0074,2024-08-23,1,Damaged in Transit
RET011414,ORD0128719,P0036,2023-03-12,2,Late Delivery
RET011415,ORD0128728,P0123,2023-11-09,3,Wrong Item Delivered
RET011416,ORD0128735,P0083,2024-03-23,4,Late Delivery
RET011417,ORD0128744,P0017,2024-10-03,1,Damaged in Transit
RET011418,ORD0128744,P0129,2024-09-30,2,Damaged in Transit
RET011419,ORD0128790,P0187,2023-08-14,32,Damaged in Transit
RET011420,ORD0128790,P0050,2023-08-10,247,Damaged in Transit
RET011421,ORD0128795,P0084,2023-12-20,83,Wrong Item Delivered
RET011422,ORD0128797,P0082,2024-08-02,274,Quality Issue
RET011423,ORD0128800,P0126,2023-02-15,10,Wrong Item Delivered
RET011424,ORD0128805,P0039,2024-01-15,171,Late Delivery
RET011425,ORD0128816,P0142,2024-12-25,220,Wrong Item Delivered
RET011426,ORD0128824,P0112,2023-08-02,2,Late Delivery
RET011427,ORD0128830,P0023,2023-11-02,1,Damaged in Transit
RET011428,ORD0128830,P0068,2023-11-02,1,Damaged in Transit
RET011429,ORD0128844,P0025,2024-07-07,1,Wrong Item Delivered
RET011430,ORD0128849,P0125,2024-08-08,1,Quality Issue
RET011431,ORD0128857,P0007,2024-11-03,1,Damaged in Transit
RET011432,ORD0128872,P0005,2023-03-22,1,Damaged in Transit
RET011433,ORD0128873,P0026,2023-03-12,1,Quality Issue
RET011434,ORD0128890,P0062,2024-01-29,1,Quality Issue
RET011435,ORD0128903,P0037,2024-08-19,1,Wrong Item Delivered
RET011436,ORD0128903,P0038,2024-08-18,1,Wrong Item Delivered
RET011437,ORD0128932,P0180,2024-01-05,1,Customer Changed Mind
RET011438,ORD0128967,P0036,2024-11-21,1,Wrong Item Delivered
RET011439,ORD0128979,P0021,2023-08-20,2,Late Delivery
RET011440,ORD0128987,P0093,2024-05-23,1,Other
RET011441,ORD0128993,P0015,2024-10-29,2,Late Delivery
RET011442,ORD0128998,P0158,2023-02-15,1,Wrong Item Delivered
RET011443,ORD0129016,P0162,2024-02-07,1,Other
RET011444,ORD0129048,P0093,2024-04-03,1,Late Delivery
RET011445,ORD0129055,P0135,2024-11-01,1,Wrong Item Delivered
RET011446,ORD0129078,P0001,2023-02-28,1,Wrong Item Delivered
RET011447,ORD0129094,P0016,2023-10-31,1,Late Delivery
RET011448,ORD0129098,P0181,2024-01-15,1,Damaged in Transit
RET011449,ORD0129100,P0174,2024-02-01,1,Damaged in Transit
RET011450,ORD0129104,P0044,2024-03-10,1,Damaged in Transit
RET011451,ORD0129106,P0027,2024-03-24,1,Wrong Item Delivered
RET011452,ORD0129106,P0105,2024-03-27,1,Wrong Item Delivered
RET011453,ORD0129109,P0024,2024-06-10,1,Customer Changed Mind
RET011454,ORD0129128,P0095,2023-12-03,36,Customer Changed Mind
RET011455,ORD0129135,P0030,2024-10-08,28,Damaged in Transit
RET011456,ORD0129139,P0012,2023-02-11,32,Customer Changed Mind
RET011457,ORD0129151,P0106,2024-12-03,5,Quality Issue
RET011458,ORD0129156,P0114,2023-09-11,1,Quality Issue
RET011459,ORD0129173,P0168,2024-06-13,1,Wrong Item Delivered
RET011460,ORD0129194,P0095,2023-05-20,1,Quality Issue
RET011461,ORD0129213,P0051,2024-12-23,2,Quality Issue
RET011462,ORD0129220,P0062,2023-05-13,1,Wrong Item Delivered
RET011463,ORD0129226,P0198,2023-08-18,2,Quality Issue
RET011464,ORD0129259,P0038,2023-06-14,1,Wrong Item Delivered
RET011465,ORD0129261,P0135,2023-08-13,1,Quality Issue
RET011466,ORD0129290,P0058,2023-08-06,43,Quality Issue
RET011467,ORD0129292,P0200,2023-10-17,46,Other
RET011468,ORD0129304,P0006,2023-01-21,3,Customer Changed Mind
RET011469,ORD0129312,P0057,2023-06-13,1,Customer Changed Mind
RET011470,ORD0129334,P0125,2023-08-12,90,Wrong Item Delivered
RET011471,ORD0129334,P0052,2023-08-11,13,Wrong Item Delivered
RET011472,ORD0129336,P0103,2024-05-15,164,Wrong Item Delivered
RET011473,ORD0129387,P0058,2023-10-16,1,Damaged in Transit
RET011474,ORD0129409,P0171,2023-01-22,3,Customer Changed Mind
RET011475,ORD0129420,P0192,2023-07-25,2,Quality Issue
RET011476,ORD0129440,P0093,2023-01-25,1,Other
RET011477,ORD0129455,P0005,2024-05-07,3,Customer Changed Mind
RET011478,ORD0129456,P0148,2024-06-07,1,Damaged in Transit
RET011479,ORD0129460,P0181,2024-11-13,2,Customer Changed Mind
RET011480,ORD0129489,P0095,2024-01-17,1,Customer Changed Mind
RET011481,ORD0129497,P0125,2024-08-29,1,Customer Changed Mind
RET011482,ORD0129514,P0024,2023-10-05,2,Damaged in Transit
RET011483,ORD0129524,P0024,2024-06-03,2,Quality Issue
RET011484,ORD0129530,P0093,2024-11-20,1,Quality Issue
RET011485,ORD0129549,P0163,2023-11-29,1,Damaged in Transit
RET011486,ORD0129550,P0074,2023-12-19,1,Customer Changed Mind
RET011487,ORD0129559,P0060,2024-03-30,1,Wrong Item Delivered
RET011488,ORD0129583,P0163,2023-12-15,1,Damaged in Transit
RET011489,ORD0129585,P0041,2024-02-10,1,Damaged in Transit
RET011490,ORD0129591,P0006,2024-06-16,1,Late Delivery
RET011491,ORD0129593,P0047,2024-07-31,1,Late Delivery
RET011492,ORD0129597,P0152,2024-08-24,2,Quality Issue
RET011493,ORD0129605,P0182,2023-04-30,1,Quality Issue
RET011494,ORD0129619,P0119,2023-12-23,1,Damaged in Transit
RET011495,ORD0129630,P0088,2024-10-05,2,Damaged in Transit
RET011496,ORD0129630,P0187,2024-10-01,1,Damaged in Transit
RET011497,ORD0129656,P0016,2023-10-18,1,Quality Issue
RET011498,ORD0129658,P0130,2023-11-23,2,Quality Issue
RET011499,ORD0129695,P0159,2024-02-25,2,Damaged in Transit
RET011500,ORD0129720,P0190,2023-08-05,2,Other
RET011501,ORD0129744,P0008,2024-10-20,1,Wrong Item Delivered
RET011502,ORD0129761,P0165,2023-12-26,1,Damaged in Transit
RET011503,ORD0129789,P0094,2023-06-10,47,Damaged in Transit
RET011504,ORD0129804,P0074,2023-06-08,40,Late Delivery
RET011505,ORD0129829,P0005,2023-09-28,235,Wrong Item Delivered
RET011506,ORD0129842,P0048,2023-03-22,2,Customer Changed Mind
RET011507,ORD0129850,P0091,2023-12-11,3,Late Delivery
RET011508,ORD0129877,P0136,2024-05-18,1,Quality Issue
RET011509,ORD0129881,P0037,2024-07-31,1,Damaged in Transit
RET011510,ORD0129885,P0005,2024-12-16,1,Wrong Item Delivered
RET011511,ORD0129906,P0138,2024-09-27,32,Customer Changed Mind
RET011512,ORD0129913,P0121,2023-05-29,2,Other
RET011513,ORD0129920,P0109,2024-04-04,1,Wrong Item Delivered
RET011514,ORD0129948,P0033,2024-02-10,1,Other
RET011515,ORD0129970,P0014,2023-03-14,1,Wrong Item Delivered
RET011516,ORD0129987,P0088,2024-05-20,1,Quality Issue
RET011517,ORD0129996,P0148,2024-09-18,1,Customer Changed Mind
RET011518,ORD0130004,P0093,2023-04-06,1,Quality Issue
RET011519,ORD0130005,P0114,2023-05-07,1,Customer Changed Mind
RET011520,ORD0130019,P0131,2024-01-20,1,Quality Issue
RET011521,ORD0130045,P0191,2023-09-28,1,Quality Issue
RET011522,ORD0130074,P0030,2023-06-14,1,Other
RET011523,ORD0130076,P0003,2023-06-14,1,Late Delivery
RET011524,ORD0130084,P0100,2023-11-06,1,Wrong Item Delivered
RET011525,ORD0130095,P0050,2024-03-29,1,Quality Issue
RET011526,ORD0130103,P0031,2024-08-13,2,Damaged in Transit
RET011527,ORD0130106,P0086,2024-09-14,1,Damaged in Transit
RET011528,ORD0130106,P0165,2024-09-08,1,Damaged in Transit
RET011529,ORD0130106,P0047,2024-09-17,2,Damaged in Transit
RET011530,ORD0130111,P0165,2023-02-20,4,Other
RET011531,ORD0130116,P0166,2023-05-29,1,Late Delivery
RET011532,ORD0130129,P0185,2024-07-18,2,Wrong Item Delivered
RET011533,ORD0130133,P0093,2024-08-12,1,Quality Issue
RET011534,ORD0130134,P0100,2024-08-21,1,Quality Issue
RET011535,ORD0130139,P0128,2024-11-04,1,Quality Issue
RET011536,ORD0130145,P0085,2023-05-14,1,Damaged in Transit
RET011537,ORD0130147,P0126,2023-05-31,1,Wrong Item Delivered
RET011538,ORD0130147,P0038,2023-05-25,1,Wrong Item Delivered
RET011539,ORD0130156,P0106,2023-12-22,1,Damaged in Transit
RET011540,ORD0130156,P0003,2023-12-29,1,Damaged in Transit
RET011541,ORD0130168,P0087,2024-07-07,1,Customer Changed Mind
RET011542,ORD0130171,P0017,2024-10-29,1,Customer Changed Mind
RET011543,ORD0130194,P0196,2024-09-19,137,Damaged in Transit
RET011544,ORD0130195,P0144,2023-02-08,23,Customer Changed Mind
RET011545,ORD0130203,P0090,2024-01-01,64,Customer Changed Mind
RET011546,ORD0130224,P0141,2023-11-29,1,Late Delivery
RET011547,ORD0130264,P0165,2023-07-10,1,Customer Changed Mind
RET011548,ORD0130276,P0113,2024-05-25,2,Wrong Item Delivered
RET011549,ORD0130276,P0082,2024-06-03,1,Wrong Item Delivered
RET011550,ORD0130308,P0026,2024-12-03,73,Damaged in Transit
RET011551,ORD0130318,P0151,2023-07-26,1,Wrong Item Delivered
RET011552,ORD0130334,P0028,2024-07-07,1,Other
RET011553,ORD0130346,P0088,2023-05-06,1,Quality Issue
RET011554,ORD0130362,P0122,2024-05-14,2,Damaged in Transit
RET011555,ORD0130368,P0196,2024-10-20,2,Customer Changed Mind
RET011556,ORD0130379,P0036,2023-12-01,56,Wrong Item Delivered
RET011557,ORD0130388,P0121,2023-02-05,2,Customer Changed Mind
RET011558,ORD0130397,P0040,2023-07-17,1,Customer Changed Mind
RET011559,ORD0130412,P0107,2024-03-23,1,Customer Changed Mind
RET011560,ORD0130476,P0086,2023-10-13,2,Wrong Item Delivered
RET011561,ORD0130512,P0126,2023-03-18,1,Wrong Item Delivered
RET011562,ORD0130516,P0016,2023-06-19,2,Wrong Item Delivered
RET011563,ORD0130533,P0085,2023-02-11,1,Late Delivery
RET011564,ORD0130548,P0183,2023-12-27,3,Damaged in Transit
RET011565,ORD0130548,P0016,2024-01-08,3,Damaged in Transit
RET011566,ORD0130550,P0142,2024-02-07,1,Quality Issue
RET011567,ORD0130604,P0056,2024-04-28,1,Damaged in Transit
RET011568,ORD0130646,P0073,2023-12-30,1,Other
RET011569,ORD0130649,P0064,2024-02-01,1,Damaged in Transit
RET011570,ORD0130651,P0037,2024-03-29,1,Damaged in Transit
RET011571,ORD0130658,P0155,2024-06-13,1,Quality Issue
RET011572,ORD0130673,P0188,2023-06-01,1,Customer Changed Mind
RET011573,ORD0130674,P0027,2023-06-13,1,Quality Issue
RET011574,ORD0130688,P0029,2024-01-14,1,Quality Issue
RET011575,ORD0130708,P0112,2024-12-05,1,Late Delivery
RET011576,ORD0130714,P0112,2023-02-16,2,Quality Issue
RET011577,ORD0130723,P0195,2023-10-23,3,Damaged in Transit
RET011578,ORD0130742,P0110,2024-11-21,1,Wrong Item Delivered
RET011579,ORD0130748,P0155,2023-07-26,1,Damaged in Transit
RET011580,ORD0130763,P0104,2024-04-04,1,Quality Issue
RET011581,ORD0130764,P0144,2024-03-30,1,Late Delivery
RET011582,ORD0130765,P0034,2024-03-23,1,Quality Issue
RET011583,ORD0130766,P0111,2024-04-10,2,Customer Changed Mind
RET011584,ORD0130784,P0082,2023-06-23,155,Quality Issue
RET011585,ORD0130790,P0022,2024-08-31,2,Wrong Item Delivered
RET011586,ORD0130805,P0108,2024-10-16,125,Other
RET011587,ORD0130818,P0111,2023-10-15,1,Customer Changed Mind
RET011588,ORD0130826,P0042,2024-08-04,3,Customer Changed Mind
RET011589,ORD0130838,P0092,2023-06-29,1,Damaged in Transit
RET011590,ORD0130892,P0134,2024-10-10,1,Wrong Item Delivered
RET011591,ORD0130892,P0031,2024-10-15,1,Wrong Item Delivered
RET011592,ORD0130894,P0083,2024-10-26,2,Damaged in Transit
RET011593,ORD0130914,P0029,2024-04-03,90,Wrong Item Delivered
RET011594,ORD0130938,P0095,2024-07-26,118,Wrong Item Delivered
RET011595,ORD0130938,P0086,2024-07-13,40,Wrong Item Delivered
RET011596,ORD0130940,P0050,2024-11-01,17,Late Delivery
RET011597,ORD0130945,P0105,2023-06-21,9,Damaged in Transit
RET011598,ORD0130952,P0070,2024-09-12,82,Late Delivery
RET011599,ORD0130965,P0029,2023-08-27,1,Damaged in Transit
RET011600,ORD0130979,P0113,2024-12-23,1,Wrong Item Delivered
RET011601,ORD0130988,P0159,2023-08-23,1,Wrong Item Delivered
RET011602,ORD0130995,P0008,2023-11-21,1,Wrong Item Delivered
RET011603,ORD0131001,P0074,2024-10-01,1,Quality Issue
RET011604,ORD0131017,P0136,2023-07-23,1,Other
RET011605,ORD0131026,P0149,2024-01-06,1,Damaged in Transit
RET011606,ORD0131026,P0083,2024-01-07,1,Damaged in Transit
RET011607,ORD0131030,P0131,2024-02-08,1,Other
RET011608,ORD0131032,P0115,2024-02-08,1,Damaged in Transit
RET011609,ORD0131032,P0028,2024-02-04,2,Damaged in Transit
RET011610,ORD0131032,P0167,2024-02-04,1,Damaged in Transit
RET011611,ORD0131040,P0111,2024-04-22,1,Customer Changed Mind
RET011612,ORD0131051,P0194,2024-11-16,1,Customer Changed Mind
RET011613,ORD0131066,P0100,2023-01-17,112,Customer Changed Mind
RET011614,ORD0131077,P0026,2024-03-20,90,Quality Issue
RET011615,ORD0131091,P0005,2023-05-03,1,Customer Changed Mind
RET011616,ORD0131094,P0023,2023-06-26,1,Customer Changed Mind
RET011617,ORD0131105,P0135,2024-09-24,1,Late Delivery
RET011618,ORD0131124,P0038,2023-09-07,1,Customer Changed Mind
RET011619,ORD0131141,P0087,2024-06-16,1,Wrong Item Delivered
RET011620,ORD0131142,P0154,2024-07-29,2,Wrong Item Delivered
RET011621,ORD0131152,P0191,2023-04-29,1,Quality Issue
RET011622,ORD0131161,P0031,2023-11-19,2,Damaged in Transit
RET011623,ORD0131162,P0110,2023-12-29,3,Late Delivery
RET011624,ORD0131195,P0174,2024-07-11,1,Customer Changed Mind
RET011625,ORD0131204,P0118,2023-04-13,69,Wrong Item Delivered
RET011626,ORD0131205,P0040,2023-07-24,14,Other
RET011627,ORD0131213,P0152,2023-03-08,1,Customer Changed Mind
RET011628,ORD0131216,P0086,2023-06-08,1,Wrong Item Delivered
RET011629,ORD0131223,P0186,2023-11-23,1,Damaged in Transit
RET011630,ORD0131247,P0048,2023-10-24,1,Wrong Item Delivered
RET011631,ORD0131260,P0127,2024-08-29,4,Late Delivery
RET011632,ORD0131276,P0034,2023-07-15,2,Wrong Item Delivered
RET011633,ORD0131279,P0103,2023-08-15,1,Customer Changed Mind
RET011634,ORD0131287,P0159,2024-01-20,1,Quality Issue
RET011635,ORD0131307,P0095,2023-03-08,1,Damaged in Transit
RET011636,ORD0131376,P0087,2024-07-02,1,Quality Issue
RET011637,ORD0131408,P0083,2023-03-07,1,Customer Changed Mind
RET011638,ORD0131423,P0144,2024-05-21,1,Wrong Item Delivered
RET011639,ORD0131427,P0135,2024-09-27,1,Wrong Item Delivered
RET011640,ORD0131434,P0162,2023-02-23,3,Wrong Item Delivered
RET011641,ORD0131452,P0140,2024-03-11,5,Quality Issue
RET011642,ORD0131461,P0184,2024-10-11,4,Other
RET011643,ORD0131462,P0112,2024-10-01,3,Customer Changed Mind
RET011644,ORD0131467,P0049,2023-02-01,19,Customer Changed Mind
RET011645,ORD0131476,P0036,2024-01-21,22,Wrong Item Delivered
RET011646,ORD0131486,P0050,2024-10-23,58,Damaged in Transit
RET011647,ORD0131489,P0053,2023-02-11,2,Damaged in Transit
RET011648,ORD0131498,P0154,2023-09-28,1,Wrong Item Delivered
RET011649,ORD0131501,P0149,2023-10-17,1,Customer Changed Mind
RET011650,ORD0131506,P0194,2024-01-06,2,Customer Changed Mind
RET011651,ORD0131523,P0013,2024-10-01,1,Late Delivery
RET011652,ORD0131529,P0146,2023-01-25,1,Customer Changed Mind
RET011653,ORD0131533,P0133,2023-09-19,2,Quality Issue
RET011654,ORD0131547,P0163,2024-05-08,1,Quality Issue
RET011655,ORD0131555,P0111,2024-09-20,1,Quality Issue
RET011656,ORD0131558,P0087,2024-11-14,1,Customer Changed Mind
RET011657,ORD0131560,P0111,2024-12-30,1,Damaged in Transit
RET011658,ORD0131569,P0137,2023-05-12,2,Quality Issue
RET011659,ORD0131570,P0028,2023-06-04,1,Damaged in Transit
RET011660,ORD0131589,P0035,2024-07-30,1,Damaged in Transit
RET011661,ORD0131612,P0114,2023-06-18,1,Damaged in Transit
RET011662,ORD0131627,P0198,2023-03-09,1,Customer Changed Mind
RET011663,ORD0131631,P0015,2023-04-22,1,Customer Changed Mind
RET011664,ORD0131638,P0037,2023-07-19,1,Damaged in Transit
RET011665,ORD0131638,P0123,2023-07-15,1,Damaged in Transit
RET011666,ORD0131656,P0177,2024-07-06,1,Customer Changed Mind
RET011667,ORD0131659,P0014,2024-11-03,1,Wrong Item Delivered
RET011668,ORD0131678,P0152,2023-01-27,4,Wrong Item Delivered
RET011669,ORD0131687,P0144,2023-09-29,38,Other
RET011670,ORD0131693,P0028,2024-03-19,20,Customer Changed Mind
RET011671,ORD0131697,P0105,2023-01-30,274,Quality Issue
RET011672,ORD0131702,P0144,2023-05-03,16,Quality Issue
RET011673,ORD0131707,P0083,2023-09-14,46,Customer Changed Mind
RET011674,ORD0131709,P0195,2024-03-19,62,Quality Issue
RET011675,ORD0131726,P0023,2024-06-07,83,Quality Issue
RET011676,ORD0131732,P0127,2024-12-12,96,Other
RET011677,ORD0131736,P0015,2023-07-27,53,Wrong Item Delivered
RET011678,ORD0131742,P0196,2024-02-06,11,Damaged in Transit
RET011679,ORD0131786,P0144,2024-05-18,1,Wrong Item Delivered
RET011680,ORD0131794,P0158,2024-10-18,1,Damaged in Transit
RET011681,ORD0131799,P0153,2023-03-20,1,Customer Changed Mind
RET011682,ORD0131832,P0020,2023-03-27,237,Late Delivery
RET011683,ORD0131838,P0165,2023-12-16,13,Late Delivery
RET011684,ORD0131856,P0015,2023-09-02,1,Quality Issue
RET011685,ORD0131858,P0073,2023-11-12,3,Customer Changed Mind
RET011686,ORD0131917,P0001,2023-04-12,2,Customer Changed Mind
RET011687,ORD0131933,P0121,2024-02-03,2,Quality Issue
RET011688,ORD0131945,P0015,2024-07-24,2,Wrong Item Delivered
RET011689,ORD0131948,P0111,2024-09-11,1,Damaged in Transit
RET011690,ORD0132022,P0024,2024-12-25,1,Wrong Item Delivered
RET011691,ORD0132036,P0011,2024-10-18,46,Damaged in Transit
RET011692,ORD0132038,P0198,2024-12-13,15,Quality Issue
RET011693,ORD0132121,P0079,2023-02-10,3,Wrong Item Delivered
RET011694,ORD0132126,P0075,2023-04-24,2,Wrong Item Delivered
RET011695,ORD0132144,P0089,2023-05-02,9,Quality Issue
RET011696,ORD0132214,P0058,2023-09-23,1,Wrong Item Delivered
RET011697,ORD0132214,P0100,2023-09-17,3,Wrong Item Delivered
RET011698,ORD0132221,P0078,2024-04-02,5,Wrong Item Delivered
RET011699,ORD0132237,P0125,2023-07-24,2,Wrong Item Delivered
RET011700,ORD0132238,P0146,2023-08-27,1,Customer Changed Mind
RET011701,ORD0132239,P0029,2023-08-24,1,Other
RET011702,ORD0132242,P0081,2023-11-17,1,Customer Changed Mind
RET011703,ORD0132252,P0048,2024-06-20,1,Customer Changed Mind
RET011704,ORD0132255,P0187,2024-07-07,2,Wrong Item Delivered
RET011705,ORD0132256,P0114,2024-08-17,1,Customer Changed Mind
RET011706,ORD0132279,P0168,2023-12-03,2,Other
RET011707,ORD0132299,P0044,2024-09-03,1,Damaged in Transit
RET011708,ORD0132313,P0059,2023-03-14,66,Late Delivery
RET011709,ORD0132316,P0148,2023-04-18,53,Customer Changed Mind
RET011710,ORD0132319,P0154,2023-10-18,24,Quality Issue
RET011711,ORD0132324,P0075,2024-04-24,71,Damaged in Transit
RET011712,ORD0132350,P0134,2023-11-06,1,Quality Issue
RET011713,ORD0132368,P0154,2024-10-17,1,Customer Changed Mind
RET011714,ORD0132389,P0090,2023-12-24,1,Wrong Item Delivered
RET011715,ORD0132390,P0125,2024-01-30,2,Quality Issue
RET011716,ORD0132393,P0128,2024-03-27,1,Damaged in Transit
RET011717,ORD0132395,P0150,2024-04-19,1,Wrong Item Delivered
RET011718,ORD0132405,P0168,2024-12-24,2,Quality Issue
RET011719,ORD0132410,P0070,2023-06-25,200,Damaged in Transit
RET011720,ORD0132431,P0048,2024-01-10,1,Damaged in Transit
RET011721,ORD0132438,P0168,2024-09-17,1,Damaged in Transit
RET011722,ORD0132442,P0016,2023-01-28,4,Customer Changed Mind
RET011723,ORD0132462,P0085,2024-08-25,1,Customer Changed Mind
RET011724,ORD0132483,P0047,2024-04-04,75,Damaged in Transit
RET011725,ORD0132494,P0104,2023-08-09,1,Damaged in Transit
RET011726,ORD0132508,P0142,2023-12-04,1,Damaged in Transit
RET011727,ORD0132533,P0142,2023-08-16,2,Damaged in Transit
RET011728,ORD0132544,P0043,2024-02-27,1,Other
RET011729,ORD0132575,P0048,2023-02-04,1,Late Delivery
RET011730,ORD0132591,P0103,2023-11-01,2,Damaged in Transit
RET011731,ORD0132602,P0157,2024-07-26,2,Damaged in Transit
RET011732,ORD0132616,P0023,2023-12-22,1,Damaged in Transit
RET011733,ORD0132621,P0047,2024-09-02,1,Wrong Item Delivered
RET011734,ORD0132632,P0034,2023-05-14,1,Quality Issue
RET011735,ORD0132634,P0149,2023-06-08,2,Late Delivery
RET011736,ORD0132635,P0065,2023-06-23,1,Damaged in Transit
RET011737,ORD9999999,P0165,2023-07-07,1,Quality Issue
RET011738,ORD0132649,P0078,2024-01-11,1,Wrong Item Delivered
RET011739,ORD0132661,P0184,2024-08-30,1,Damaged in Transit
RET011740,ORD0132663,P0049,2024-09-20,2,Customer Changed Mind
RET011741,ORD0132670,P0093,2024-12-11,1,Quality Issue
RET011742,ORD0132690,P0144,2024-11-15,1,Wrong Item Delivered
RET011743,ORD0132726,P0032,2024-02-03,1,Damaged in Transit
RET011744,ORD0132726,P0152,2024-02-05,1,Damaged in Transit
RET011745,ORD0132728,P0032,2024-02-29,1,Damaged in Transit
RET011746,ORD0132752,P0140,2023-07-09,1,Wrong Item Delivered
RET011747,ORD0132759,P0079,2023-12-11,1,Wrong Item Delivered
RET011748,ORD0132766,P0095,2024-08-05,1,Quality Issue
RET011749,ORD0132770,P0091,2024-09-10,2,Late Delivery
RET011750,ORD0132772,P0117,2024-09-29,1,Damaged in Transit
RET011751,ORD0132784,P0018,2023-05-21,25,Quality Issue
RET011752,ORD0132793,P0196,2024-04-09,9,Customer Changed Mind
RET011753,ORD0132795,P0024,2024-07-07,12,Other
RET011754,ORD0132798,P0167,2024-09-20,54,Damaged in Transit
RET011755,ORD0132798,P0110,2024-09-17,5,Damaged in Transit
RET011756,ORD0132802,P0016,2024-11-10,32,Quality Issue
RET011757,ORD0132808,P0123,2023-04-24,2,Customer Changed Mind
RET011758,ORD0132817,P0089,2023-12-13,1,Damaged in Transit
RET011759,ORD0132817,P0162,2023-12-18,1,Damaged in Transit
RET011760,ORD0132818,P0122,2024-02-23,1,Wrong Item Delivered
RET011761,ORD0132832,P0058,2024-12-22,1,Quality Issue
RET011762,ORD0132851,P0116,2023-08-14,1,Customer Changed Mind
RET011763,ORD0132886,P0152,2023-03-03,1,Quality Issue
RET011764,ORD0132903,P0014,2023-11-16,2,Quality Issue
RET011765,ORD0132966,P0181,2024-11-10,2,Quality Issue
RET011766,ORD0132979,P0036,2023-10-02,1,Damaged in Transit
RET011767,ORD0133018,P0086,2023-09-24,5,Wrong Item Delivered
RET011768,ORD0133026,P0180,2024-04-27,2,Damaged in Transit
RET011769,ORD0133033,P0142,2024-12-27,1,Wrong Item Delivered
RET011770,ORD0133048,P0106,2023-11-07,1,Quality Issue
RET011771,ORD0133054,P0155,2024-01-27,1,Damaged in Transit
RET011772,ORD9999999,P0021,2024-02-03,2,Customer Changed Mind
RET011773,ORD0133103,P0191,2023-01-20,1,Damaged in Transit
RET011774,ORD0133118,P0171,2023-11-07,1,Wrong Item Delivered
RET011775,ORD0133128,P0115,2024-06-25,1,Wrong Item Delivered
RET011776,ORD0133138,P0176,2023-02-27,2,Customer Changed Mind
RET011777,ORD0133159,P0148,2023-01-21,1,Quality Issue
RET011778,ORD0133165,P0034,2023-07-24,3,Wrong Item Delivered
RET011779,ORD0133172,P0035,2024-02-10,1,Customer Changed Mind
RET011780,ORD0133200,P0146,2023-07-27,14,Late Delivery
RET011781,ORD0133209,P0039,2024-05-09,14,Damaged in Transit
RET011782,ORD0133220,P0078,2023-05-09,1,Late Delivery
RET011783,ORD0133250,P0157,2023-10-22,2,Quality Issue
RET011784,ORD0133267,P0126,2024-11-02,1,Customer Changed Mind
RET011785,ORD0133288,P0038,2024-01-27,1,Damaged in Transit
RET011786,ORD0133297,P0135,2024-05-05,2,Damaged in Transit
RET011787,ORD0133299,P0011,2024-06-25,1,Quality Issue
RET011788,ORD0133300,P0084,2024-07-17,2,Wrong Item Delivered
RET011789,ORD0133318,P0126,2023-04-03,1,Wrong Item Delivered
RET011790,ORD0133318,P0005,2023-04-01,2,Wrong Item Delivered
RET011791,ORD0133327,P0023,2024-01-23,1,Wrong Item Delivered
RET011792,ORD0133358,P0074,2024-06-09,1,Customer Changed Mind
RET011793,ORD0133366,P0092,2023-07-19,78,Customer Changed Mind
RET011794,ORD0133422,P0011,2023-03-13,1,Damaged in Transit
RET011795,ORD0133423,P0179,2023-04-03,1,Quality Issue
RET011796,ORD0133425,P0099,2023-06-03,1,Customer Changed Mind
RET011797,ORD0133442,P0016,2024-04-16,1,Customer Changed Mind
RET011798,ORD0133445,P0153,2024-06-15,1,Other
RET011799,ORD0133450,P0068,2024-09-29,1,Damaged in Transit
RET011800,ORD0133455,P0113,2024-12-22,1,Damaged in Transit
RET011801,ORD0133474,P0044,2024-02-15,10,Quality Issue
RET011802,ORD0133484,P0012,2024-11-23,12,Quality Issue
RET011803,ORD0133489,P0022,2023-06-07,35,Damaged in Transit
RET011804,ORD0133507,P0020,2023-07-21,1,Damaged in Transit
RET011805,ORD0133516,P0182,2024-05-09,1,Late Delivery
RET011806,ORD0133516,P0111,2024-05-08,1,Customer Changed Mind
RET011807,ORD0133520,P0107,2024-10-09,1,Customer Changed Mind
RET011808,ORD0133544,P0143,2024-10-08,2,Wrong Item Delivered
RET011809,ORD0133570,P0049,2023-06-04,1,Quality Issue
RET011810,ORD0133574,P0076,2023-08-24,1,Quality Issue
RET011811,ORD0133583,P0134,2024-03-07,1,Customer Changed Mind
RET011812,ORD0133593,P0079,2024-12-20,1,Damaged in Transit
RET011813,ORD0133605,P0133,2024-01-16,15,Quality Issue
RET011814,ORD9999999,P0003,2024-01-16,9,Wrong Item Delivered
RET011815,ORD0133658,P0062,2024-11-20,1,Damaged in Transit
RET011816,ORD0133675,P0075,2024-04-11,1,Damaged in Transit
RET011817,ORD0133675,P0003,2024-04-23,1,Damaged in Transit
RET011818,ORD0133689,P0024,2023-02-28,1,Damaged in Transit
RET011819,ORD0133689,P0125,2023-03-05,1,Damaged in Transit
RET011820,ORD0133692,P0182,2023-05-04,1,Damaged in Transit
RET011821,ORD0133694,P0150,2023-06-23,1,Wrong Item Delivered
RET011822,ORD0133721,P0029,2024-07-09,2,Late Delivery
RET011823,ORD0133744,P0038,2023-06-06,1,Quality Issue
RET011824,ORD0133757,P0168,2024-01-05,1,Customer Changed Mind
RET011825,ORD0133767,P0084,2024-08-28,1,Wrong Item Delivered
RET011826,ORD0133773,P0068,2023-05-14,28,Customer Changed Mind
RET011827,ORD0133778,P0024,2023-10-01,26,Other
RET011828,ORD0133781,P0122,2024-01-31,11,Damaged in Transit
RET011829,ORD0133801,P0026,2023-12-09,1,Customer Changed Mind
RET011830,ORD0133807,P0093,2024-05-23,1,Wrong Item Delivered
RET011831,ORD0133858,P0101,2024-09-21,2,Customer Changed Mind
RET011832,ORD0133865,P0047,2023-02-22,2,Customer Changed Mind
RET011833,ORD0133872,P0087,2023-07-13,1,Damaged in Transit
RET011834,ORD0133887,P0189,2023-12-28,1,Damaged in Transit
RET011835,ORD0133894,P0113,2024-04-26,1,Customer Changed Mind
RET011836,ORD0133895,P0112,2024-04-23,1,Customer Changed Mind
RET011837,ORD0133909,P0031,2023-02-01,2,Wrong Item Delivered
RET011838,ORD0133922,P0196,2023-12-28,2,Late Delivery
RET011839,ORD0133945,P0101,2024-11-30,1,Damaged in Transit
RET011840,ORD0133957,P0084,2023-05-06,3,Damaged in Transit
RET011841,ORD0133968,P0191,2024-02-04,1,Damaged in Transit
RET011842,ORD0133970,P0025,2024-07-12,1,Customer Changed Mind
RET011843,ORD0133972,P0187,2024-07-16,1,Customer Changed Mind
RET011844,ORD0133980,P0062,2023-04-24,1,Damaged in Transit
RET011845,ORD0133990,P0127,2024-01-22,1,Customer Changed Mind
RET011846,ORD0133997,P0195,2024-06-04,3,Customer Changed Mind
RET011847,ORD0134008,P0032,2023-08-21,29,Quality Issue
RET011848,ORD0134027,P0200,2023-07-12,1,Wrong Item Delivered
RET011849,ORD0134048,P0085,2023-01-29,4,Wrong Item Delivered
RET011850,ORD0134054,P0025,2023-08-09,1,Customer Changed Mind
RET011851,ORD0134059,P0132,2024-01-04,2,Late Delivery
RET011852,ORD0134104,P0004,2024-04-18,1,Late Delivery
RET011853,ORD0134108,P0082,2024-09-08,1,Quality Issue
RET011854,ORD0134125,P0127,2023-08-02,4,Customer Changed Mind
RET011855,ORD0134165,P0052,2024-01-07,1,Damaged in Transit
RET011856,ORD0134175,P0119,2024-05-25,1,Customer Changed Mind
RET011857,ORD0134177,P0038,2024-08-08,1,Customer Changed Mind
RET011858,ORD0134184,P0057,2024-11-08,1,Damaged in Transit
RET011859,ORD0134198,P0122,2023-05-26,9,Late Delivery
RET011860,ORD0134209,P0076,2023-07-28,3,Wrong Item Delivered
RET011861,ORD0134211,P0021,2023-09-27,59,Customer Changed Mind
RET011862,ORD0134217,P0189,2024-05-28,29,Wrong Item Delivered
RET011863,ORD0134221,P0122,2024-10-17,10,Late Delivery
RET011864,ORD0134226,P0113,2023-06-07,251,Quality Issue
RET011865,ORD0134237,P0109,2024-09-04,213,Customer Changed Mind
RET011866,ORD0134249,P0038,2024-01-04,1,Customer Changed Mind
RET011867,ORD0134255,P0024,2024-07-12,1,Damaged in Transit
RET011868,ORD0134298,P0132,2023-03-23,2,Other
RET011869,ORD0134314,P0026,2023-08-04,1,Late Delivery
RET011870,ORD0134358,P0128,2023-05-07,85,Wrong Item Delivered
RET011871,ORD0134381,P0024,2023-08-22,1,Wrong Item Delivered
RET011872,ORD0134387,P0177,2023-11-27,1,Wrong Item Delivered
RET011873,ORD0134389,P0032,2023-12-19,2,Damaged in Transit
RET011874,ORD0134389,P0186,2023-12-15,3,Damaged in Transit
RET011875,ORD0134395,P0111,2024-08-27,5,Wrong Item Delivered
RET011876,ORD0134395,P0093,2024-08-25,4,Wrong Item Delivered
RET011877,ORD0134413,P0095,2024-04-17,29,Wrong Item Delivered
RET011878,ORD0134451,P0057,2023-03-02,1,Customer Changed Mind
RET011879,ORD0134452,P0174,2023-03-14,1,Quality Issue
RET011880,ORD0134483,P0083,2024-10-25,1,Other
RET011881,ORD0134487,P0045,2024-11-29,2,Damaged in Transit
RET011882,ORD0134501,P0159,2023-02-18,1,Late Delivery
RET011883,ORD0134504,P0029,2023-06-24,1,Damaged in Transit
RET011884,ORD0134515,P0127,2023-12-28,1,Quality Issue
RET011885,ORD0134539,P0138,2023-12-24,3,Late Delivery
RET011886,ORD0134545,P0038,2024-06-08,3,Customer Changed Mind
RET011887,ORD0134551,P0038,2023-03-06,2,Customer Changed Mind
RET011888,ORD0134556,P0015,2023-07-11,3,Wrong Item Delivered
RET011889,ORD0134605,P0198,2024-07-14,1,Damaged in Transit
RET011890,ORD0134650,P0165,2024-06-12,1,Damaged in Transit
RET011891,ORD0134650,P0084,2024-06-18,1,Damaged in Transit
RET011892,ORD0134660,P0059,2023-02-16,1,Late Delivery
RET011893,ORD0134668,P0196,2023-07-26,1,Late Delivery
RET011894,ORD0134671,P0181,2023-07-19,1,Wrong Item Delivered
RET011895,ORD0134684,P0166,2024-07-29,1,Other
RET011896,ORD0134726,P0131,2023-09-30,16,Other
RET011897,ORD0134727,P0051,2024-01-13,190,Customer Changed Mind
RET011898,ORD0134728,P0198,2024-01-23,8,Customer Changed Mind
RET011899,ORD0134735,P0174,2023-03-05,1,Damaged in Transit
RET011900,ORD0134786,P0191,2023-03-21,1,Late Delivery
RET011901,ORD0134802,P0023,2024-04-24,1,Other
RET011902,ORD0134804,P0072,2024-06-11,1,Wrong Item Delivered
RET011903,ORD0134806,P0181,2024-07-18,1,Quality Issue
RET011904,ORD0134846,P0093,2024-10-04,1,Other
RET011905,ORD0134847,P0073,2024-12-14,2,Wrong Item Delivered
RET011906,ORD0134853,P0159,2023-02-06,2,Damaged in Transit
RET011907,ORD0134853,P0049,2023-02-16,2,Damaged in Transit
RET011908,ORD0134857,P0032,2023-05-13,1,Wrong Item Delivered
RET011909,ORD0134862,P0068,2023-08-07,1,Damaged in Transit
RET011910,ORD0134865,P0073,2023-09-13,1,Damaged in Transit
RET011911,ORD0134865,P0100,2023-09-08,1,Damaged in Transit
RET011912,ORD0134893,P0116,2024-12-30,1,Late Delivery
RET011913,ORD0134897,P0048,2023-01-26,1,Wrong Item Delivered
RET011914,ORD0134912,P0027,2023-08-02,1,Damaged in Transit
RET011915,ORD0134921,P0127,2023-12-16,1,Quality Issue
RET011916,ORD0134930,P0013,2024-04-03,1,Customer Changed Mind
RET011917,ORD0134940,P0057,2023-02-06,66,Quality Issue
RET011918,ORD0134943,P0080,2023-03-13,62,Late Delivery
RET011919,ORD0134954,P0087,2024-07-01,13,Late Delivery
RET011920,ORD0134955,P0101,2024-08-24,2,Other
RET011921,ORD0134957,P0132,2024-09-11,15,Damaged in Transit
RET011922,ORD0134987,P0001,2024-03-19,1,Customer Changed Mind
RET011923,ORD0135004,P0094,2023-03-23,4,Wrong Item Delivered
RET011924,ORD0135005,P0058,2023-04-07,41,Customer Changed Mind
RET011925,ORD0135009,P0156,2023-08-02,22,Quality Issue
RET011926,ORD0135024,P0191,2024-09-23,8,Damaged in Transit
RET011927,ORD0135024,P0097,2024-09-22,2,Damaged in Transit
RET011928,ORD0135027,P0162,2023-01-16,308,Wrong Item Delivered
RET011929,ORD0135032,P0163,2023-10-19,19,Customer Changed Mind
RET011930,ORD0135047,P0192,2023-10-05,1,Damaged in Transit
RET011931,ORD0135052,P0006,2023-12-26,3,Late Delivery
RET011932,ORD0135060,P0090,2024-08-01,1,Wrong Item Delivered
RET011933,ORD0135082,P0170,2024-12-18,5,Wrong Item Delivered
RET011934,ORD0135098,P0015,2023-12-31,1,Damaged in Transit
RET011935,ORD0135123,P0001,2023-07-07,1,Late Delivery
RET011936,ORD0135128,P0028,2023-09-21,1,Customer Changed Mind
RET011937,ORD0135137,P0198,2024-03-23,1,Damaged in Transit
RET011938,ORD0135140,P0093,2024-05-10,2,Customer Changed Mind
RET011939,ORD0135157,P0040,2023-09-25,49,Customer Changed Mind
RET011940,ORD0135202,P0023,2024-05-11,1,Late Delivery
RET011941,ORD0135219,P0159,2023-03-13,2,Quality Issue
RET011942,ORD0135219,P0051,2023-03-15,5,Customer Changed Mind
RET011943,ORD0135223,P0095,2023-07-22,1,Quality Issue
RET011944,ORD0135266,P0136,2024-07-07,1,Customer Changed Mind
RET011945,ORD0135273,P0144,2024-09-25,2,Damaged in Transit
RET011946,ORD0135282,P0195,2023-04-30,158,Quality Issue
RET011947,ORD0135290,P0060,2024-06-02,197,Wrong Item Delivered
RET011948,ORD0135296,P0180,2023-08-10,65,Other
RET011949,ORD0135313,P0111,2023-08-11,1,Damaged in Transit
RET011950,ORD0135320,P0074,2024-03-30,1,Quality Issue
RET011951,ORD0135332,P0029,2023-02-10,117,Quality Issue
RET011952,ORD0135345,P0111,2023-03-26,2,Damaged in Transit
RET011953,ORD0135362,P0170,2024-01-10,1,Other
RET011954,ORD0135368,P0019,2024-03-24,1,Other
RET011955,ORD0135378,P0024,2024-07-29,1,Late Delivery
RET011956,ORD0135389,P0127,2024-12-29,1,Late Delivery
RET011957,ORD0135397,P0188,2023-06-19,1,Quality Issue
RET011958,ORD0135412,P0157,2023-12-22,1,Damaged in Transit
RET011959,ORD0135412,P0119,2023-12-17,1,Damaged in Transit
RET011960,ORD0135424,P0133,2024-06-15,1,Damaged in Transit
RET011961,ORD0135425,P0034,2024-06-24,1,Late Delivery
RET011962,ORD0135431,P0183,2024-11-24,1,Customer Changed Mind
RET011963,ORD0135439,P0179,2023-04-30,1,Damaged in Transit
RET011964,ORD0135442,P0162,2023-08-27,1,Late Delivery
RET011965,ORD0135475,P0137,2024-08-21,28,Damaged in Transit
RET011966,ORD0135484,P0060,2023-06-29,1,Damaged in Transit
RET011967,ORD0135493,P0051,2024-02-04,1,Damaged in Transit
RET011968,ORD0135501,P0102,2024-06-28,2,Damaged in Transit
RET011969,ORD0135501,P0047,2024-06-26,1,Damaged in Transit
RET011970,ORD0135502,P0095,2024-07-10,4,Damaged in Transit
RET011971,ORD0135547,P0104,2024-07-06,1,Quality Issue
RET011972,ORD0135548,P0083,2024-07-08,1,Damaged in Transit
RET011973,ORD0135580,P0157,2023-06-05,1,Late Delivery
RET011974,ORD0135598,P0099,2024-09-19,1,Quality Issue
RET011975,ORD0135610,P0027,2023-07-13,1,Customer Changed Mind
RET011976,ORD0135621,P0157,2024-04-30,1,Other
RET011977,ORD0135624,P0185,2024-08-17,5,Other
RET011978,ORD0135638,P0004,2023-07-15,1,Damaged in Transit
RET011979,ORD0135650,P0108,2024-01-04,1,Wrong Item Delivered
RET011980,ORD0135651,P0166,2024-01-23,1,Late Delivery
RET011981,ORD0135660,P0069,2024-07-28,1,Damaged in Transit
RET011982,ORD0135667,P0123,2023-05-07,3,Customer Changed Mind
RET011983,ORD0135671,P0036,2023-06-23,3,Customer Changed Mind
RET011984,ORD0135674,P0093,2023-08-14,1,Wrong Item Delivered
RET011985,ORD0135685,P0149,2024-07-25,1,Quality Issue
RET011986,ORD0135696,P0142,2023-05-11,4,Late Delivery
RET011987,ORD0135699,P0095,2023-09-11,1,Late Delivery
RET011988,ORD0135711,P0083,2024-01-07,1,Damaged in Transit
RET011989,ORD0135711,P0066,2024-01-01,1,Damaged in Transit
RET011990,ORD0135722,P0026,2024-09-29,3,Damaged in Transit
RET011991,ORD0135740,P0181,2023-08-10,2,Late Delivery
RET011992,ORD0135747,P0103,2024-04-27,2,Late Delivery
RET011993,ORD0135763,P0183,2023-10-15,1,Customer Changed Mind
RET011994,ORD0135780,P0131,2023-01-17,1,Quality Issue
RET011995,ORD0135783,P0142,2023-02-23,1,Customer Changed Mind
RET011996,ORD0135788,P0034,2023-04-07,1,Damaged in Transit
RET011997,ORD0135805,P0139,2023-11-11,2,Customer Changed Mind
RET011998,ORD0135806,P0121,2024-03-12,2,Customer Changed Mind
RET011999,ORD0135808,P0107,2024-04-18,1,Customer Changed Mind
RET012000,ORD0135812,P0143,2024-07-16,1,Wrong Item Delivered
RET012001,ORD0135848,P0157,2024-04-08,1,Damaged in Transit
RET012002,ORD0135849,P0109,2024-04-04,1,Customer Changed Mind
RET012003,ORD0135853,P0058,2024-05-20,1,Damaged in Transit
RET012004,ORD0135861,P0032,2024-12-02,1,Wrong Item Delivered
RET012005,ORD0135864,P0084,2024-12-29,1,Other
RET012006,ORD0135868,P0087,2023-06-29,13,Damaged in Transit
RET012007,ORD0135868,P0158,2023-06-22,21,Damaged in Transit
RET012008,ORD0135872,P0188,2023-10-20,13,Wrong Item Delivered
RET012009,ORD0135885,P0168,2024-11-12,31,Quality Issue
RET012010,ORD0135920,P0182,2024-11-15,1,Late Delivery
RET012011,ORD0135928,P0135,2023-03-30,1,Wrong Item Delivered
RET012012,ORD0135934,P0037,2023-06-16,1,Damaged in Transit
RET012013,ORD0135936,P0027,2023-07-21,1,Wrong Item Delivered
RET012014,ORD0135951,P0174,2023-11-28,1,Quality Issue
RET012015,ORD0135953,P0087,2024-01-20,1,Wrong Item Delivered
RET012016,ORD0135958,P0003,2024-05-26,1,Other
RET012017,ORD0135969,P0011,2024-12-07,1,Damaged in Transit
RET012018,ORD0135976,P0109,2023-05-23,4,Damaged in Transit
RET012019,ORD0135977,P0195,2023-06-26,3,Customer Changed Mind
RET012020,ORD0136001,P0074,2023-07-17,1,Customer Changed Mind
RET012021,ORD0136036,P0010,2023-06-05,1,Quality Issue
RET012022,ORD0136038,P0041,2023-08-17,2,Wrong Item Delivered
RET012023,ORD0136044,P0016,2023-10-22,1,Quality Issue
RET012024,ORD0136058,P0077,2024-07-11,1,Damaged in Transit
RET012025,ORD0136061,P0025,2024-10-01,2,Quality Issue
RET012026,ORD0136062,P0028,2024-11-19,1,Damaged in Transit
RET012027,ORD0136066,P0055,2023-02-23,1,Wrong Item Delivered
RET012028,ORD0136069,P0112,2023-03-28,1,Late Delivery
RET012029,ORD0136100,P0025,2024-05-29,1,Damaged in Transit
RET012030,ORD0136118,P0177,2023-04-07,144,Customer Changed Mind
RET012031,ORD0136139,P0008,2024-01-09,1,Late Delivery
RET012032,ORD0136145,P0034,2024-06-22,3,Quality Issue
RET012033,ORD0136153,P0015,2024-11-11,2,Customer Changed Mind
RET012034,ORD0136158,P0076,2023-02-10,1,Damaged in Transit
RET012035,ORD0136166,P0059,2023-08-10,1,Customer Changed Mind
RET012036,ORD0136168,P0047,2023-09-17,1,Late Delivery
RET012037,ORD0136193,P0175,2023-04-01,1,Late Delivery
RET012038,ORD0136196,P0182,2023-05-09,1,Late Delivery
RET012039,ORD0136201,P0173,2023-05-25,1,Damaged in Transit
RET012040,ORD0136207,P0037,2023-10-04,1,Quality Issue
RET012041,ORD0136210,P0019,2023-11-30,2,Quality Issue
RET012042,ORD0136245,P0146,2023-02-27,2,Wrong Item Delivered
RET012043,ORD0136251,P0101,2023-07-02,1,Damaged in Transit
RET012044,ORD0136255,P0128,2023-08-26,1,Wrong Item Delivered
RET012045,ORD0136273,P0138,2024-12-24,3,Wrong Item Delivered
RET012046,ORD0136290,P0100,2023-08-08,3,Wrong Item Delivered
RET012047,ORD0136290,P0036,2023-08-04,1,Wrong Item Delivered
RET012048,ORD0136293,P0042,2023-08-15,1,Late Delivery
RET012049,ORD0136304,P0028,2024-07-22,1,Damaged in Transit
RET012050,ORD0136309,P0114,2024-10-07,1,Customer Changed Mind
RET012051,ORD0136318,P0113,2023-09-03,5,Quality Issue
RET012052,ORD0136339,P0011,2023-03-14,2,Customer Changed Mind
RET012053,ORD0136357,P0174,2024-06-18,1,Customer Changed Mind
RET012054,ORD0136360,P0047,2024-08-28,1,Wrong Item Delivered
RET012055,ORD0136378,P0170,2023-05-06,1,Customer Changed Mind
RET012056,ORD0136439,P0136,2024-09-28,43,Damaged in Transit
RET012057,ORD0136445,P0165,2024-11-17,26,Late Delivery
RET012058,ORD0136453,P0162,2023-04-21,3,Wrong Item Delivered
RET012059,ORD0136487,P0121,2023-06-23,1,Other
RET012060,ORD0136491,P0152,2023-09-17,1,Customer Changed Mind
RET012061,ORD0136501,P0005,2023-11-22,1,Other
RET012062,ORD0136507,P0031,2024-03-30,1,Damaged in Transit
RET012063,ORD0136517,P0183,2024-10-15,1,Customer Changed Mind
RET012064,ORD0136550,P0196,2023-03-21,1,Late Delivery
RET012065,ORD0136556,P0012,2023-05-22,1,Customer Changed Mind
RET012066,ORD0136558,P0026,2023-06-15,1,Quality Issue
RET012067,ORD0136573,P0107,2023-12-18,2,Wrong Item Delivered
RET012068,ORD0136574,P0019,2023-12-21,1,Customer Changed Mind
RET012069,ORD0136576,P0112,2024-03-24,1,Wrong Item Delivered
RET012070,ORD0136576,P0110,2024-03-20,1,Wrong Item Delivered
RET012071,ORD0136586,P0078,2024-08-11,1,Late Delivery
RET012072,ORD0136592,P0095,2024-10-23,1,Wrong Item Delivered
RET012073,ORD0136603,P0187,2023-04-23,1,Other
RET012074,ORD0136610,P0051,2023-09-30,1,Customer Changed Mind
RET012075,ORD0136651,P0062,2023-12-08,26,Damaged in Transit
RET012076,ORD0136662,P0064,2024-11-29,32,Other
RET012077,ORD0136673,P0157,2023-10-25,9,Quality Issue
RET012078,ORD0136679,P0123,2024-05-04,11,Late Delivery
RET012079,ORD0136695,P0187,2023-09-21,1,Quality Issue
RET012080,ORD0136721,P0123,2023-09-21,1,Wrong Item Delivered
RET012081,ORD0136722,P0015,2023-09-22,1,Other
RET012082,ORD0136724,P0053,2024-01-21,1,Wrong Item Delivered
RET012083,ORD0136727,P0106,2024-03-27,1,Damaged in Transit
RET012084,ORD0136730,P0107,2024-06-14,2,Wrong Item Delivered
RET012085,ORD0136747,P0006,2023-09-25,2,Damaged in Transit
RET012086,ORD0136754,P0062,2024-10-21,3,Wrong Item Delivered
RET012087,ORD0136773,P0008,2023-11-02,1,Quality Issue
RET012088,ORD0136780,P0162,2024-04-10,1,Late Delivery
RET012089,ORD0136831,P0113,2024-08-25,1,Damaged in Transit
RET012090,ORD0136836,P0004,2024-12-25,1,Wrong Item Delivered
RET012091,ORD0136837,P0149,2023-01-24,85,Wrong Item Delivered
RET012092,ORD0136839,P0132,2023-07-10,4,Damaged in Transit
RET012093,ORD0136852,P0003,2023-02-05,1,Customer Changed Mind
RET012094,ORD0136869,P0104,2023-10-17,1,Late Delivery
RET012095,ORD0136881,P0124,2024-05-05,1,Other
RET012096,ORD0136909,P0126,2024-05-21,1,Damaged in Transit
RET012097,ORD0136924,P0195,2023-05-01,1,Other
RET012098,ORD0136930,P0064,2023-08-02,2,Customer Changed Mind
RET012099,ORD0136932,P0038,2023-09-18,1,Damaged in Transit
RET012100,ORD0136953,P0098,2023-01-31,18,Customer Changed Mind
RET012101,ORD0136953,P0003,2023-02-12,21,Customer Changed Mind
RET012102,ORD0136966,P0084,2024-09-12,66,Damaged in Transit
RET012103,ORD0136967,P0095,2024-09-30,20,Damaged in Transit
RET012104,ORD0136977,P0039,2023-12-27,2,Other
RET012105,ORD0136984,P0182,2024-05-26,3,Customer Changed Mind
RET012106,ORD0136987,P0129,2024-08-24,1,Customer Changed Mind
RET012107,ORD0137011,P0059,2023-08-10,1,Wrong Item Delivered
RET012108,ORD0137024,P0053,2024-11-08,1,Customer Changed Mind
RET012109,ORD0137030,P0049,2023-04-17,1,Damaged in Transit
RET012110,ORD9999999,P0183,2023-09-11,1,Quality Issue
RET012111,ORD0137046,P0060,2024-05-30,1,Wrong Item Delivered
RET012112,ORD0137046,P0160,2024-05-24,1,Wrong Item Delivered
RET012113,ORD0137047,P0200,2024-06-15,1,Late Delivery
RET012114,ORD0137077,P0070,2024-08-30,6,Quality Issue
RET012115,ORD9999999,P0015,2023-07-29,110,Quality Issue
RET012116,ORD0137110,P0113,2023-09-09,40,Wrong Item Delivered
RET012117,ORD0137120,P0109,2024-09-07,43,Damaged in Transit
RET012118,ORD0137159,P0134,2023-12-06,28,Customer Changed Mind
RET012119,ORD0137165,P0190,2024-06-17,318,Wrong Item Delivered
RET012120,ORD0137167,P0047,2024-07-23,33,Customer Changed Mind
RET012121,ORD0137174,P0183,2023-04-27,1,Late Delivery
RET012122,ORD0137194,P0001,2024-04-15,1,Damaged in Transit
RET012123,ORD0137203,P0036,2024-07-12,1,Late Delivery
RET012124,ORD0137207,P0040,2024-10-03,1,Damaged in Transit
RET012125,ORD0137219,P0022,2023-09-24,2,Damaged in Transit
RET012126,ORD0137219,P0152,2023-10-01,1,Damaged in Transit
RET012127,ORD0137222,P0187,2023-12-16,3,Quality Issue
RET012128,ORD0137223,P0085,2024-04-03,1,Other
RET012129,ORD0137249,P0110,2023-12-02,1,Quality Issue
RET012130,ORD0137256,P0159,2023-12-24,1,Quality Issue
RET012131,ORD0137269,P0137,2024-09-07,1,Customer Changed Mind
RET012132,ORD0137299,P0196,2024-01-17,2,Customer Changed Mind
RET012133,ORD0137311,P0023,2024-07-14,2,Customer Changed Mind
RET012134,ORD0137312,P0116,2024-08-09,1,Damaged in Transit
RET012135,ORD0137329,P0191,2023-09-17,4,Wrong Item Delivered
RET012136,ORD0137332,P0111,2024-03-11,1,Damaged in Transit
RET012137,ORD0137347,P0154,2024-12-09,1,Late Delivery
RET012138,ORD0137358,P0105,2023-09-24,2,Wrong Item Delivered
RET012139,ORD0137361,P0179,2023-10-07,1,Customer Changed Mind
RET012140,ORD0137383,P0130,2023-04-26,1,Quality Issue
RET012141,ORD0137390,P0141,2023-08-11,1,Damaged in Transit
RET012142,ORD0137415,P0039,2024-06-26,1,Damaged in Transit
RET012143,ORD0137421,P0034,2024-09-14,1,Wrong Item Delivered
RET012144,ORD0137429,P0144,2023-03-01,10,Late Delivery
RET012145,ORD0137452,P0020,2023-07-17,3,Late Delivery
RET012146,ORD0137455,P0014,2023-08-19,1,Quality Issue
RET012147,ORD0137461,P0087,2024-03-30,1,Late Delivery
RET012148,ORD0137520,P0064,2023-11-01,1,Late Delivery
RET012149,ORD0137525,P0008,2024-03-13,1,Other
RET012150,ORD0137546,P0123,2023-07-26,1,Customer Changed Mind
RET012151,ORD0137552,P0058,2023-11-12,2,Quality Issue
RET012152,ORD0137587,P0044,2023-03-16,3,Customer Changed Mind
RET012153,ORD0137590,P0097,2023-06-14,2,Late Delivery
RET012154,ORD0137591,P0041,2023-07-28,1,Quality Issue
RET012155,ORD0137597,P0106,2023-12-24,3,Quality Issue
RET012156,ORD0137614,P0128,2023-06-17,3,Damaged in Transit
RET012157,ORD0137622,P0195,2023-12-18,1,Customer Changed Mind
RET012158,ORD0137626,P0165,2024-03-01,1,Wrong Item Delivered
RET012159,ORD0137628,P0132,2024-02-24,1,Damaged in Transit
RET012160,ORD0137635,P0122,2024-11-20,4,Damaged in Transit
RET012161,ORD0137645,P0154,2023-03-27,1,Quality Issue
RET012162,ORD0137648,P0178,2023-04-19,2,Damaged in Transit
RET012163,ORD0137651,P0094,2023-07-01,1,Wrong Item Delivered
RET012164,ORD0137659,P0134,2023-11-25,1,Customer Changed Mind
RET012165,ORD0137697,P0084,2023-09-21,1,Quality Issue
RET012166,ORD0137707,P0065,2024-03-08,1,Quality Issue
RET012167,ORD0137708,P0095,2024-04-28,1,Customer Changed Mind
RET012168,ORD0137729,P0196,2024-03-17,2,Wrong Item Delivered
RET012169,ORD0137759,P0039,2024-06-13,13,Wrong Item Delivered
RET012170,ORD0137770,P0168,2023-06-28,1,Wrong Item Delivered
RET012171,ORD0137770,P0068,2023-06-27,2,Wrong Item Delivered
RET012172,ORD0137782,P0023,2023-11-01,1,Late Delivery
RET012173,ORD0137796,P0065,2024-05-15,1,Quality Issue
RET012174,ORD0137826,P0008,2023-09-08,1,Wrong Item Delivered
RET012175,ORD0137833,P0185,2024-01-14,1,Quality Issue
RET012176,ORD0137858,P0116,2023-08-23,1,Customer Changed Mind
RET012177,ORD0137859,P0193,2023-08-19,4,Quality Issue
RET012178,ORD0137863,P0132,2024-01-31,1,Wrong Item Delivered
RET012179,ORD0137863,P0013,2024-02-03,1,Wrong Item Delivered
RET012180,ORD0137933,P0101,2023-02-22,3,Customer Changed Mind
RET012181,ORD0137934,P0062,2023-03-11,1,Late Delivery
RET012182,ORD0137962,P0079,2024-11-16,1,Quality Issue
RET012183,ORD0137980,P0013,2023-11-20,1,Wrong Item Delivered
RET012184,ORD0138004,P0198,2024-10-24,1,Customer Changed Mind
RET012185,ORD9999999,P0154,2023-09-24,1,Wrong Item Delivered
RET012186,ORD0138081,P0024,2024-12-08,5,Other
RET012187,ORD0138106,P0049,2024-02-12,1,Other
RET012188,ORD0138110,P0149,2024-02-28,1,Wrong Item Delivered
RET012189,ORD0138113,P0095,2024-06-01,1,Damaged in Transit
RET012190,ORD0138117,P0037,2024-07-19,1,Customer Changed Mind
RET012191,ORD0138120,P0037,2024-08-31,1,Wrong Item Delivered
RET012192,ORD0138133,P0110,2023-03-24,1,Quality Issue
RET012193,ORD0138156,P0169,2024-03-26,1,Damaged in Transit
RET012194,ORD0138156,P0196,2024-03-19,1,Damaged in Transit
RET012195,ORD0138156,P0087,2024-03-27,2,Damaged in Transit
RET012196,ORD0138166,P0147,2024-08-19,1,Wrong Item Delivered
RET012197,ORD0138214,P0056,2023-09-13,2,Other
RET012198,ORD0138225,P0186,2024-07-23,1,Other
RET012199,ORD0138247,P0022,2024-01-09,1,Late Delivery
RET012200,ORD0138252,P0001,2024-05-01,1,Wrong Item Delivered
RET012201,ORD0138270,P0093,2023-04-16,1,Wrong Item Delivered
RET012202,ORD0138293,P0037,2024-04-28,1,Damaged in Transit
RET012203,ORD0138306,P0119,2024-12-26,1,Damaged in Transit
RET012204,ORD0138314,P0116,2024-01-07,15,Damaged in Transit
RET012205,ORD0138335,P0171,2024-02-15,48,Quality Issue
RET012206,ORD0138336,P0144,2024-03-13,58,Wrong Item Delivered
RET012207,ORD0138350,P0068,2023-07-04,1,Late Delivery
RET012208,ORD0138375,P0166,2023-05-26,3,Other
RET012209,ORD0138401,P0073,2023-05-05,1,Wrong Item Delivered
RET012210,ORD0138431,P0157,2024-09-22,1,Quality Issue
RET012211,ORD0138445,P0159,2024-06-17,60,Customer Changed Mind
RET012212,ORD0138461,P0125,2023-11-20,1,Other
RET012213,ORD0138466,P0019,2024-03-28,3,Damaged in Transit
RET012214,ORD0138477,P0116,2023-04-13,1,Quality Issue
RET012215,ORD0138485,P0195,2023-11-21,4,Quality Issue
RET012216,ORD0138494,P0042,2024-06-01,2,Wrong Item Delivered
RET012217,ORD0138499,P0111,2024-09-09,1,Late Delivery
RET012218,ORD0138517,P0124,2023-10-14,1,Customer Changed Mind
RET012219,ORD0138531,P0131,2024-04-10,1,Quality Issue
RET012220,ORD0138539,P0177,2024-09-29,1,Customer Changed Mind
RET012221,ORD0138542,P0068,2024-12-07,2,Wrong Item Delivered
RET012222,ORD0138547,P0191,2023-03-13,1,Wrong Item Delivered
RET012223,ORD0138565,P0183,2024-07-28,1,Wrong Item Delivered
RET012224,ORD0138566,P0107,2024-10-04,1,Customer Changed Mind
RET012225,ORD0138578,P0065,2023-02-27,1,Quality Issue
RET012226,ORD0138585,P0003,2023-06-18,1,Damaged in Transit
RET012227,ORD0138585,P0115,2023-06-14,1,Damaged in Transit
RET012228,ORD0138591,P0186,2023-12-16,1,Damaged in Transit
RET012229,ORD0138614,P0140,2023-12-12,1,Quality Issue
RET012230,ORD0138652,P0135,2023-05-22,1,Quality Issue
RET012231,ORD0138671,P0119,2023-03-30,1,Damaged in Transit
RET012232,ORD0138685,P0200,2023-08-13,1,Late Delivery
RET012233,ORD0138687,P0109,2023-08-17,1,Late Delivery
RET012234,ORD0138713,P0050,2024-12-02,1,Customer Changed Mind
RET012235,ORD0138726,P0154,2024-09-23,9,Wrong Item Delivered
RET012236,ORD0138730,P0008,2023-02-27,1,Quality Issue
RET012237,ORD0138737,P0175,2023-08-14,1,Damaged in Transit
RET012238,ORD0138763,P0107,2024-12-06,1,Late Delivery
RET012239,ORD0138773,P0167,2023-08-18,3,Damaged in Transit
RET012240,ORD0138791,P0183,2024-10-23,2,Quality Issue
RET012241,ORD0138806,P0146,2023-09-13,1,Quality Issue
RET012242,ORD0138813,P0179,2024-01-25,1,Customer Changed Mind
RET012243,ORD0138840,P0057,2024-12-25,2,Damaged in Transit
RET012244,ORD0138846,P0004,2024-04-05,47,Damaged in Transit
RET012245,ORD0138852,P0027,2024-12-21,37,Customer Changed Mind
RET012246,ORD0138863,P0026,2024-03-22,1,Quality Issue
RET012247,ORD0138883,P0024,2023-06-04,1,Quality Issue
RET012248,ORD0138895,P0062,2024-05-12,3,Quality Issue
RET012249,ORD0138912,P0111,2023-02-04,116,Wrong Item Delivered
RET012250,ORD0138924,P0091,2024-09-22,123,Late Delivery
RET012251,ORD0138948,P0169,2023-01-20,2,Quality Issue
RET012252,ORD0138960,P0131,2023-07-07,1,Wrong Item Delivered
RET012253,ORD0138964,P0107,2023-10-24,3,Quality Issue
RET012254,ORD0138965,P0125,2023-11-12,1,Customer Changed Mind
RET012255,ORD0138969,P0146,2024-08-10,1,Damaged in Transit
RET012256,ORD0138971,P0162,2024-08-16,3,Quality Issue
RET012257,ORD0138980,P0003,2023-02-06,2,Quality Issue
RET012258,ORD0138992,P0023,2023-10-25,1,Customer Changed Mind
RET012259,ORD0138997,P0117,2024-01-15,2,Quality Issue
RET012260,ORD0139001,P0025,2024-05-15,2,Damaged in Transit
RET012261,ORD0139011,P0098,2024-12-07,1,Damaged in Transit
RET012262,ORD0139044,P0006,2024-07-04,1,Other
RET012263,ORD0139060,P0095,2024-12-27,1,Other
RET012264,ORD0139062,P0124,2023-01-16,5,Quality Issue
RET012265,ORD0139063,P0183,2023-01-27,2,Wrong Item Delivered
RET012266,ORD0139071,P0169,2023-10-17,2,Quality Issue
RET012267,ORD0139095,P0032,2023-04-16,1,Damaged in Transit
RET012268,ORD0139100,P0003,2023-09-02,3,Quality Issue
RET012269,ORD0139109,P0028,2024-10-03,2,Quality Issue
RET012270,ORD0139115,P0038,2023-03-21,1,Late Delivery
RET012271,ORD0139137,P0095,2024-06-13,1,Customer Changed Mind
RET012272,ORD0139142,P0146,2024-07-01,1,Damaged in Transit
RET012273,ORD0139171,P0001,2024-07-26,1,Quality Issue
RET012274,ORD0139174,P0090,2024-10-15,1,Other
RET012275,ORD0139177,P0091,2024-11-28,1,Wrong Item Delivered
RET012276,ORD0139183,P0120,2023-02-09,4,Quality Issue
RET012277,ORD0139187,P0068,2023-04-24,1,Customer Changed Mind
RET012278,ORD0139228,P0099,2024-12-30,1,Customer Changed Mind
RET012279,ORD0139232,P0010,2023-04-25,62,Customer Changed Mind
RET012280,ORD0139236,P0067,2023-11-06,31,Wrong Item Delivered
RET012281,ORD0139236,P0140,2023-11-04,183,Wrong Item Delivered
RET012282,ORD0139262,P0143,2024-02-27,1,Other
RET012283,ORD0139280,P0005,2024-11-25,1,Wrong Item Delivered
RET012284,ORD0139285,P0048,2023-06-20,2,Late Delivery
RET012285,ORD0139286,P0038,2023-07-05,4,Wrong Item Delivered
RET012286,ORD0139300,P0155,2024-10-21,5,Damaged in Transit
RET012287,ORD0139305,P0030,2023-05-20,17,Late Delivery
RET012288,ORD0139317,P0048,2024-09-27,71,Wrong Item Delivered
RET012289,ORD0139338,P0045,2023-07-04,89,Wrong Item Delivered
RET012290,ORD0139338,P0024,2023-07-04,92,Wrong Item Delivered
RET012291,ORD0139356,P0132,2023-08-05,1,Quality Issue
RET012292,ORD0139360,P0028,2023-09-06,1,Damaged in Transit
RET012293,ORD0139371,P0076,2024-03-15,1,Wrong Item Delivered
RET012294,ORD0139378,P0147,2024-07-17,1,Wrong Item Delivered
RET012295,ORD0139396,P0008,2023-03-29,1,Late Delivery
RET012296,ORD0139399,P0102,2023-05-29,1,Damaged in Transit
RET012297,ORD0139407,P0048,2024-02-25,3,Wrong Item Delivered
RET012298,ORD0139420,P0015,2023-01-28,2,Damaged in Transit
RET012299,ORD0139458,P0107,2023-05-16,1,Wrong Item Delivered
RET012300,ORD0139491,P0008,2023-02-06,1,Customer Changed Mind
RET012301,ORD0139493,P0037,2023-04-06,1,Customer Changed Mind
RET012302,ORD0139497,P0170,2023-05-20,1,Damaged in Transit
RET012303,ORD0139500,P0097,2023-08-22,1,Customer Changed Mind
RET012304,ORD0139504,P0074,2023-09-25,1,Quality Issue
RET012305,ORD0139547,P0061,2023-12-19,2,Late Delivery
RET012306,ORD0139548,P0061,2023-12-10,1,Damaged in Transit
RET012307,ORD0139557,P0172,2024-07-19,1,Customer Changed Mind
RET012308,ORD0139567,P0015,2024-10-14,2,Damaged in Transit
RET012309,ORD0139586,P0182,2024-11-27,78,Damaged in Transit
RET012310,ORD0139586,P0048,2024-11-20,301,Damaged in Transit
RET012311,ORD0139591,P0146,2023-05-02,1,Damaged in Transit
RET012312,ORD0139609,P0181,2023-04-06,1,Customer Changed Mind
RET012313,ORD0139614,P0001,2023-07-26,2,Other
RET012314,ORD0139620,P0153,2023-10-09,1,Late Delivery
RET012315,ORD0139648,P0063,2023-07-06,89,Customer Changed Mind
RET012316,ORD0139651,P0060,2024-06-20,176,Customer Changed Mind
RET012317,ORD0139680,P0082,2024-04-15,2,Customer Changed Mind
RET012318,ORD0139700,P0015,2023-06-20,1,Late Delivery
RET012319,ORD0139726,P0109,2024-12-31,1,Late Delivery
RET012320,ORD0139728,P0068,2023-02-08,1,Damaged in Transit
RET012321,ORD0139728,P0135,2023-02-15,37,Damaged in Transit
RET012322,ORD0139757,P0157,2023-04-18,1,Damaged in Transit
RET012323,ORD0139758,P0029,2023-04-18,2,Damaged in Transit
RET012324,ORD0139758,P0030,2023-05-01,1,Damaged in Transit
RET012325,ORD0139765,P0001,2023-09-12,1,Other
RET012326,ORD0139790,P0048,2024-08-24,1,Damaged in Transit
RET012327,ORD0139805,P0132,2023-03-31,1,Quality Issue
RET012328,ORD0139807,P0196,2023-06-25,3,Customer Changed Mind
RET012329,ORD0139808,P0091,2023-08-10,1,Damaged in Transit
RET012330,ORD0139813,P0008,2024-02-18,1,Late Delivery
RET012331,ORD0139823,P0148,2023-03-24,25,Customer Changed Mind
RET012332,ORD0139827,P0140,2023-06-13,33,Wrong Item Delivered
RET012333,ORD0139841,P0077,2023-04-09,1,Quality Issue
RET012334,ORD0139842,P0016,2023-04-13,1,Customer Changed Mind
RET012335,ORD0139856,P0159,2024-05-16,1,Customer Changed Mind
RET012336,ORD0139862,P0088,2024-09-20,1,Damaged in Transit
RET012337,ORD0139869,P0133,2024-11-30,1,Wrong Item Delivered
RET012338,ORD0139881,P0140,2023-08-14,1,Damaged in Transit
RET012339,ORD9999999,P0015,2024-05-06,1,Damaged in Transit
RET012340,ORD0139905,P0187,2024-07-19,1,Damaged in Transit
RET012341,ORD0139909,P0195,2024-07-31,2,Other
RET012342,ORD0139921,P0162,2024-12-05,1,Quality Issue
RET012343,ORD0139964,P0184,2024-01-24,1,Other
RET012344,ORD0139965,P0095,2024-01-25,1,Customer Changed Mind
RET012345,ORD0139989,P0124,2023-04-02,2,Late Delivery
RET012346,ORD0140004,P0063,2024-04-03,1,Customer Changed Mind
RET012347,ORD0140012,P0036,2024-09-24,1,Damaged in Transit
RET012348,ORD0140014,P0126,2024-10-02,1,Quality Issue
RET012349,ORD0140023,P0109,2023-09-11,42,Quality Issue
RET012350,ORD0140027,P0056,2023-12-04,45,Wrong Item Delivered
RET012351,ORD9999999,P0189,2024-06-08,2,Damaged in Transit
RET012352,ORD0140160,P0147,2023-12-24,1,Customer Changed Mind
RET012353,ORD0140167,P0029,2024-05-10,1,Wrong Item Delivered
RET012354,ORD0140170,P0177,2024-06-13,1,Late Delivery
RET012355,ORD0140185,P0149,2023-05-10,2,Wrong Item Delivered
RET012356,ORD0140187,P0050,2023-06-29,1,Damaged in Transit
RET012357,ORD0140202,P0032,2024-10-07,5,Wrong Item Delivered
RET012358,ORD0140213,P0027,2023-07-19,1,Damaged in Transit
RET012359,ORD0140228,P0107,2024-04-23,1,Customer Changed Mind
RET012360,ORD0140234,P0057,2024-05-28,1,Quality Issue
RET012361,ORD0140245,P0061,2024-09-20,1,Quality Issue
RET012362,ORD0140248,P0034,2024-12-23,1,Damaged in Transit
RET012363,ORD0140253,P0012,2023-04-09,4,Wrong Item Delivered
RET012364,ORD0140263,P0081,2023-11-17,2,Damaged in Transit
RET012365,ORD0140270,P0167,2024-06-01,1,Quality Issue
RET012366,ORD0140276,P0179,2024-12-27,1,Wrong Item Delivered
RET012367,ORD0140280,P0165,2023-05-17,1,Damaged in Transit
RET012368,ORD0140287,P0157,2023-10-28,3,Customer Changed Mind
RET012369,ORD0140289,P0004,2023-12-13,1,Late Delivery
RET012370,ORD0140297,P0174,2024-07-30,1,Damaged in Transit
RET012371,ORD0140298,P0124,2024-08-03,1,Other
RET012372,ORD0140300,P0143,2024-08-08,2,Customer Changed Mind
RET012373,ORD0140311,P0090,2023-02-23,2,Late Delivery
RET012374,ORD0140329,P0001,2024-07-19,1,Customer Changed Mind
RET012375,ORD0140329,P0154,2024-07-17,1,Customer Changed Mind
RET012376,ORD0140331,P0025,2024-09-28,2,Damaged in Transit
RET012377,ORD0140338,P0166,2024-12-21,1,Other
RET012378,ORD0140365,P0064,2023-10-16,1,Damaged in Transit
RET012379,ORD0140367,P0015,2023-12-30,5,Damaged in Transit
RET012380,ORD0140371,P0024,2024-05-12,1,Other
RET012381,ORD0140383,P0048,2023-05-07,2,Wrong Item Delivered
RET012382,ORD0140411,P0062,2023-06-05,1,Wrong Item Delivered
RET012383,ORD0140427,P0056,2024-12-10,1,Quality Issue
RET012384,ORD0140439,P0112,2023-10-03,1,Damaged in Transit
RET012385,ORD0140444,P0144,2023-12-11,1,Customer Changed Mind
RET012386,ORD0140452,P0113,2024-07-05,2,Damaged in Transit
RET012387,ORD0140466,P0076,2023-04-17,2,Late Delivery
RET012388,ORD0140491,P0011,2024-05-15,1,Quality Issue
RET012389,ORD0140493,P0021,2024-07-14,1,Customer Changed Mind
RET012390,ORD0140495,P0114,2024-08-07,1,Damaged in Transit
RET012391,ORD0140529,P0062,2024-02-17,4,Customer Changed Mind
RET012392,ORD0140530,P0043,2024-03-14,2,Late Delivery
RET012393,ORD0140565,P0079,2024-01-27,1,Quality Issue
RET012394,ORD0140571,P0021,2024-03-23,1,Late Delivery
RET012395,ORD0140580,P0085,2024-07-08,1,Wrong Item Delivered
RET012396,ORD0140609,P0165,2024-02-05,1,Wrong Item Delivered
RET012397,ORD0140630,P0045,2023-03-04,1,Late Delivery
RET012398,ORD0140631,P0122,2023-02-24,1,Quality Issue
RET012399,ORD0140638,P0132,2023-09-23,1,Wrong Item Delivered
RET012400,ORD0140639,P0200,2023-10-06,1,Late Delivery
RET012401,ORD0140646,P0150,2023-11-25,1,Quality Issue
RET012402,ORD0140660,P0087,2024-08-12,1,Quality Issue
RET012403,ORD0140686,P0060,2023-11-12,1,Wrong Item Delivered
RET012404,ORD0140686,P0029,2023-11-25,1,Wrong Item Delivered
RET012405,ORD0140690,P0195,2024-04-07,1,Customer Changed Mind
RET012406,ORD0140697,P0184,2024-10-11,5,Customer Changed Mind
RET012407,ORD0140711,P0082,2023-08-12,1,Wrong Item Delivered
RET012408,ORD0140735,P0082,2023-05-24,1,Wrong Item Delivered
RET012409,ORD0140778,P0111,2024-01-15,1,Wrong Item Delivered
RET012410,ORD0140789,P0163,2024-10-06,1,Wrong Item Delivered
RET012411,ORD0140814,P0076,2024-07-20,1,Wrong Item Delivered
RET012412,ORD0140827,P0158,2023-04-09,1,Customer Changed Mind
RET012413,ORD0140842,P0104,2024-02-01,1,Damaged in Transit
RET012414,ORD0140846,P0059,2024-04-12,1,Quality Issue
RET012415,ORD0140865,P0005,2023-09-15,1,Quality Issue
RET012416,ORD0140866,P0159,2023-09-08,2,Quality Issue
RET012417,ORD0140878,P0196,2024-08-20,4,Damaged in Transit
RET012418,ORD0140883,P0123,2024-09-29,1,Damaged in Transit
RET012419,ORD0140903,P0140,2023-12-15,2,Damaged in Transit
RET012420,ORD0140920,P0098,2023-05-27,2,Customer Changed Mind
RET012421,ORD0140922,P0136,2023-07-07,1,Damaged in Transit
RET012422,ORD0140927,P0132,2023-12-11,2,Damaged in Transit
RET012423,ORD0140927,P0198,2023-12-14,1,Damaged in Transit
RET012424,ORD0140982,P0131,2023-02-27,1,Customer Changed Mind
RET012425,ORD0140984,P0025,2023-04-09,2,Damaged in Transit
RET012426,ORD0141000,P0054,2024-02-18,1,Damaged in Transit
RET012427,ORD0141011,P0168,2024-06-17,1,Customer Changed Mind
RET012428,ORD0141018,P0114,2024-12-22,1,Damaged in Transit
RET012429,ORD0141026,P0165,2023-06-18,1,Customer Changed Mind
RET012430,ORD0141033,P0192,2024-01-30,2,Other
RET012431,ORD0141046,P0125,2023-02-27,1,Customer Changed Mind
RET012432,ORD0141103,P0177,2023-06-02,2,Customer Changed Mind
RET012433,ORD0141120,P0108,2024-04-08,1,Quality Issue
RET012434,ORD0141153,P0151,2024-08-27,2,Damaged in Transit
RET012435,ORD0141175,P0079,2023-08-24,1,Quality Issue
RET012436,ORD0141178,P0162,2023-10-29,2,Damaged in Transit
RET012437,ORD0141179,P0084,2023-12-13,2,Damaged in Transit
RET012438,ORD0141189,P0152,2024-03-22,1,Wrong Item Delivered
RET012439,ORD0141224,P0106,2024-04-18,2,Customer Changed Mind
RET012440,ORD0141230,P0005,2024-10-03,3,Wrong Item Delivered
RET012441,ORD0141230,P0156,2024-10-04,1,Wrong Item Delivered
RET012442,ORD0141231,P0065,2023-01-13,1,Quality Issue
RET012443,ORD0141236,P0087,2023-04-07,2,Customer Changed Mind
RET012444,ORD0141237,P0189,2023-04-30,1,Wrong Item Delivered
RET012445,ORD0141249,P0043,2023-12-22,1,Wrong Item Delivered
RET012446,ORD0141249,P0005,2023-12-21,1,Wrong Item Delivered
RET012447,ORD0141277,P0049,2023-07-20,1,Wrong Item Delivered
RET012448,ORD0141281,P0168,2023-12-11,1,Customer Changed Mind
RET012449,ORD0141314,P0016,2023-01-29,1,Customer Changed Mind
RET012450,ORD0141318,P0142,2023-04-08,2,Late Delivery
RET012451,ORD0141334,P0010,2024-05-14,4,Damaged in Transit
RET012452,ORD0141340,P0174,2024-09-10,1,Wrong Item Delivered
RET012453,ORD0141341,P0167,2024-09-27,2,Damaged in Transit
RET012454,ORD0141342,P0047,2024-10-05,1,Other
RET012455,ORD0141346,P0078,2024-12-10,1,Quality Issue
RET012456,ORD0141352,P0127,2024-02-08,66,Wrong Item Delivered
RET012457,ORD0141354,P0022,2024-08-19,96,Other
RET012458,ORD0141364,P0047,2023-12-10,4,Damaged in Transit
RET012459,ORD0141393,P0106,2023-08-21,1,Damaged in Transit
RET012460,ORD0141399,P0093,2023-11-25,1,Wrong Item Delivered
RET012461,ORD0141402,P0179,2024-01-12,1,Wrong Item Delivered
RET012462,ORD0141407,P0061,2024-03-13,1,Customer Changed Mind
RET012463,ORD0141416,P0186,2024-06-20,2,Other
RET012464,ORD0141421,P0110,2024-09-25,1,Wrong Item Delivered
RET012465,ORD0141450,P0058,2023-04-13,1,Wrong Item Delivered
RET012466,ORD0141451,P0187,2023-04-12,1,Damaged in Transit
RET012467,ORD0141493,P0083,2024-12-01,2,Quality Issue
RET012468,ORD0141513,P0048,2023-07-10,1,Quality Issue
RET012469,ORD0141519,P0085,2023-08-19,1,Wrong Item Delivered
RET012470,ORD0141523,P0043,2023-11-16,1,Damaged in Transit
RET012471,ORD0141525,P0155,2023-11-23,1,Wrong Item Delivered
RET012472,ORD0141535,P0149,2024-05-03,1,Quality Issue
RET012473,ORD0141552,P0015,2023-06-12,1,Customer Changed Mind
RET012474,ORD0141559,P0111,2023-10-31,1,Late Delivery
RET012475,ORD0141569,P0028,2024-03-02,1,Wrong Item Delivered
RET012476,ORD0141575,P0162,2024-07-04,1,Late Delivery
RET012477,ORD0141587,P0128,2023-03-12,1,Wrong Item Delivered
RET012478,ORD0141596,P0003,2023-06-06,1,Damaged in Transit
RET012479,ORD0141599,P0044,2023-08-10,1,Customer Changed Mind
RET012480,ORD0141601,P0038,2023-09-25,1,Quality Issue
RET012481,ORD0141601,P0188,2023-09-27,1,Quality Issue
RET012482,ORD0141613,P0126,2024-07-22,1,Late Delivery
RET012483,ORD0141642,P0125,2023-06-09,1,Damaged in Transit
RET012484,ORD0141650,P0044,2023-12-19,1,Wrong Item Delivered
RET012485,ORD0141654,P0114,2024-04-04,1,Damaged in Transit
RET012486,ORD0141679,P0023,2023-05-25,2,Other
RET012487,ORD0141692,P0116,2024-08-10,1,Customer Changed Mind
RET012488,ORD0141709,P0180,2023-08-25,2,Damaged in Transit
RET012489,ORD0141720,P0025,2024-03-21,1,Quality Issue
RET012490,ORD0141810,P0162,2024-02-14,1,Late Delivery
RET012491,ORD0141826,P0091,2024-08-06,2,Customer Changed Mind
RET012492,ORD0141831,P0001,2024-09-05,1,Late Delivery
RET012493,ORD0141834,P0177,2024-10-25,1,Quality Issue
RET012494,ORD0141834,P0122,2024-10-14,1,Late Delivery
RET012495,ORD0141845,P0058,2023-07-08,1,Damaged in Transit
RET012496,ORD0141852,P0049,2024-04-24,1,Damaged in Transit
RET012497,ORD0141863,P0087,2023-04-23,2,Damaged in Transit
RET012498,ORD0141886,P0048,2024-09-21,1,Wrong Item Delivered
RET012499,ORD0141894,P0038,2023-06-16,47,Quality Issue
RET012500,ORD0141909,P0035,2023-01-24,1,Other
RET012501,ORD0141920,P0144,2023-08-04,2,Customer Changed Mind
RET012502,ORD0141921,P0194,2023-08-24,1,Customer Changed Mind
RET012503,ORD0141930,P0008,2024-01-30,1,Other
RET012504,ORD0141989,P0166,2023-07-28,1,Late Delivery
RET012505,ORD0142003,P0122,2023-12-31,2,Customer Changed Mind
RET012506,ORD0142004,P0182,2024-01-21,1,Customer Changed Mind
RET012507,ORD0142011,P0111,2024-06-29,1,Damaged in Transit
RET012508,ORD0142013,P0111,2024-07-25,1,Customer Changed Mind
RET012509,ORD0142032,P0045,2024-07-08,38,Quality Issue
RET012510,ORD0142037,P0149,2024-12-20,38,Customer Changed Mind
RET012511,ORD0142044,P0089,2023-05-31,2,Wrong Item Delivered
RET012512,ORD0142047,P0051,2023-08-28,4,Wrong Item Delivered
RET012513,ORD0142077,P0044,2023-06-11,2,Customer Changed Mind
RET012514,ORD0142080,P0094,2023-12-22,2,Customer Changed Mind
RET012515,ORD0142088,P0123,2024-09-30,1,Customer Changed Mind
RET012516,ORD0142096,P0015,2023-03-04,1,Customer Changed Mind
RET012517,ORD0142119,P0192,2024-05-19,1,Late Delivery
RET012518,ORD0142122,P0157,2024-09-01,1,Late Delivery
RET012519,ORD0142137,P0057,2023-04-07,1,Damaged in Transit
RET012520,ORD0142156,P0104,2024-04-13,2,Late Delivery
RET012521,ORD0142160,P0087,2024-07-31,1,Other
RET012522,ORD0142162,P0108,2024-08-27,1,Other
RET012523,ORD0142165,P0146,2024-09-01,1,Quality Issue
RET012524,ORD0142169,P0027,2024-10-18,1,Late Delivery
RET012525,ORD0142173,P0146,2024-12-15,1,Wrong Item Delivered
RET012526,ORD0142195,P0162,2023-12-23,1,Damaged in Transit
RET012527,ORD0142200,P0150,2024-04-04,1,Damaged in Transit
RET012528,ORD0142205,P0018,2024-05-27,1,Late Delivery
RET012529,ORD0142209,P0039,2024-08-22,1,Customer Changed Mind
RET012530,ORD0142229,P0010,2024-06-28,91,Quality Issue
RET012531,ORD0142250,P0107,2024-05-25,1,Wrong Item Delivered
RET012532,ORD0142250,P0186,2024-06-03,1,Wrong Item Delivered
RET012533,ORD0142263,P0036,2024-12-11,1,Customer Changed Mind
RET012534,ORD0142277,P0179,2023-02-06,1,Damaged in Transit
RET012535,ORD0142321,P0137,2024-09-25,2,Other
RET012536,ORD0142322,P0113,2024-10-19,1,Damaged in Transit
RET012537,ORD0142347,P0194,2024-05-23,1,Quality Issue
RET012538,ORD0142359,P0061,2024-12-16,1,Customer Changed Mind
RET012539,ORD0142366,P0160,2023-05-13,3,Late Delivery
RET012540,ORD0142378,P0045,2024-07-29,4,Damaged in Transit
RET012541,ORD0142395,P0200,2023-12-01,2,Damaged in Transit
RET012542,ORD0142395,P0087,2023-11-21,1,Damaged in Transit
RET012543,ORD9999999,P0156,2024-11-15,1,Wrong Item Delivered
RET012544,ORD0142425,P0005,2024-10-01,85,Other
RET012545,ORD0142426,P0188,2024-10-31,92,Customer Changed Mind
RET012546,ORD0142453,P0146,2023-11-17,1,Quality Issue
RET012547,ORD0142454,P0144,2023-12-29,1,Other
RET012548,ORD0142460,P0198,2024-05-11,1,Wrong Item Delivered
RET012549,ORD0142472,P0097,2024-11-09,2,Customer Changed Mind
RET012550,ORD0142487,P0035,2023-10-25,2,Damaged in Transit
RET012551,ORD0142503,P0063,2024-08-12,1,Damaged in Transit
RET012552,ORD0142509,P0159,2023-02-28,1,Late Delivery
RET012553,ORD0142512,P0165,2023-04-16,1,Wrong Item Delivered
RET012554,ORD0142513,P0119,2023-05-01,1,Damaged in Transit
RET012555,ORD0142515,P0118,2023-07-14,1,Quality Issue
RET012556,ORD0142519,P0032,2023-10-09,1,Damaged in Transit
RET012557,ORD0142537,P0083,2023-09-09,1,Damaged in Transit
RET012558,ORD0142544,P0008,2024-03-27,4,Damaged in Transit
RET012559,ORD0142544,P0116,2024-03-28,1,Damaged in Transit
RET012560,ORD0142549,P0121,2024-06-26,1,Customer Changed Mind
RET012561,ORD0142575,P0128,2023-04-23,1,Customer Changed Mind
RET012562,ORD0142595,P0149,2024-02-04,1,Customer Changed Mind
RET012563,ORD0142605,P0129,2024-05-10,1,Wrong Item Delivered
RET012564,ORD0142611,P0029,2024-07-25,1,Other
RET012565,ORD0142621,P0034,2024-11-24,1,Wrong Item Delivered
RET012566,ORD0142641,P0198,2023-06-18,4,Damaged in Transit
RET012567,ORD0142658,P0111,2024-10-09,1,Wrong Item Delivered
RET012568,ORD0142662,P0107,2023-03-16,1,Customer Changed Mind
RET012569,ORD0142668,P0025,2024-01-19,5,Wrong Item Delivered
RET012570,ORD0142672,P0027,2024-06-24,17,Quality Issue
RET012571,ORD0142683,P0029,2023-06-18,1,Quality Issue
RET012572,ORD0142695,P0198,2024-06-27,1,Damaged in Transit
RET012573,ORD0142709,P0189,2023-07-12,1,Late Delivery
RET012574,ORD0142717,P0107,2024-01-04,3,Late Delivery
RET012575,ORD0142719,P0116,2024-05-19,1,Late Delivery
RET012576,ORD0142721,P0130,2024-06-02,2,Wrong Item Delivered
RET012577,ORD0142723,P0015,2024-07-23,2,Damaged in Transit
RET012578,ORD0142724,P0107,2024-07-23,2,Quality Issue
RET012579,ORD0142739,P0015,2023-07-07,1,Quality Issue
RET012580,ORD0142742,P0101,2023-10-04,1,Damaged in Transit
RET012581,ORD0142752,P0074,2024-03-23,1,Customer Changed Mind
RET012582,ORD0142759,P0198,2024-08-19,1,Customer Changed Mind
RET012583,ORD0142772,P0116,2023-05-28,9,Customer Changed Mind
RET012584,ORD0142773,P0097,2023-07-21,33,Customer Changed Mind
RET012585,ORD0142806,P0034,2024-06-22,1,Damaged in Transit
RET012586,ORD0142807,P0179,2024-07-07,1,Damaged in Transit
RET012587,ORD0142818,P0197,2023-08-05,1,Damaged in Transit
RET012588,ORD0142819,P0015,2023-08-14,3,Customer Changed Mind
RET012589,ORD0142823,P0055,2023-12-28,2,Damaged in Transit
RET012590,ORD0142824,P0103,2024-01-20,1,Quality Issue
RET012591,ORD9999999,P0016,2024-10-22,4,Damaged in Transit
RET012592,ORD0142858,P0143,2024-06-13,19,Other
RET012593,ORD0142872,P0021,2023-03-29,1,Quality Issue
RET012594,ORD0142877,P0068,2023-07-24,1,Damaged in Transit
RET012595,ORD0142886,P0065,2024-06-13,1,Wrong Item Delivered
RET012596,ORD0142886,P0094,2024-06-15,1,Wrong Item Delivered
RET012597,ORD0142890,P0026,2024-08-31,2,Quality Issue
RET012598,ORD0142917,P0016,2024-06-29,1,Quality Issue
RET012599,ORD0142920,P0111,2024-08-23,1,Quality Issue
RET012600,ORD0142923,P0006,2023-02-10,1,Customer Changed Mind
RET012601,ORD0142924,P0091,2023-02-18,1,Wrong Item Delivered
RET012602,ORD0142938,P0028,2023-09-08,1,Customer Changed Mind
RET012603,ORD0142939,P0185,2023-09-17,1,Wrong Item Delivered
RET012604,ORD0142955,P0036,2024-06-19,1,Late Delivery
RET012605,ORD0142956,P0135,2024-05-25,2,Late Delivery
RET012606,ORD0142974,P0083,2023-02-09,1,Damaged in Transit
RET012607,ORD0143021,P0113,2023-03-08,97,Quality Issue
RET012608,ORD0143037,P0034,2023-09-04,43,Customer Changed Mind
RET012609,ORD0143046,P0079,2024-09-18,56,Damaged in Transit
RET012610,ORD0143057,P0037,2023-06-10,1,Late Delivery
RET012611,ORD0143060,P0030,2023-07-09,1,Damaged in Transit
RET012612,ORD9999999,P0157,2023-06-11,1,Wrong Item Delivered
RET012613,ORD0143094,P0150,2023-08-31,1,Wrong Item Delivered
RET012614,ORD0143100,P0074,2024-03-24,3,Wrong Item Delivered
RET012615,ORD0143101,P0095,2024-05-10,1,Damaged in Transit
RET012616,ORD0143109,P0179,2023-02-14,10,Damaged in Transit
RET012617,ORD0143135,P0016,2023-11-28,24,Damaged in Transit
RET012618,ORD0143135,P0038,2023-12-03,97,Damaged in Transit
RET012619,ORD0143146,P0027,2023-05-17,2,Other
RET012620,ORD0143192,P0107,2023-07-09,1,Customer Changed Mind
RET012621,ORD0143197,P0058,2023-10-09,1,Damaged in Transit
RET012622,ORD0143198,P0180,2024-01-08,1,Late Delivery
RET012623,ORD0143202,P0166,2024-04-14,1,Wrong Item Delivered
RET012624,ORD0143207,P0199,2024-05-13,1,Wrong Item Delivered
RET012625,ORD0143208,P0086,2024-05-03,1,Customer Changed Mind
RET012626,ORD0143226,P0186,2023-06-15,4,Quality Issue
RET012627,ORD0143244,P0003,2024-08-02,1,Wrong Item Delivered
RET012628,ORD0143252,P0004,2023-03-30,1,Wrong Item Delivered
RET012629,ORD0143261,P0074,2023-07-20,5,Wrong Item Delivered
RET012630,ORD0143266,P0113,2023-10-23,4,Customer Changed Mind
RET012631,ORD0143286,P0146,2023-03-07,1,Quality Issue
RET012632,ORD0143294,P0147,2024-01-15,1,Damaged in Transit
RET012633,ORD0143324,P0112,2023-01-29,1,Customer Changed Mind
RET012634,ORD0143326,P0115,2023-01-27,1,Damaged in Transit
RET012635,ORD0143329,P0091,2023-05-15,1,Late Delivery
RET012636,ORD0143351,P0122,2024-04-10,1,Damaged in Transit
RET012637,ORD0143362,P0133,2024-08-08,1,Late Delivery
RET012638,ORD0143376,P0011,2023-05-07,1,Damaged in Transit
RET012639,ORD0143384,P0038,2024-01-08,1,Other
RET012640,ORD0143419,P0137,2023-03-26,13,Late Delivery
RET012641,ORD0143436,P0179,2024-11-29,54,Customer Changed Mind
RET012642,ORD0143443,P0095,2023-05-18,1,Wrong Item Delivered
RET012643,ORD0143444,P0013,2023-05-25,1,Quality Issue
RET012644,ORD0143445,P0042,2023-06-06,2,Customer Changed Mind
RET012645,ORD0143461,P0196,2024-05-02,1,Wrong Item Delivered
RET012646,ORD0143466,P0196,2024-08-19,3,Quality Issue
RET012647,ORD0143471,P0183,2024-12-22,1,Customer Changed Mind
RET012648,ORD0143481,P0028,2023-10-16,3,Wrong Item Delivered
RET012649,ORD0143491,P0004,2024-05-15,5,Quality Issue
RET012650,ORD0143505,P0041,2023-04-08,1,Other
RET012651,ORD0143507,P0198,2023-04-24,1,Customer Changed Mind
RET012652,ORD0143514,P0020,2023-08-26,2,Damaged in Transit
RET012653,ORD0143518,P0095,2023-11-16,1,Damaged in Transit
RET012654,ORD0143546,P0016,2023-11-17,1,Wrong Item Delivered
RET012655,ORD0143555,P0095,2024-07-26,1,Damaged in Transit
RET012656,ORD0143591,P0101,2023-06-23,1,Late Delivery
RET012657,ORD0143619,P0126,2024-10-25,1,Wrong Item Delivered
RET012658,ORD0143649,P0156,2023-06-17,7,Wrong Item Delivered
RET012659,ORD0143653,P0187,2023-10-08,84,Late Delivery
RET012660,ORD0143690,P0053,2024-08-28,1,Quality Issue
RET012661,ORD0143698,P0167,2023-03-03,1,Customer Changed Mind
RET012662,ORD0143711,P0165,2023-08-17,2,Customer Changed Mind
RET012663,ORD0143716,P0016,2024-03-17,1,Damaged in Transit
RET012664,ORD0143729,P0032,2024-10-20,1,Quality Issue
RET012665,ORD0143752,P0068,2024-03-20,4,Damaged in Transit
RET012666,ORD0143758,P0166,2024-07-25,1,Other
RET012667,ORD0143771,P0135,2023-05-10,4,Quality Issue
RET012668,ORD0143817,P0118,2023-10-17,1,Late Delivery
RET012669,ORD0143835,P0196,2024-06-26,1,Late Delivery
RET012670,ORD0143842,P0023,2024-10-25,1,Quality Issue
RET012671,ORD0143854,P0053,2023-03-06,1,Damaged in Transit
RET012672,ORD0143857,P0069,2023-05-18,1,Damaged in Transit
RET012673,ORD0143912,P0001,2024-07-15,3,Damaged in Transit
RET012674,ORD0143936,P0001,2023-12-23,1,Customer Changed Mind
RET012675,ORD0143948,P0162,2024-10-25,4,Quality Issue
RET012676,ORD0143956,P0156,2023-04-23,1,Wrong Item Delivered
RET012677,ORD0143966,P0128,2023-09-16,1,Quality Issue
RET012678,ORD0143966,P0124,2023-09-07,1,Late Delivery
RET012679,ORD0143975,P0157,2024-01-15,1,Wrong Item Delivered
RET012680,ORD0144008,P0130,2023-05-31,16,Customer Changed Mind
RET012681,ORD0144040,P0186,2024-06-12,1,Wrong Item Delivered
RET012682,ORD0144053,P0198,2023-03-30,3,Quality Issue
RET012683,ORD0144054,P0163,2023-06-23,1,Wrong Item Delivered
RET012684,ORD0144054,P0101,2023-06-23,1,Wrong Item Delivered
RET012685,ORD0144060,P0174,2023-11-22,1,Damaged in Transit
RET012686,ORD9999999,P0049,2024-03-17,43,Damaged in Transit
RET012687,ORD0144087,P0133,2024-08-21,110,Late Delivery
RET012688,ORD0144099,P0086,2023-04-13,1,Customer Changed Mind
RET012689,ORD0144118,P0114,2024-11-09,4,Quality Issue
RET012690,ORD9999999,P0048,2023-04-16,1,Quality Issue
RET012691,ORD0144129,P0087,2023-08-10,1,Customer Changed Mind
RET012692,ORD0144130,P0196,2023-08-11,2,Late Delivery
RET012693,ORD0144178,P0157,2023-08-23,1,Customer Changed Mind
RET012694,ORD0144195,P0079,2024-03-10,1,Quality Issue
RET012695,ORD0144227,P0008,2024-03-25,19,Late Delivery
RET012696,ORD0144233,P0112,2024-10-04,36,Customer Changed Mind
RET012697,ORD0144233,P0162,2024-10-12,7,Customer Changed Mind
RET012698,ORD0144247,P0198,2023-07-23,1,Damaged in Transit
RET012699,ORD0144269,P0001,2024-05-21,1,Wrong Item Delivered
RET012700,ORD0144269,P0169,2024-05-28,1,Wrong Item Delivered
RET012701,ORD0144292,P0047,2023-08-26,1,Damaged in Transit
RET012702,ORD0144298,P0123,2024-02-09,1,Quality Issue
RET012703,ORD0144315,P0191,2024-10-25,1,Customer Changed Mind
RET012704,ORD0144321,P0038,2023-03-01,1,Customer Changed Mind
RET012705,ORD0144325,P0127,2023-04-25,1,Quality Issue
RET012706,ORD0144339,P0090,2023-12-24,1,Wrong Item Delivered
RET012707,ORD0144349,P0109,2024-07-29,2,Wrong Item Delivered
RET012708,ORD0144364,P0078,2023-04-02,1,Damaged in Transit
RET012709,ORD0144365,P0093,2023-05-26,1,Customer Changed Mind
RET012710,ORD0144370,P0143,2023-07-20,1,Damaged in Transit
RET012711,ORD0144370,P0176,2023-07-26,1,Damaged in Transit
RET012712,ORD0144390,P0028,2024-06-26,1,Quality Issue
RET012713,ORD0144395,P0187,2024-07-27,1,Quality Issue
RET012714,ORD0144405,P0189,2023-02-07,1,Damaged in Transit
RET012715,ORD0144405,P0009,2023-02-14,1,Damaged in Transit
RET012716,ORD0144421,P0118,2024-01-15,1,Late Delivery
RET012717,ORD0144421,P0075,2023-12-29,1,Customer Changed Mind
RET012718,ORD9999999,P0118,2024-11-01,1,Customer Changed Mind
RET012719,ORD0144442,P0107,2023-07-08,3,Other
RET012720,ORD0144448,P0158,2023-12-28,1,Damaged in Transit
RET012721,ORD0144448,P0001,2023-12-27,3,Damaged in Transit
RET012722,ORD0144461,P0068,2023-01-21,1,Damaged in Transit
RET012723,ORD0144480,P0032,2024-08-27,1,Damaged in Transit
RET012724,ORD0144525,P0069,2024-07-04,3,Quality Issue
RET012725,ORD0144533,P0008,2024-11-23,1,Other
RET012726,ORD0144535,P0001,2023-01-15,49,Customer Changed Mind
RET012727,ORD9999999,P0191,2023-08-24,23,Quality Issue
RET012728,ORD0144557,P0184,2023-03-19,5,Damaged in Transit
RET012729,ORD0144563,P0122,2023-08-15,4,Customer Changed Mind
RET012730,ORD0144575,P0045,2024-07-05,3,Quality Issue
RET012731,ORD0144576,P0123,2024-08-12,2,Customer Changed Mind
RET012732,ORD0144577,P0027,2024-09-13,1,Late Delivery
RET012733,ORD0144579,P0113,2024-11-13,1,Wrong Item Delivered
RET012734,ORD0144583,P0187,2023-02-23,2,Wrong Item Delivered
RET012735,ORD0144596,P0095,2023-10-08,2,Customer Changed Mind
RET012736,ORD0144607,P0059,2024-07-29,1,Wrong Item Delivered
RET012737,ORD9999999,P0003,2024-10-11,1,Customer Changed Mind
RET012738,ORD0144614,P0115,2024-12-24,2,Customer Changed Mind
RET012739,ORD0144623,P0059,2024-02-08,4,Wrong Item Delivered
RET012740,ORD0144633,P0114,2023-04-17,1,Damaged in Transit
RET012741,ORD0144638,P0157,2023-06-11,1,Damaged in Transit
RET012742,ORD0144638,P0196,2023-06-15,3,Damaged in Transit
RET012743,ORD0144662,P0194,2024-11-23,1,Other
RET012744,ORD0144666,P0111,2023-06-04,1,Wrong Item Delivered
RET012745,ORD0144683,P0165,2024-12-23,1,Wrong Item Delivered
RET012746,ORD0144688,P0002,2023-04-12,1,Customer Changed Mind
RET012747,ORD0144703,P0080,2024-01-20,2,Customer Changed Mind
RET012748,ORD0144713,P0181,2024-12-08,1,Customer Changed Mind
RET012749,ORD0144717,P0072,2023-08-03,87,Customer Changed Mind
RET012750,ORD0144754,P0107,2023-07-03,1,Late Delivery
RET012751,ORD0144758,P0183,2023-08-12,1,Customer Changed Mind
RET012752,ORD0144769,P0025,2024-01-27,1,Wrong Item Delivered
RET012753,ORD0144775,P0124,2024-06-18,1,Late Delivery
RET012754,ORD0144776,P0122,2024-07-16,1,Wrong Item Delivered
RET012755,ORD0144788,P0189,2024-11-28,2,Quality Issue
RET012756,ORD0144791,P0074,2023-02-06,1,Other
RET012757,ORD0144796,P0129,2023-04-01,1,Damaged in Transit
RET012758,ORD0144801,P0179,2023-07-16,2,Quality Issue
RET012759,ORD0144816,P0027,2024-04-26,1,Late Delivery
RET012760,ORD0144827,P0032,2024-11-02,1,Other
RET012761,ORD0144844,P0065,2024-07-15,87,Quality Issue
RET012762,ORD0144849,P0059,2023-02-19,2,Customer Changed Mind
RET012763,ORD0144851,P0195,2023-04-09,1,Customer Changed Mind
RET012764,ORD0144853,P0048,2023-06-22,4,Wrong Item Delivered
RET012765,ORD0144856,P0090,2023-12-27,1,Damaged in Transit
RET012766,ORD0144866,P0014,2024-08-19,2,Quality Issue
RET012767,ORD0144882,P0109,2023-08-25,3,Customer Changed Mind
RET012768,ORD0144889,P0102,2023-12-25,3,Damaged in Transit
RET012769,ORD0144889,P0104,2023-12-19,2,Damaged in Transit
RET012770,ORD0144902,P0123,2024-12-02,4,Damaged in Transit
RET012771,ORD0144906,P0190,2023-01-28,1,Quality Issue
RET012772,ORD0144910,P0082,2023-05-22,1,Customer Changed Mind
RET012773,ORD0144928,P0049,2024-06-19,1,Customer Changed Mind
RET012774,ORD0144934,P0079,2024-08-22,1,Damaged in Transit
RET012775,ORD0144935,P0016,2024-08-14,1,Late Delivery
RET012776,ORD0144946,P0051,2023-02-10,1,Quality Issue
RET012777,ORD0144948,P0155,2023-04-02,1,Damaged in Transit
RET012778,ORD0144970,P0036,2024-10-09,1,Customer Changed Mind
RET012779,ORD0144978,P0189,2023-04-05,2,Damaged in Transit
RET012780,ORD0144986,P0182,2023-08-26,1,Damaged in Transit
RET012781,ORD0144991,P0013,2024-06-27,1,Late Delivery
RET012782,ORD0144995,P0074,2024-08-16,1,Customer Changed Mind
RET012783,ORD0144996,P0056,2024-08-24,1,Customer Changed Mind
RET012784,ORD0144997,P0142,2024-09-26,1,Wrong Item Delivered
RET012785,ORD0144997,P0134,2024-09-10,3,Customer Changed Mind
RET012786,ORD0145011,P0159,2023-09-24,1,Quality Issue
RET012787,ORD0145011,P0123,2023-09-11,1,Quality Issue
RET012788,ORD0145023,P0140,2024-04-26,1,Customer Changed Mind
RET012789,ORD0145046,P0122,2024-05-11,44,Customer Changed Mind
RET012790,ORD0145048,P0148,2024-07-05,30,Customer Changed Mind
RET012791,ORD0145078,P0095,2023-07-08,2,Late Delivery
RET012792,ORD0145096,P0172,2024-06-14,1,Other
RET012793,ORD0145132,P0144,2023-11-23,1,Wrong Item Delivered
RET012794,ORD0145136,P0163,2024-01-11,1,Damaged in Transit
RET012795,ORD0145147,P0126,2024-09-12,1,Customer Changed Mind
RET012796,ORD0145168,P0157,2023-10-15,2,Customer Changed Mind
RET012797,ORD0145189,P0181,2024-10-02,1,Wrong Item Delivered
RET012798,ORD0145191,P0183,2023-03-13,85,Wrong Item Delivered
RET012799,ORD0145204,P0142,2023-05-23,166,Damaged in Transit
RET012800,ORD0145248,P0119,2024-06-13,55,Customer Changed Mind
RET012801,ORD0145267,P0161,2023-10-02,2,Customer Changed Mind
RET012802,ORD0145284,P0191,2024-10-10,2,Quality Issue
RET012803,ORD0145291,P0146,2023-03-08,1,Wrong Item Delivered
RET012804,ORD0145311,P0157,2024-01-19,1,Wrong Item Delivered
RET012805,ORD0145318,P0173,2024-05-26,1,Wrong Item Delivered
RET012806,ORD0145329,P0142,2024-08-22,1,Quality Issue
RET012807,ORD0145356,P0027,2024-10-23,1,Quality Issue
RET012808,ORD0145364,P0083,2023-04-20,1,Customer Changed Mind
RET012809,ORD0145372,P0056,2023-11-14,5,Other
RET012810,ORD0145374,P0123,2024-01-13,3,Damaged in Transit
RET012811,ORD0145384,P0044,2024-07-07,4,Damaged in Transit
RET012812,ORD0145391,P0166,2024-12-02,2,Damaged in Transit
RET012813,ORD0145446,P0121,2023-11-14,78,Damaged in Transit
RET012814,ORD0145476,P0125,2023-04-24,1,Customer Changed Mind
RET012815,ORD0145491,P0111,2024-06-14,1,Late Delivery
RET012816,ORD0145493,P0149,2024-07-19,1,Wrong Item Delivered
RET012817,ORD0145525,P0112,2024-04-04,41,Wrong Item Delivered
RET012818,ORD0145530,P0062,2024-09-08,23,Damaged in Transit
RET012819,ORD0145532,P0024,2024-10-14,32,Late Delivery
RET012820,ORD0145545,P0092,2024-04-13,17,Wrong Item Delivered
RET012821,ORD0145569,P0157,2024-07-20,1,Late Delivery
RET012822,ORD0145576,P0183,2023-01-31,4,Quality Issue
RET012823,ORD0145592,P0095,2023-12-27,1,Wrong Item Delivered
RET012824,ORD0145595,P0110,2024-05-02,1,Quality Issue
RET012825,ORD0145606,P0094,2023-02-17,1,Damaged in Transit
RET012826,ORD0145629,P0198,2023-10-27,1,Quality Issue
RET012827,ORD0145636,P0024,2024-01-13,1,Customer Changed Mind
RET012828,ORD0145647,P0060,2024-11-07,1,Quality Issue
RET012829,ORD0145648,P0181,2024-11-06,1,Customer Changed Mind
RET012830,ORD0145655,P0131,2023-03-28,4,Damaged in Transit
RET012831,ORD0145655,P0079,2023-03-18,3,Customer Changed Mind
RET012832,ORD0145659,P0137,2023-08-02,1,Damaged in Transit
RET012833,ORD0145669,P0136,2024-04-08,4,Late Delivery
RET012834,ORD0145673,P0159,2024-07-11,1,Late Delivery
RET012835,ORD0145685,P0121,2023-03-24,14,Customer Changed Mind
RET012836,ORD0145686,P0116,2023-04-16,12,Customer Changed Mind
RET012837,ORD0145694,P0180,2024-05-15,10,Damaged in Transit
RET012838,ORD0145697,P0090,2024-08-04,16,Wrong Item Delivered
RET012839,ORD0145702,P0055,2023-05-23,23,Wrong Item Delivered
RET012840,ORD0145711,P0137,2023-12-26,20,Late Delivery
RET012841,ORD0145711,P0177,2023-12-29,18,Quality Issue
RET012842,ORD0145723,P0092,2024-11-27,5,Customer Changed Mind
RET012843,ORD0145741,P0028,2023-12-23,3,Quality Issue
RET012844,ORD0145748,P0142,2024-04-03,1,Wrong Item Delivered
RET012845,ORD0145748,P0144,2024-04-06,1,Wrong Item Delivered
RET012846,ORD0145766,P0196,2023-09-01,1,Quality Issue
RET012847,ORD0145795,P0008,2024-02-28,1,Quality Issue
RET012848,ORD0145819,P0040,2024-11-17,6,Wrong Item Delivered
RET012849,ORD0145821,P0095,2023-01-11,3,Late Delivery
RET012850,ORD0145835,P0006,2024-02-27,1,Wrong Item Delivered
RET012851,ORD0145850,P0140,2024-11-29,1,Late Delivery
RET012852,ORD0145853,P0111,2023-03-12,63,Customer Changed Mind
RET012853,ORD0145867,P0198,2023-09-26,47,Wrong Item Delivered
RET012854,ORD0145908,P0129,2024-08-08,2,Customer Changed Mind
RET012855,ORD0145917,P0006,2023-02-14,1,Customer Changed Mind
RET012856,ORD0145952,P0053,2023-05-02,4,Wrong Item Delivered
RET012857,ORD0145965,P0051,2024-01-22,1,Customer Changed Mind
RET012858,ORD0145977,P0045,2023-10-07,16,Damaged in Transit
RET012859,ORD0145983,P0037,2024-08-04,11,Quality Issue
RET012860,ORD0145994,P0200,2023-06-17,20,Damaged in Transit
RET012861,ORD0146000,P0146,2024-01-17,22,Damaged in Transit
RET012862,ORD0146001,P0065,2024-02-11,24,Damaged in Transit
RET012863,ORD0146044,P0189,2024-12-20,1,Customer Changed Mind
RET012864,ORD0146065,P0179,2024-04-05,1,Damaged in Transit
RET012865,ORD0146085,P0061,2023-10-26,5,Customer Changed Mind
RET012866,ORD0146092,P0020,2024-04-25,2,Wrong Item Delivered
RET012867,ORD0146107,P0142,2023-03-23,1,Late Delivery
RET012868,ORD0146117,P0169,2023-09-08,1,Customer Changed Mind
RET012869,ORD0146133,P0001,2024-04-06,1,Damaged in Transit
RET012870,ORD0146134,P0007,2024-05-12,1,Damaged in Transit
RET012871,ORD0146154,P0144,2023-08-01,1,Wrong Item Delivered
RET012872,ORD0146162,P0130,2023-12-03,1,Late Delivery
RET012873,ORD0146165,P0015,2024-01-24,1,Customer Changed Mind
RET012874,ORD0146173,P0012,2024-08-10,4,Damaged in Transit
RET012875,ORD0146201,P0050,2023-07-30,2,Damaged in Transit
RET012876,ORD0146211,P0173,2023-12-03,1,Other
RET012877,ORD0146226,P0123,2024-09-18,1,Other
RET012878,ORD0146233,P0005,2023-02-23,1,Late Delivery
RET012879,ORD0146235,P0009,2023-03-15,1,Customer Changed Mind
RET012880,ORD0146243,P0001,2023-12-14,1,Customer Changed Mind
RET012881,ORD0146250,P0118,2024-05-01,1,Wrong Item Delivered
RET012882,ORD0146259,P0022,2024-11-25,3,Customer Changed Mind
RET012883,ORD0146260,P0002,2024-11-19,2,Customer Changed Mind
RET012884,ORD0146261,P0036,2024-11-20,3,Quality Issue
RET012885,ORD0146277,P0168,2024-06-07,26,Damaged in Transit
RET012886,ORD0146296,P0012,2024-05-12,37,Customer Changed Mind
RET012887,ORD0146312,P0103,2024-06-16,2,Damaged in Transit
RET012888,ORD0146312,P0132,2024-06-28,1,Damaged in Transit
RET012889,ORD0146316,P0087,2024-08-06,1,Wrong Item Delivered
RET012890,ORD0146316,P0179,2024-08-15,1,Wrong Item Delivered
RET012891,ORD0146330,P0031,2023-06-26,69,Damaged in Transit
RET012892,ORD0146361,P0105,2023-01-20,1,Customer Changed Mind
RET012893,ORD0146364,P0125,2023-05-01,2,Wrong Item Delivered
RET012894,ORD0146380,P0035,2024-10-21,1,Quality Issue
RET012895,ORD0146408,P0177,2024-04-10,1,Customer Changed Mind
RET012896,ORD0146425,P0192,2023-08-10,1,Wrong Item Delivered
RET012897,ORD0146431,P0051,2023-10-23,1,Wrong Item Delivered
RET012898,ORD0146435,P0101,2024-02-12,1,Customer Changed Mind
RET012899,ORD0146445,P0131,2024-08-12,1,Quality Issue
RET012900,ORD0146493,P0090,2023-10-24,4,Wrong Item Delivered
RET012901,ORD0146502,P0166,2024-09-28,3,Damaged in Transit
RET012902,ORD0146507,P0148,2024-11-25,1,Customer Changed Mind
RET012903,ORD0146508,P0196,2024-12-03,4,Damaged in Transit
RET012904,ORD0146540,P0126,2024-06-19,1,Customer Changed Mind
RET012905,ORD0146543,P0136,2024-08-11,1,Wrong Item Delivered
RET012906,ORD0146553,P0024,2023-03-19,1,Quality Issue
RET012907,ORD0146568,P0198,2024-11-07,4,Other
RET012908,ORD0146577,P0163,2023-08-29,1,Customer Changed Mind
RET012909,ORD0146590,P0157,2024-02-18,1,Wrong Item Delivered
RET012910,ORD0146606,P0064,2024-10-18,1,Damaged in Transit
RET012911,ORD0146624,P0159,2023-03-17,4,Late Delivery
RET012912,ORD0146636,P0026,2023-12-23,2,Damaged in Transit
RET012913,ORD0146637,P0103,2024-01-22,1,Damaged in Transit
RET012914,ORD0146639,P0001,2024-04-12,3,Other
RET012915,ORD0146642,P0094,2024-05-12,3,Other
RET012916,ORD0146665,P0106,2023-09-10,1,Wrong Item Delivered
RET012917,ORD0146673,P0142,2024-07-12,1,Quality Issue
RET012918,ORD0146677,P0191,2024-10-21,1,Customer Changed Mind
RET012919,ORD0146707,P0036,2024-08-08,1,Wrong Item Delivered
RET012920,ORD0146707,P0103,2024-08-04,2,Wrong Item Delivered
RET012921,ORD0146709,P0094,2024-08-24,1,Other
RET012922,ORD0146749,P0113,2023-04-06,1,Damaged in Transit
RET012923,ORD0146751,P0108,2023-04-23,1,Damaged in Transit
RET012924,ORD0146755,P0029,2023-07-04,1,Wrong Item Delivered
RET012925,ORD0146764,P0074,2023-12-21,1,Damaged in Transit
RET012926,ORD0146777,P0135,2024-10-18,1,Damaged in Transit
RET012927,ORD0146782,P0183,2023-04-30,1,Customer Changed Mind
RET012928,ORD0146788,P0013,2023-07-09,1,Damaged in Transit
RET012929,ORD0146789,P0023,2023-09-17,3,Customer Changed Mind
RET012930,ORD0146793,P0191,2023-12-23,3,Quality Issue
RET012931,ORD0146798,P0150,2024-01-26,2,Quality Issue
RET012932,ORD0146801,P0196,2024-06-05,1,Damaged in Transit
RET012933,ORD0146806,P0065,2024-09-03,3,Wrong Item Delivered
RET012934,ORD0146807,P0012,2024-09-30,1,Damaged in Transit
RET012935,ORD0146808,P0027,2024-09-26,1,Wrong Item Delivered
RET012936,ORD0146824,P0021,2023-12-26,3,Quality Issue
RET012937,ORD0146834,P0103,2024-07-06,1,Customer Changed Mind
RET012938,ORD0146840,P0058,2024-09-13,1,Customer Changed Mind
RET012939,ORD0146850,P0125,2023-07-28,99,Damaged in Transit
RET012940,ORD0146851,P0001,2023-08-25,207,Damaged in Transit
RET012941,ORD0146860,P0043,2023-02-02,16,Customer Changed Mind
RET012942,ORD0146862,P0053,2023-05-13,4,Customer Changed Mind
RET012943,ORD0146867,P0191,2023-09-11,34,Other
RET012944,ORD0146876,P0050,2024-09-11,12,Quality Issue
RET012945,ORD0146878,P0143,2024-10-23,48,Customer Changed Mind
RET012946,ORD0146880,P0130,2024-11-07,13,Late Delivery
RET012947,ORD0146886,P0162,2023-08-23,44,Customer Changed Mind
RET012948,ORD0146903,P0123,2023-02-02,1,Customer Changed Mind
RET012949,ORD0146928,P0168,2024-05-25,1,Wrong Item Delivered
RET012950,ORD0146928,P0113,2024-05-27,3,Quality Issue
RET012951,ORD0146929,P0001,2024-06-20,2,Customer Changed Mind
RET012952,ORD0146950,P0052,2024-02-05,2,Damaged in Transit
RET012953,ORD0146959,P0146,2023-01-11,2,Customer Changed Mind
RET012954,ORD0146989,P0198,2023-11-14,154,Wrong Item Delivered
RET012955,ORD0146998,P0163,2023-08-07,205,Damaged in Transit
RET012956,ORD0147013,P0167,2023-10-22,32,Customer Changed Mind
RET012957,ORD0147015,P0131,2024-01-05,11,Quality Issue
RET012958,ORD0147028,P0163,2023-04-25,20,Quality Issue
RET012959,ORD0147032,P0165,2024-05-15,21,Quality Issue
RET012960,ORD0147045,P0001,2023-07-19,1,Damaged in Transit
RET012961,ORD0147047,P0107,2023-08-18,5,Wrong Item Delivered
RET012962,ORD0147055,P0104,2024-05-11,1,Damaged in Transit
RET012963,ORD0147075,P0123,2024-02-11,41,Other
RET012964,ORD0147076,P0146,2024-03-03,21,Wrong Item Delivered
RET012965,ORD0147076,P0011,2024-02-25,107,Wrong Item Delivered
RET012966,ORD0147077,P0023,2024-05-13,134,Late Delivery
RET012967,ORD0147090,P0034,2023-08-06,1,Damaged in Transit
RET012968,ORD0147090,P0186,2023-08-02,2,Damaged in Transit
RET012969,ORD0147106,P0015,2024-02-22,1,Wrong Item Delivered
RET012970,ORD0147118,P0095,2024-06-12,1,Customer Changed Mind
RET012971,ORD0147118,P0013,2024-06-14,2,Wrong Item Delivered
RET012972,ORD0147121,P0100,2024-08-12,1,Late Delivery
RET012973,ORD9999999,P0105,2024-12-17,1,Late Delivery
RET012974,ORD0147140,P0121,2023-08-02,1,Wrong Item Delivered
RET012975,ORD0147157,P0087,2024-05-03,1,Quality Issue
RET012976,ORD0147161,P0149,2024-08-27,1,Customer Changed Mind
RET012977,ORD0147180,P0186,2023-11-17,1,Wrong Item Delivered
RET012978,ORD0147185,P0030,2024-04-20,4,Damaged in Transit
RET012979,ORD0147187,P0068,2024-06-04,2,Damaged in Transit
RET012980,ORD0147193,P0035,2024-11-27,3,Customer Changed Mind
RET012981,ORD0147201,P0093,2023-05-08,1,Damaged in Transit
RET012982,ORD9999999,P0168,2023-10-03,4,Damaged in Transit
RET012983,ORD0147233,P0059,2024-07-08,249,Customer Changed Mind
RET012984,ORD0147255,P0196,2024-02-22,1,Quality Issue
RET012985,ORD0147276,P0159,2023-06-16,1,Wrong Item Delivered
RET012986,ORD0147279,P0023,2023-07-03,1,Quality Issue
RET012987,ORD0147284,P0032,2024-01-26,2,Damaged in Transit
RET012988,ORD0147284,P0045,2024-02-03,4,Customer Changed Mind
RET012989,ORD0147286,P0005,2024-01-26,1,Wrong Item Delivered
RET012990,ORD0147290,P0056,2024-04-21,2,Damaged in Transit
RET012991,ORD0147292,P0115,2024-04-25,4,Wrong Item Delivered
RET012992,ORD0147292,P0065,2024-04-26,1,Wrong Item Delivered
RET012993,ORD0147305,P0175,2023-08-06,1,Wrong Item Delivered
RET012994,ORD0147335,P0087,2023-04-09,1,Quality Issue
RET012995,ORD0147337,P0034,2023-06-07,2,Damaged in Transit
RET012996,ORD0147339,P0139,2023-08-21,2,Wrong Item Delivered
RET012997,ORD0147364,P0187,2024-10-23,1,Wrong Item Delivered
RET012998,ORD0147393,P0137,2024-02-04,1,Customer Changed Mind
RET012999,ORD0147399,P0121,2024-06-01,2,Other
RET013000,ORD0147400,P0131,2024-06-10,1,Quality Issue
RET013001,ORD0147402,P0129,2024-08-05,5,Quality Issue
RET013002,ORD0147404,P0115,2024-08-05,2,Wrong Item Delivered
RET013003,ORD0147412,P0095,2023-06-26,1,Customer Changed Mind
RET013004,ORD0147424,P0154,2024-05-21,1,Quality Issue
RET013005,ORD0147427,P0148,2024-07-06,2,Other
RET013006,ORD0147444,P0077,2023-05-16,2,Wrong Item Delivered
RET013007,ORD0147451,P0094,2023-10-28,1,Late Delivery
RET013008,ORD0147466,P0062,2024-10-06,1,Wrong Item Delivered
RET013009,ORD0147466,P0038,2024-10-05,1,Wrong Item Delivered
RET013010,ORD0147467,P0179,2024-10-22,4,Damaged in Transit
RET013011,ORD0147487,P0076,2023-09-03,1,Damaged in Transit
RET013012,ORD0147491,P0052,2023-12-30,1,Wrong Item Delivered
RET013013,ORD0147493,P0076,2024-03-08,1,Damaged in Transit
RET013014,ORD0147501,P0026,2024-08-01,2,Customer Changed Mind
RET013015,ORD0147554,P0035,2024-10-31,1,Wrong Item Delivered
RET013016,ORD0147562,P0003,2023-11-24,30,Wrong Item Delivered
RET013017,ORD0147573,P0180,2023-12-31,296,Customer Changed Mind
RET013018,ORD0147576,P0074,2024-05-23,14,Customer Changed Mind
RET013019,ORD0147587,P0098,2024-02-19,75,Damaged in Transit
RET013020,ORD0147590,P0106,2024-08-10,33,Damaged in Transit
RET013021,ORD0147595,P0003,2024-12-03,56,Quality Issue
RET013022,ORD0147606,P0181,2023-08-29,1,Damaged in Transit
RET013023,ORD0147608,P0037,2023-09-25,1,Wrong Item Delivered
RET013024,ORD9999999,P0175,2023-10-13,2,Customer Changed Mind
RET013025,ORD0147619,P0143,2024-02-14,1,Damaged in Transit
RET013026,ORD0147646,P0016,2024-06-25,1,Damaged in Transit
RET013027,ORD0147654,P0140,2024-11-19,1,Wrong Item Delivered
RET013028,ORD0147671,P0094,2023-07-14,4,Damaged in Transit
RET013029,ORD0147675,P0179,2023-11-23,1,Quality Issue
RET013030,ORD0147678,P0187,2023-12-19,2,Wrong Item Delivered
RET013031,ORD0147688,P0066,2024-09-10,1,Late Delivery
RET013032,ORD0147690,P0064,2024-11-12,1,Damaged in Transit
RET013033,ORD0147712,P0111,2024-04-27,5,Customer Changed Mind
RET013034,ORD0147725,P0048,2023-07-10,1,Other
RET013035,ORD0147732,P0008,2023-11-05,2,Wrong Item Delivered
RET013036,ORD0147748,P0034,2023-11-27,37,Late Delivery
RET013037,ORD0147762,P0047,2024-10-09,14,Quality Issue
RET013038,ORD0147773,P0109,2023-07-05,1,Late Delivery
RET013039,ORD0147789,P0108,2024-05-02,1,Customer Changed Mind
RET013040,ORD0147796,P0015,2024-11-04,1,Quality Issue
RET013041,ORD0147810,P0100,2024-01-06,51,Customer Changed Mind
RET013042,ORD0147813,P0029,2024-05-09,121,Damaged in Transit
RET013043,ORD0147815,P0048,2024-07-03,278,Late Delivery
RET013044,ORD0147833,P0104,2024-02-13,24,Quality Issue
RET013045,ORD0147839,P0136,2023-03-03,1,Wrong Item Delivered
RET013046,ORD0147846,P0045,2023-10-08,1,Quality Issue
RET013047,ORD0147850,P0065,2024-04-30,4,Customer Changed Mind
RET013048,ORD0147851,P0111,2024-05-17,1,Customer Changed Mind
RET013049,ORD0147857,P0075,2024-10-23,2,Customer Changed Mind
RET013050,ORD0147859,P0064,2024-12-23,2,Damaged in Transit
RET013051,ORD0147882,P0187,2024-08-30,1,Wrong Item Delivered
RET013052,ORD0147903,P0020,2023-11-26,2,Wrong Item Delivered
RET013053,ORD0147919,P0044,2024-10-03,1,Quality Issue
RET013054,ORD0147924,P0075,2024-11-14,1,Damaged in Transit
RET013055,ORD0147932,P0024,2023-04-20,1,Customer Changed Mind
RET013056,ORD0147943,P0167,2024-02-09,1,Customer Changed Mind
RET013057,ORD0147959,P0077,2024-11-21,1,Wrong Item Delivered
RET013058,ORD0147964,P0154,2023-02-11,3,Quality Issue
RET013059,ORD0147971,P0001,2023-09-11,1,Customer Changed Mind
RET013060,ORD0147980,P0055,2023-12-28,2,Quality Issue
RET013061,ORD0147994,P0044,2023-01-17,8,Quality Issue
RET013062,ORD0147996,P0101,2023-06-12,286,Quality Issue
RET013063,ORD0148002,P0048,2024-11-27,87,Customer Changed Mind
RET013064,ORD0148041,P0077,2024-11-16,1,Other
RET013065,ORD0148067,P0059,2023-09-22,1,Late Delivery
RET013066,ORD0148070,P0039,2023-10-16,1,Damaged in Transit
RET013067,ORD0148079,P0024,2024-06-17,1,Wrong Item Delivered
RET013068,ORD0148081,P0113,2024-07-19,1,Late Delivery
RET013069,ORD0148093,P0117,2023-03-22,1,Wrong Item Delivered
RET013070,ORD0148094,P0179,2023-04-11,1,Damaged in Transit
RET013071,ORD0148099,P0137,2023-09-08,1,Quality Issue
RET013072,ORD0148129,P0132,2023-07-02,5,Other
RET013073,ORD0148142,P0181,2024-01-28,1,Damaged in Transit
RET013074,ORD0148145,P0112,2024-05-21,5,Wrong Item Delivered
RET013075,ORD0148147,P0099,2024-07-14,1,Customer Changed Mind
RET013076,ORD0148147,P0175,2024-07-26,1,Customer Changed Mind
RET013077,ORD0148155,P0191,2023-06-05,1,Wrong Item Delivered
RET013078,ORD0148158,P0156,2023-07-03,1,Damaged in Transit
RET013079,ORD0148196,P0011,2023-06-09,1,Customer Changed Mind
RET013080,ORD0148209,P0090,2024-04-17,2,Other
RET013081,ORD0148216,P0180,2023-02-12,52,Quality Issue
RET013082,ORD0148217,P0051,2023-05-16,22,Late Delivery
RET013083,ORD0148241,P0162,2024-07-17,128,Late Delivery
RET013084,ORD0148248,P0196,2023-10-11,1,Damaged in Transit
RET013085,ORD0148275,P0101,2023-04-12,1,Damaged in Transit
RET013086,ORD0148275,P0008,2023-03-31,1,Damaged in Transit
RET013087,ORD0148296,P0060,2024-02-18,1,Quality Issue
RET013088,ORD0148305,P0181,2024-09-22,1,Wrong Item Delivered
RET013089,ORD0148318,P0023,2023-11-14,193,Quality Issue
RET013090,ORD0148322,P0143,2024-09-10,11,Quality Issue
RET013091,ORD0148328,P0101,2023-02-27,1,Damaged in Transit
RET013092,ORD0148348,P0187,2024-07-29,1,Quality Issue
RET013093,ORD0148355,P0017,2023-03-26,1,Quality Issue
RET013094,ORD0148359,P0116,2023-07-01,1,Customer Changed Mind
RET013095,ORD0148376,P0133,2024-02-12,2,Wrong Item Delivered
RET013096,ORD0148383,P0173,2024-05-04,1,Damaged in Transit
RET013097,ORD0148411,P0153,2023-09-27,1,Wrong Item Delivered
RET013098,ORD0148411,P0050,2023-09-16,1,Wrong Item Delivered
RET013099,ORD0148418,P0073,2023-11-22,1,Wrong Item Delivered
RET013100,ORD0148429,P0040,2024-08-03,1,Wrong Item Delivered
RET013101,ORD0148447,P0101,2023-06-02,1,Late Delivery
RET013102,ORD0148448,P0086,2023-06-30,1,Customer Changed Mind
RET013103,ORD0148488,P0006,2023-08-29,4,Wrong Item Delivered
RET013104,ORD0148492,P0031,2023-09-28,4,Quality Issue
RET013105,ORD0148509,P0044,2023-02-17,1,Quality Issue
RET013106,ORD0148553,P0050,2023-11-05,1,Customer Changed Mind
RET013107,ORD0148560,P0121,2024-03-05,1,Wrong Item Delivered
RET013108,ORD0148576,P0050,2024-12-19,2,Customer Changed Mind
RET013109,ORD0148583,P0046,2023-04-29,1,Quality Issue
RET013110,ORD0148591,P0100,2023-12-30,1,Damaged in Transit
RET013111,ORD0148630,P0095,2024-10-13,1,Damaged in Transit
RET013112,ORD0148656,P0001,2023-08-15,1,Customer Changed Mind
RET013113,ORD0148667,P0090,2024-08-13,1,Wrong Item Delivered
RET013114,ORD0148672,P0159,2024-12-12,1,Late Delivery
RET013115,ORD0148704,P0047,2024-08-19,1,Late Delivery
RET013116,ORD0148705,P0144,2024-09-05,2,Other
RET013117,ORD0148707,P0043,2024-10-04,1,Customer Changed Mind
RET013118,ORD0148708,P0037,2024-11-18,4,Other
RET013119,ORD0148713,P0141,2023-03-06,1,Damaged in Transit
RET013120,ORD0148715,P0141,2023-03-29,1,Wrong Item Delivered
RET013121,ORD0148732,P0051,2024-01-13,1,Wrong Item Delivered
RET013122,ORD0148742,P0158,2024-06-13,1,Customer Changed Mind
RET013123,ORD0148754,P0159,2024-10-16,2,Wrong Item Delivered
RET013124,ORD0148766,P0036,2023-11-12,121,Customer Changed Mind
RET013125,ORD0148781,P0164,2023-11-16,317,Customer Changed Mind
RET013126,ORD0148783,P0122,2023-12-18,14,Other
RET013127,ORD0148790,P0195,2024-09-30,140,Damaged in Transit
RET013128,ORD0148802,P0035,2023-06-01,2,Wrong Item Delivered
RET013129,ORD0148836,P0147,2023-09-02,2,Quality Issue
RET013130,ORD0148869,P0095,2024-01-04,1,Customer Changed Mind
RET013131,ORD0148887,P0024,2024-07-01,244,Other
RET013132,ORD0148893,P0030,2023-03-28,1,Damaged in Transit
RET013133,ORD0148901,P0128,2023-07-24,2,Quality Issue
RET013134,ORD0148934,P0037,2024-12-04,1,Damaged in Transit
RET013135,ORD0148934,P0003,2024-11-23,1,Damaged in Transit
RET013136,ORD0148954,P0148,2024-02-10,1,Damaged in Transit
RET013137,ORD0148976,P0144,2023-04-25,2,Customer Changed Mind
RET013138,ORD0148994,P0026,2024-11-03,38,Customer Changed Mind
RET013139,ORD0149012,P0170,2023-03-28,1,Wrong Item Delivered
RET013140,ORD0149031,P0042,2024-12-28,4,Customer Changed Mind
RET013141,ORD0149039,P0047,2023-11-17,15,Customer Changed Mind
RET013142,ORD0149041,P0091,2024-02-06,43,Wrong Item Delivered
RET013143,ORD0149048,P0106,2023-01-22,1,Quality Issue
RET013144,ORD0149059,P0182,2023-06-24,1,Quality Issue
RET013145,ORD0149060,P0142,2023-06-30,1,Wrong Item Delivered
RET013146,ORD0149072,P0032,2023-12-13,1,Damaged in Transit
RET013147,ORD0149085,P0079,2024-06-12,1,Damaged in Transit
RET013148,ORD0149085,P0118,2024-06-14,2,Damaged in Transit
RET013149,ORD0149100,P0106,2023-02-26,3,Damaged in Transit
RET013150,ORD0149100,P0080,2023-02-23,1,Damaged in Transit
RET013151,ORD0149106,P0049,2023-10-31,2,Quality Issue
RET013152,ORD0149123,P0198,2023-05-08,4,Wrong Item Delivered
RET013153,ORD0149129,P0094,2023-11-07,4,Customer Changed Mind
RET013154,ORD0149153,P0187,2023-05-05,2,Damaged in Transit
RET013155,ORD0149153,P0108,2023-04-30,1,Damaged in Transit
RET013156,ORD0149174,P0062,2024-01-05,1,Quality Issue
RET013157,ORD0149194,P0044,2023-04-04,2,Damaged in Transit
RET013158,ORD0149203,P0032,2023-09-26,3,Other
RET013159,ORD0149214,P0025,2024-09-24,1,Customer Changed Mind
RET013160,ORD0149222,P0135,2023-03-10,2,Wrong Item Delivered
RET013161,ORD0149223,P0122,2023-04-08,1,Other
RET013162,ORD0149228,P0025,2023-05-26,1,Quality Issue
RET013163,ORD0149234,P0106,2023-11-04,1,Quality Issue
RET013164,ORD0149246,P0182,2024-08-07,1,Wrong Item Delivered
RET013165,ORD0149246,P0113,2024-08-03,1,Wrong Item Delivered
RET013166,ORD0149264,P0102,2024-10-02,70,Quality Issue
RET013167,ORD0149265,P0003,2023-02-24,1,Quality Issue
RET013168,ORD0149276,P0149,2024-02-18,2,Quality Issue
RET013169,ORD0149279,P0192,2024-05-06,1,Quality Issue
RET013170,ORD0149309,P0165,2024-01-06,1,Damaged in Transit
RET013171,ORD0149354,P0093,2023-04-10,1,Wrong Item Delivered
RET013172,ORD0149358,P0196,2023-09-26,233,Other
RET013173,ORD0149359,P0051,2023-11-27,206,Late Delivery
RET013174,ORD0149372,P0022,2024-01-13,130,Quality Issue
RET013175,ORD0149385,P0077,2023-10-18,117,Quality Issue
RET013176,ORD0149386,P0122,2023-11-06,147,Quality Issue
RET013177,ORD0149396,P0144,2024-08-10,42,Other
RET013178,ORD0149399,P0186,2024-11-03,214,Wrong Item Delivered
RET013179,ORD0149401,P0128,2023-03-29,1,Customer Changed Mind
RET013180,ORD0149414,P0159,2023-08-04,1,Damaged in Transit
RET013181,ORD0149420,P0004,2023-11-07,1,Quality Issue
RET013182,ORD0149424,P0114,2023-12-16,1,Quality Issue
RET013183,ORD0149431,P0037,2024-05-16,1,Wrong Item Delivered
RET013184,ORD0149443,P0186,2023-04-07,1,Customer Changed Mind
RET013185,ORD0149445,P0137,2023-08-12,1,Damaged in Transit
RET013186,ORD0149448,P0141,2023-10-31,1,Customer Changed Mind
RET013187,ORD0149449,P0168,2023-11-18,1,Damaged in Transit
RET013188,ORD0149450,P0107,2023-11-26,1,Late Delivery
RET013189,ORD0149452,P0162,2023-12-10,1,Wrong Item Delivered
RET013190,ORD0149475,P0183,2024-09-26,2,Customer Changed Mind
RET013191,ORD0149485,P0179,2023-05-27,1,Late Delivery
RET013192,ORD0149505,P0088,2024-05-28,1,Late Delivery
RET013193,ORD0149514,P0047,2023-01-11,5,Damaged in Transit
RET013194,ORD0149530,P0198,2024-12-05,1,Damaged in Transit
RET013195,ORD0149535,P0060,2023-01-30,1,Late Delivery
RET013196,ORD0149549,P0028,2023-12-19,2,Wrong Item Delivered
RET013197,ORD0149606,P0148,2023-06-29,1,Wrong Item Delivered
RET013198,ORD0149615,P0199,2023-12-22,1,Damaged in Transit
RET013199,ORD0149617,P0098,2024-01-08,1,Damaged in Transit
RET013200,ORD0149621,P0027,2024-02-16,1,Wrong Item Delivered
RET013201,ORD0149641,P0110,2024-11-06,1,Customer Changed Mind
RET013202,ORD0149646,P0042,2024-12-30,1,Customer Changed Mind
RET013203,ORD0149655,P0114,2023-05-07,2,Other
RET013204,ORD0149659,P0121,2023-08-13,1,Quality Issue
RET013205,ORD0149669,P0122,2023-12-25,1,Customer Changed Mind
RET013206,ORD0149677,P0016,2024-05-24,1,Damaged in Transit
RET013207,ORD0149700,P0146,2023-06-20,1,Customer Changed Mind
RET013208,ORD0149709,P0198,2024-05-06,3,Late Delivery
RET013209,ORD0149716,P0023,2024-11-13,1,Wrong Item Delivered
RET013210,ORD0149729,P0115,2024-02-05,285,Wrong Item Delivered
RET013211,ORD0149744,P0190,2024-04-28,5,Damaged in Transit
RET013212,ORD0149750,P0020,2023-03-18,2,Customer Changed Mind
RET013213,ORD0149755,P0195,2023-10-28,1,Late Delivery
RET013214,ORD0149759,P0025,2024-02-02,1,Late Delivery
RET013215,ORD0149765,P0062,2024-07-12,1,Wrong Item Delivered
RET013216,ORD0149778,P0182,2023-09-04,5,Other
RET013217,ORD0149808,P0181,2024-07-19,3,Customer Changed Mind
RET013218,ORD0149816,P0108,2023-02-12,3,Quality Issue
RET013219,ORD0149826,P0063,2023-11-26,2,Late Delivery
RET013220,ORD0149835,P0149,2024-05-13,3,Quality Issue
RET013221,ORD0149836,P0023,2024-07-07,2,Quality Issue
RET013222,ORD0149840,P0153,2024-11-21,1,Damaged in Transit
RET013223,ORD0149866,P0015,2024-06-13,1,Customer Changed Mind
RET013224,ORD0149869,P0031,2024-08-01,1,Customer Changed Mind
RET013225,ORD0149873,P0154,2024-12-20,1,Other
RET013226,ORD0149874,P0029,2023-01-16,2,Wrong Item Delivered
RET013227,ORD0149894,P0149,2023-01-26,14,Quality Issue
RET013228,ORD0149903,P0029,2024-05-20,4,Quality Issue
RET013229,ORD0149922,P0010,2023-10-23,1,Quality Issue
RET013230,ORD0149958,P0005,2023-03-16,1,Damaged in Transit
RET013231,ORD0149979,P0144,2024-01-23,1,Other
RET013232,ORD0149985,P0059,2024-04-15,1,Wrong Item Delivered
RET013233,ORD0149995,P0193,2024-09-28,1,Other
RET013234,ORD0149998,P0084,2024-10-02,1,Wrong Item Delivered
RET013235,ORD0150016,P0064,2024-06-06,9,Damaged in Transit
RET013236,ORD0150037,P0013,2024-01-22,3,Quality Issue
RET013237,ORD0150046,P0060,2024-10-28,5,Customer Changed Mind
RET013238,ORD0150052,P0144,2023-03-10,1,Wrong Item Delivered
RET013239,ORD0150054,P0159,2023-04-02,1,Damaged in Transit
RET013240,ORD0150072,P0106,2023-11-10,1,Quality Issue
RET013241,ORD0150078,P0037,2024-02-02,1,Late Delivery
RET013242,ORD0150109,P0068,2024-05-12,1,Wrong Item Delivered
RET013243,ORD0150114,P0148,2024-11-11,4,Customer Changed Mind
RET013244,ORD0150120,P0162,2023-04-30,4,Wrong Item Delivered
RET013245,ORD0150132,P0036,2024-02-26,1,Quality Issue
RET013246,ORD0150141,P0073,2024-06-25,1,Quality Issue
RET013247,ORD0150157,P0032,2023-06-18,1,Late Delivery
RET013248,ORD0150203,P0188,2024-03-04,2,Quality Issue
RET013249,ORD0150209,P0031,2024-06-29,1,Customer Changed Mind
RET013250,ORD0150242,P0152,2023-01-25,4,Quality Issue
RET013251,ORD0150250,P0003,2023-08-02,4,Late Delivery
RET013252,ORD0150265,P0091,2024-11-21,1,Wrong Item Delivered
RET013253,ORD0150295,P0119,2023-06-05,2,Quality Issue
RET013254,ORD0150301,P0121,2024-02-05,1,Quality Issue
RET013255,ORD0150302,P0085,2024-02-17,1,Late Delivery
RET013256,ORD0150341,P0048,2024-10-30,1,Quality Issue
RET013257,ORD0150354,P0003,2023-06-13,1,Wrong Item Delivered
RET013258,ORD0150355,P0015,2023-06-21,2,Late Delivery
RET013259,ORD0150359,P0110,2023-07-10,4,Wrong Item Delivered
RET013260,ORD0150360,P0093,2023-08-19,4,Late Delivery
RET013261,ORD0150388,P0001,2023-11-26,1,Damaged in Transit
RET013262,ORD0150389,P0179,2023-11-29,1,Damaged in Transit
RET013263,ORD0150396,P0032,2024-03-04,1,Wrong Item Delivered
RET013264,ORD0150405,P0155,2024-07-25,1,Wrong Item Delivered
RET013265,ORD0150431,P0074,2024-03-09,1,Other
RET013266,ORD0150439,P0130,2024-06-23,1,Quality Issue
RET013267,ORD0150449,P0080,2024-11-10,2,Damaged in Transit
RET013268,ORD0150460,P0149,2023-09-01,1,Damaged in Transit
RET013269,ORD0150467,P0168,2023-12-20,1,Wrong Item Delivered
RET013270,ORD0150472,P0089,2024-05-21,1,Other
RET013271,ORD0150510,P0039,2024-03-24,2,Quality Issue
RET013272,ORD0150529,P0185,2023-04-12,206,Other
RET013273,ORD0150540,P0171,2024-10-14,15,Quality Issue
RET013274,ORD0150542,P0162,2023-02-01,2,Customer Changed Mind
RET013275,ORD0150546,P0073,2023-02-14,2,Wrong Item Delivered
RET013276,ORD0150576,P0013,2023-01-25,1,Wrong Item Delivered
RET013277,ORD0150577,P0107,2023-02-02,1,Customer Changed Mind
RET013278,ORD0150579,P0180,2023-05-20,4,Customer Changed Mind
RET013279,ORD0150581,P0015,2023-05-19,1,Damaged in Transit
RET013280,ORD0150585,P0123,2023-07-25,1,Late Delivery
RET013281,ORD0150591,P0068,2023-12-20,1,Late Delivery
RET013282,ORD0150595,P0025,2024-06-09,1,Damaged in Transit
RET013283,ORD0150607,P0019,2023-02-26,1,Damaged in Transit
RET013284,ORD0150615,P0106,2024-02-03,3,Quality Issue
RET013285,ORD0150623,P0186,2024-06-05,1,Wrong Item Delivered
RET013286,ORD0150624,P0087,2024-07-12,1,Customer Changed Mind
RET013287,ORD0150624,P0130,2024-07-14,1,Quality Issue
RET013288,ORD0150627,P0131,2024-09-06,1,Customer Changed Mind
RET013289,ORD0150640,P0185,2023-05-31,1,Quality Issue
RET013290,ORD0150641,P0042,2023-06-07,1,Damaged in Transit
RET013291,ORD0150665,P0124,2024-11-23,1,Wrong Item Delivered
RET013292,ORD0150671,P0087,2023-04-28,1,Damaged in Transit
RET013293,ORD0150674,P0078,2023-05-30,2,Customer Changed Mind
RET013294,ORD0150697,P0179,2024-04-29,1,Late Delivery
RET013295,ORD0150699,P0146,2024-05-08,1,Customer Changed Mind
RET013296,ORD0150744,P0030,2024-03-13,1,Damaged in Transit
RET013297,ORD0150752,P0079,2024-08-17,1,Late Delivery
RET013298,ORD0150773,P0083,2023-07-22,1,Quality Issue
RET013299,ORD0150808,P0019,2023-06-07,70,Damaged in Transit
RET013300,ORD0150817,P0095,2023-11-23,8,Quality Issue
RET013301,ORD0150838,P0111,2023-08-23,1,Wrong Item Delivered
RET013302,ORD0150878,P0029,2023-11-10,2,Customer Changed Mind
RET013303,ORD0150880,P0148,2023-12-16,1,Wrong Item Delivered
RET013304,ORD0150892,P0167,2024-08-30,1,Wrong Item Delivered
RET013305,ORD0150898,P0089,2024-11-26,1,Customer Changed Mind
RET013306,ORD0150905,P0134,2023-12-25,11,Customer Changed Mind
RET013307,ORD0150907,P0052,2024-08-17,239,Late Delivery
RET013308,ORD0150925,P0029,2024-02-11,1,Damaged in Transit
RET013309,ORD0150926,P0061,2024-02-16,1,Customer Changed Mind
RET013310,ORD0150929,P0095,2024-07-15,3,Quality Issue
RET013311,ORD0150954,P0117,2024-07-16,28,Wrong Item Delivered
RET013312,ORD0150960,P0099,2024-11-04,69,Quality Issue
RET013313,ORD0150970,P0112,2023-06-09,2,Customer Changed Mind
RET013314,ORD0150979,P0023,2024-02-05,1,Wrong Item Delivered
RET013315,ORD0150986,P0024,2024-06-02,2,Wrong Item Delivered
RET013316,ORD0151005,P0117,2024-04-13,1,Wrong Item Delivered
RET013317,ORD0151011,P0004,2024-07-27,1,Customer Changed Mind
RET013318,ORD0151037,P0063,2023-09-18,1,Customer Changed Mind
RET013319,ORD0151040,P0027,2023-11-11,1,Other
RET013320,ORD0151044,P0191,2024-01-25,1,Late Delivery
RET013321,ORD0151049,P0156,2024-05-09,1,Customer Changed Mind
RET013322,ORD0151066,P0143,2023-03-25,3,Other
RET013323,ORD0151096,P0159,2023-03-17,1,Customer Changed Mind
RET013324,ORD0151102,P0095,2023-05-24,1,Late Delivery
RET013325,ORD0151113,P0157,2024-02-04,1,Late Delivery
RET013326,ORD0151119,P0034,2024-05-19,1,Wrong Item Delivered
RET013327,ORD0151119,P0192,2024-05-22,1,Wrong Item Delivered
RET013328,ORD0151144,P0163,2023-06-08,1,Wrong Item Delivered
RET013329,ORD0151157,P0034,2023-12-13,1,Customer Changed Mind
RET013330,ORD0151161,P0088,2024-02-17,1,Damaged in Transit
RET013331,ORD0151181,P0044,2023-08-05,67,Damaged in Transit
RET013332,ORD0151187,P0177,2024-02-07,107,Wrong Item Delivered
RET013333,ORD0151189,P0196,2024-03-13,9,Damaged in Transit
RET013334,ORD0151199,P0131,2023-05-11,1,Quality Issue
RET013335,ORD0151208,P0053,2023-10-09,1,Customer Changed Mind
RET013336,ORD0151218,P0179,2023-12-26,2,Other
RET013337,ORD0151225,P0116,2024-06-21,1,Quality Issue
RET013338,ORD0151226,P0010,2024-07-29,1,Damaged in Transit
RET013339,ORD0151227,P0159,2024-07-15,1,Other
RET013340,ORD0151238,P0144,2023-03-22,3,Customer Changed Mind
RET013341,ORD0151241,P0200,2023-07-04,3,Damaged in Transit
RET013342,ORD0151244,P0196,2023-10-03,2,Damaged in Transit
RET013343,ORD0151249,P0084,2023-12-22,1,Wrong Item Delivered
RET013344,ORD0151259,P0058,2024-08-04,4,Damaged in Transit
RET013345,ORD0151260,P0062,2024-08-21,3,Quality Issue
RET013346,ORD0151265,P0039,2024-12-05,1,Wrong Item Delivered
RET013347,ORD0151278,P0179,2023-09-11,250,Customer Changed Mind
RET013348,ORD0151315,P0015,2024-05-10,1,Damaged in Transit
RET013349,ORD0151329,P0027,2024-12-24,1,Customer Changed Mind
RET013350,ORD0151336,P0109,2023-01-30,2,Customer Changed Mind
RET013351,ORD0151351,P0191,2023-10-28,1,Damaged in Transit
RET013352,ORD0151372,P0059,2023-06-15,1,Quality Issue
RET013353,ORD0151388,P0079,2024-07-24,1,Wrong Item Delivered
RET013354,ORD0151405,P0083,2023-05-06,1,Damaged in Transit
RET013355,ORD0151451,P0111,2023-06-08,2,Wrong Item Delivered
RET013356,ORD0151463,P0100,2024-05-10,1,Damaged in Transit
RET013357,ORD0151466,P0093,2024-08-03,1,Customer Changed Mind
RET013358,ORD0151467,P0094,2024-09-01,4,Other
RET013359,ORD0151468,P0157,2024-11-12,2,Other
RET013360,ORD0151471,P0199,2023-03-25,15,Customer Changed Mind
RET013361,ORD0151541,P0152,2024-02-08,1,Quality Issue
RET013362,ORD0151555,P0036,2024-10-24,1,Late Delivery
RET013363,ORD0151570,P0183,2023-05-27,1,Damaged in Transit
RET013364,ORD0151576,P0195,2023-11-10,3,Wrong Item Delivered
RET013365,ORD0151600,P0077,2023-06-23,3,Customer Changed Mind
RET013366,ORD0151600,P0106,2023-06-28,1,Customer Changed Mind
RET013367,ORD0151607,P0087,2024-05-22,1,Wrong Item Delivered
RET013368,ORD0151638,P0149,2023-08-18,1,Damaged in Transit
RET013369,ORD0151641,P0032,2023-10-22,2,Damaged in Transit
RET013370,ORD0151643,P0127,2024-01-25,1,Damaged in Transit
RET013371,ORD0151665,P0108,2023-12-27,92,Damaged in Transit
RET013372,ORD0151670,P0152,2024-12-08,335,Late Delivery
RET013373,ORD0151679,P0045,2023-12-13,47,Wrong Item Delivered
RET013374,ORD0151684,P0071,2024-10-05,2,Other
RET013375,ORD0151691,P0107,2023-02-26,169,Damaged in Transit
RET013376,ORD0151700,P0166,2024-03-29,38,Customer Changed Mind
RET013377,ORD0151705,P0098,2024-10-18,26,Damaged in Transit
RET013378,ORD0151721,P0034,2024-11-01,75,Damaged in Transit
RET013379,ORD0151748,P0087,2024-06-11,2,Customer Changed Mind
RET013380,ORD0151750,P0004,2024-08-03,1,Customer Changed Mind
RET013381,ORD0151755,P0031,2024-12-20,3,Quality Issue
RET013382,ORD0151758,P0027,2023-04-06,1,Customer Changed Mind
RET013383,ORD0151758,P0057,2023-04-03,1,Late Delivery
RET013384,ORD0151761,P0021,2023-05-05,1,Late Delivery
RET013385,ORD0151775,P0032,2024-02-07,1,Quality Issue
RET013386,ORD0151777,P0065,2024-04-11,1,Late Delivery
RET013387,ORD0151817,P0129,2024-07-19,2,Quality Issue
RET013388,ORD0151825,P0185,2023-03-04,1,Customer Changed Mind
RET013389,ORD0151826,P0196,2023-03-12,1,Wrong Item Delivered
RET013390,ORD0151833,P0089,2023-06-29,1,Wrong Item Delivered
RET013391,ORD0151843,P0131,2023-10-23,1,Quality Issue
RET013392,ORD0151858,P0077,2024-06-25,1,Wrong Item Delivered
RET013393,ORD0151860,P0191,2024-07-14,1,Quality Issue
RET013394,ORD0151860,P0187,2024-07-09,1,Customer Changed Mind
RET013395,ORD0151865,P0132,2024-11-24,1,Customer Changed Mind
RET013396,ORD0151882,P0137,2023-11-25,3,Customer Changed Mind
RET013397,ORD0151886,P0075,2024-03-02,16,Late Delivery
RET013398,ORD0151894,P0163,2023-02-26,11,Damaged in Transit
RET013399,ORD0151896,P0128,2023-04-29,3,Customer Changed Mind
RET013400,ORD0151904,P0073,2024-01-04,12,Late Delivery
RET013401,ORD0151920,P0135,2024-01-07,151,Quality Issue
RET013402,ORD0151952,P0007,2024-03-05,1,Customer Changed Mind
RET013403,ORD0151974,P0159,2023-03-03,2,Damaged in Transit
RET013404,ORD0152002,P0082,2024-02-22,1,Damaged in Transit
RET013405,ORD0152019,P0061,2023-08-12,5,Damaged in Transit
RET013406,ORD0152026,P0157,2024-02-07,1,Quality Issue
RET013407,ORD0152046,P0090,2023-06-29,2,Wrong Item Delivered
RET013408,ORD0152070,P0113,2024-08-14,1,Customer Changed Mind
RET013409,ORD0152083,P0155,2023-07-13,1,Damaged in Transit
RET013410,ORD0152087,P0095,2024-01-07,2,Customer Changed Mind
RET013411,ORD0152111,P0109,2024-06-09,185,Other
RET013412,ORD0152115,P0013,2023-02-06,1,Other
RET013413,ORD0152127,P0177,2024-02-08,1,Late Delivery
RET013414,ORD0152158,P0200,2024-05-12,3,Other
RET013415,ORD0152161,P0003,2024-07-06,3,Customer Changed Mind
RET013416,ORD0152187,P0058,2024-03-22,3,Customer Changed Mind
RET013417,ORD0152194,P0062,2024-12-31,1,Other
RET013418,ORD0152202,P0035,2024-07-15,155,Customer Changed Mind
RET013419,ORD0152203,P0068,2024-11-11,64,Late Delivery
RET013420,ORD0152212,P0132,2023-05-31,1,Wrong Item Delivered
RET013421,ORD0152215,P0146,2023-07-10,1,Other
RET013422,ORD0152221,P0104,2023-10-26,2,Quality Issue
RET013423,ORD0152230,P0108,2024-02-10,1,Wrong Item Delivered
RET013424,ORD0152234,P0098,2024-03-22,1,Customer Changed Mind
RET013425,ORD0152245,P0194,2024-10-02,1,Customer Changed Mind
RET013426,ORD0152250,P0179,2024-11-19,1,Quality Issue
RET013427,ORD0152262,P0108,2023-06-15,1,Wrong Item Delivered
RET013428,ORD0152262,P0111,2023-06-01,1,Wrong Item Delivered
RET013429,ORD0152271,P0026,2023-11-13,2,Wrong Item Delivered
RET013430,ORD0152297,P0064,2024-05-08,263,Late Delivery
RET013431,ORD0152320,P0070,2024-04-23,3,Customer Changed Mind
RET013432,ORD0152326,P0077,2024-07-17,2,Late Delivery
RET013433,ORD0152343,P0100,2023-06-01,1,Damaged in Transit
RET013434,ORD0152360,P0061,2024-06-15,1,Wrong Item Delivered
RET013435,ORD0152379,P0191,2023-06-29,1,Other
RET013436,ORD0152390,P0105,2024-01-16,2,Late Delivery
RET013437,ORD0152398,P0008,2024-05-31,1,Wrong Item Delivered
RET013438,ORD0152403,P0051,2024-07-30,1,Customer Changed Mind
RET013439,ORD9999999,P0129,2023-06-29,1,Damaged in Transit
RET013440,ORD0152416,P0200,2023-07-02,1,Damaged in Transit
RET013441,ORD0152419,P0084,2023-09-14,1,Customer Changed Mind
RET013442,ORD0152430,P0187,2024-05-08,1,Quality Issue
RET013443,ORD0152440,P0129,2024-10-07,1,Quality Issue
RET013444,ORD0152453,P0060,2023-03-26,1,Customer Changed Mind
RET013445,ORD0152455,P0047,2023-07-06,1,Wrong Item Delivered
RET013446,ORD0152475,P0001,2024-04-20,1,Damaged in Transit
RET013447,ORD0152476,P0159,2024-04-21,1,Customer Changed Mind
RET013448,ORD0152484,P0141,2024-09-19,1,Customer Changed Mind
RET013449,ORD0152488,P0158,2024-12-23,1,Customer Changed Mind
RET013450,ORD0152510,P0194,2024-04-11,1,Damaged in Transit
RET013451,ORD0152531,P0047,2023-03-19,1,Customer Changed Mind
RET013452,ORD0152534,P0021,2023-04-10,1,Wrong Item Delivered
RET013453,ORD0152542,P0109,2023-10-28,1,Customer Changed Mind
RET013454,ORD0152543,P0045,2023-10-30,1,Quality Issue
RET013455,ORD0152584,P0045,2024-07-08,17,Quality Issue
RET013456,ORD0152590,P0120,2023-02-19,39,Late Delivery
RET013457,ORD0152598,P0015,2024-03-18,199,Late Delivery
RET013458,ORD0152602,P0050,2024-07-10,100,Late Delivery
RET013459,ORD0152618,P0085,2023-10-01,1,Late Delivery
RET013460,ORD0152629,P0093,2024-03-01,1,Wrong Item Delivered
RET013461,ORD0152636,P0181,2024-06-29,1,Customer Changed Mind
RET013462,ORD0152637,P0005,2024-07-04,2,Late Delivery
RET013463,ORD0152638,P0036,2024-07-21,1,Quality Issue
RET013464,ORD0152655,P0126,2023-02-27,2,Damaged in Transit
RET013465,ORD0152657,P0070,2023-04-07,1,Wrong Item Delivered
RET013466,ORD0152658,P0089,2023-06-07,1,Customer Changed Mind
RET013467,ORD0152665,P0053,2024-04-27,1,Damaged in Transit
RET013468,ORD0152676,P0165,2024-10-01,1,Customer Changed Mind
RET013469,ORD0152702,P0162,2024-02-21,1,Wrong Item Delivered
RET013470,ORD0152702,P0126,2024-02-04,2,Wrong Item Delivered
RET013471,ORD0152713,P0157,2024-11-04,1,Other
RET013472,ORD0152734,P0062,2023-11-17,1,Damaged in Transit
RET013473,ORD0152759,P0111,2023-11-08,1,Customer Changed Mind
RET013474,ORD0152770,P0087,2024-05-13,1,Customer Changed Mind
RET013475,ORD0152772,P0180,2024-09-15,1,Damaged in Transit
RET013476,ORD0152801,P0131,2024-07-27,1,Late Delivery
RET013477,ORD0152804,P0175,2024-11-13,5,Customer Changed Mind
RET013478,ORD0152832,P0119,2023-04-02,23,Damaged in Transit
RET013479,ORD0152833,P0148,2023-04-08,1,Quality Issue
RET013480,ORD0152840,P0079,2024-01-08,5,Quality Issue
RET013481,ORD0152848,P0177,2024-06-04,57,Customer Changed Mind
RET013482,ORD0152857,P0004,2023-03-03,1,Customer Changed Mind
RET013483,ORD9999999,P0026,2023-04-03,1,Quality Issue
RET013484,ORD0152862,P0036,2023-05-06,1,Damaged in Transit
RET013485,ORD0152862,P0016,2023-05-07,1,Damaged in Transit
RET013486,ORD0152864,P0108,2023-07-03,1,Other
RET013487,ORD0152869,P0034,2023-11-01,1,Customer Changed Mind
RET013488,ORD0152879,P0092,2024-05-21,1,Wrong Item Delivered
RET013489,ORD0152894,P0181,2024-10-03,1,Damaged in Transit
RET013490,ORD0152907,P0099,2023-04-14,1,Quality Issue
RET013491,ORD0152918,P0036,2023-12-18,4,Wrong Item Delivered
RET013492,ORD0152950,P0049,2024-03-20,2,Wrong Item Delivered
RET013493,ORD0152962,P0047,2023-03-13,2,Damaged in Transit
RET013494,ORD0152972,P0036,2023-05-24,1,Quality Issue
RET013495,ORD0153009,P0026,2023-02-07,1,Wrong Item Delivered
RET013496,ORD0153009,P0108,2023-02-20,1,Wrong Item Delivered
RET013497,ORD0153014,P0180,2023-05-13,1,Wrong Item Delivered
RET013498,ORD0153019,P0020,2023-09-12,2,Quality Issue
RET013499,ORD0153023,P0135,2023-11-27,1,Quality Issue
RET013500,ORD0153045,P0034,2024-09-20,1,Damaged in Transit
RET013501,ORD0153053,P0162,2023-01-22,2,Customer Changed Mind
RET013502,ORD0153055,P0179,2023-02-07,1,Customer Changed Mind
RET013503,ORD0153059,P0017,2023-04-26,5,Damaged in Transit
RET013504,ORD0153071,P0150,2024-02-09,1,Quality Issue
RET013505,ORD0153072,P0107,2024-02-12,4,Damaged in Transit
RET013506,ORD0153073,P0136,2024-03-26,1,Quality Issue
RET013507,ORD0153084,P0183,2024-12-24,2,Other
RET013508,ORD0153103,P0139,2024-06-14,5,Customer Changed Mind
RET013509,ORD0153110,P0029,2023-05-01,1,Late Delivery
RET013510,ORD0153113,P0188,2023-05-26,1,Quality Issue
RET013511,ORD0153134,P0193,2023-12-22,1,Wrong Item Delivered
RET013512,ORD0153137,P0075,2024-03-18,1,Damaged in Transit
RET013513,ORD0153150,P0012,2024-11-06,1,Wrong Item Delivered
RET013514,ORD0153164,P0040,2023-10-08,4,Late Delivery
RET013515,ORD0153170,P0159,2024-03-16,2,Quality Issue
RET013516,ORD0153173,P0134,2024-04-15,3,Damaged in Transit
RET013517,ORD0153178,P0085,2024-07-13,1,Customer Changed Mind
RET013518,ORD0153179,P0176,2024-09-22,2,Damaged in Transit
RET013519,ORD0153184,P0029,2024-12-28,1,Customer Changed Mind
RET013520,ORD0153188,P0187,2023-05-15,5,Wrong Item Delivered
RET013521,ORD0153207,P0123,2024-07-24,5,Customer Changed Mind
RET013522,ORD0153252,P0133,2023-09-02,1,Damaged in Transit
RET013523,ORD0153257,P0144,2023-08-31,2,Wrong Item Delivered
RET013524,ORD0153271,P0159,2024-04-11,1,Quality Issue
RET013525,ORD0153278,P0197,2024-06-19,1,Damaged in Transit
RET013526,ORD0153288,P0062,2024-11-02,1,Quality Issue
RET013527,ORD0153300,P0182,2023-09-22,1,Customer Changed Mind
RET013528,ORD0153301,P0090,2023-09-18,1,Quality Issue
RET013529,ORD0153310,P0028,2024-07-14,1,Other
RET013530,ORD0153313,P0003,2024-08-01,2,Damaged in Transit
RET013531,ORD0153317,P0198,2024-10-15,1,Late Delivery
RET013532,ORD0153342,P0186,2024-09-21,5,Other
RET013533,ORD0153355,P0031,2023-05-04,1,Customer Changed Mind
RET013534,ORD0153359,P0058,2023-05-31,1,Damaged in Transit
RET013535,ORD0153362,P0015,2023-08-01,5,Damaged in Transit
RET013536,ORD0153362,P0146,2023-07-22,1,Damaged in Transit
RET013537,ORD0153369,P0053,2023-11-10,1,Damaged in Transit
RET013538,ORD0153378,P0109,2024-07-31,2,Late Delivery
RET013539,ORD0153384,P0004,2023-03-01,2,Customer Changed Mind
RET013540,ORD0153389,P0064,2023-07-21,1,Quality Issue
RET013541,ORD0153392,P0142,2023-11-06,3,Wrong Item Delivered
RET013542,ORD0153400,P0162,2024-05-16,1,Customer Changed Mind
RET013543,ORD0153404,P0047,2024-07-27,2,Customer Changed Mind
RET013544,ORD0153451,P0038,2024-12-31,1,Damaged in Transit
RET013545,ORD0153458,P0007,2023-08-10,210,Quality Issue
RET013546,ORD0153465,P0137,2024-07-12,105,Customer Changed Mind
RET013547,ORD0153491,P0068,2023-12-06,1,Quality Issue
RET013548,ORD0153499,P0088,2024-03-26,1,Quality Issue
RET013549,ORD0153509,P0066,2024-10-23,1,Wrong Item Delivered
RET013550,ORD0153516,P0174,2023-04-09,13,Quality Issue
RET013551,ORD0153523,P0181,2024-01-19,9,Wrong Item Delivered
RET013552,ORD0153527,P0189,2024-07-12,33,Customer Changed Mind
RET013553,ORD0153562,P0014,2024-03-26,2,Quality Issue
RET013554,ORD0153597,P0083,2023-11-01,9,Damaged in Transit
RET013555,ORD0153606,P0119,2024-06-21,8,Customer Changed Mind
RET013556,ORD0153614,P0126,2023-04-29,1,Customer Changed Mind
RET013557,ORD0153656,P0011,2023-02-22,3,Damaged in Transit
RET013558,ORD0153659,P0120,2023-04-23,1,Quality Issue
RET013559,ORD0153672,P0028,2024-03-18,5,Customer Changed Mind
RET013560,ORD0153689,P0132,2023-04-13,1,Other
RET013561,ORD0153715,P0136,2024-04-15,1,Quality Issue
RET013562,ORD0153721,P0085,2024-06-21,1,Other
RET013563,ORD0153732,P0157,2024-11-06,2,Quality Issue
RET013564,ORD0153764,P0149,2024-06-14,1,Wrong Item Delivered
RET013565,ORD0153784,P0095,2023-08-31,21,Damaged in Transit
RET013566,ORD0153811,P0198,2024-06-14,3,Quality Issue
RET013567,ORD0153828,P0008,2024-10-14,53,Late Delivery
RET013568,ORD0153838,P0088,2023-03-30,1,Damaged in Transit
RET013569,ORD0153839,P0048,2023-03-25,1,Damaged in Transit
RET013570,ORD0153844,P0135,2023-08-26,1,Wrong Item Delivered
RET013571,ORD0153881,P0077,2024-11-25,1,Damaged in Transit
RET013572,ORD0153896,P0198,2023-10-26,27,Damaged in Transit
RET013573,ORD0153910,P0025,2024-12-12,47,Damaged in Transit
RET013574,ORD0153914,P0196,2023-02-23,1,Other
RET013575,ORD0153931,P0074,2023-10-12,1,Damaged in Transit
RET013576,ORD0153933,P0196,2023-11-08,2,Customer Changed Mind
RET013577,ORD0153940,P0168,2024-09-16,1,Customer Changed Mind
RET013578,ORD0153942,P0028,2024-11-04,1,Wrong Item Delivered
RET013579,ORD0153974,P0001,2023-06-30,3,Late Delivery
RET013580,ORD0153988,P0027,2024-08-18,4,Damaged in Transit
RET013581,ORD0153992,P0083,2024-10-21,1,Damaged in Transit
RET013582,ORD0154006,P0060,2023-07-02,6,Quality Issue
RET013583,ORD0154014,P0028,2024-04-08,47,Wrong Item Delivered
RET013584,ORD0154016,P0117,2024-07-11,50,Damaged in Transit
RET013585,ORD0154021,P0025,2024-08-19,23,Damaged in Transit
RET013586,ORD0154052,P0094,2024-11-24,1,Wrong Item Delivered
RET013587,ORD0154057,P0110,2023-04-15,269,Damaged in Transit
RET013588,ORD0154064,P0191,2024-05-22,10,Customer Changed Mind
RET013589,ORD0154067,P0146,2024-09-02,27,Customer Changed Mind
RET013590,ORD0154075,P0107,2023-02-17,1,Damaged in Transit
RET013591,ORD0154085,P0004,2023-06-22,2,Damaged in Transit
RET013592,ORD0154086,P0038,2023-07-10,1,Quality Issue
RET013593,ORD0154096,P0142,2023-12-29,1,Other
RET013594,ORD0154098,P0094,2024-01-21,2,Damaged in Transit
RET013595,ORD0154101,P0068,2024-03-02,1,Damaged in Transit
RET013596,ORD0154110,P0051,2024-09-19,1,Quality Issue
RET013597,ORD0154129,P0098,2023-10-10,1,Damaged in Transit
RET013598,ORD0154130,P0192,2023-10-28,2,Wrong Item Delivered
RET013599,ORD0154159,P0016,2023-12-31,142,Other
RET013600,ORD0154159,P0186,2024-01-01,102,Quality Issue
RET013601,ORD0154170,P0114,2023-01-26,1,Quality Issue
RET013602,ORD0154171,P0132,2023-01-27,1,Quality Issue
RET013603,ORD0154176,P0159,2023-04-14,2,Quality Issue
RET013604,ORD0154183,P0016,2023-07-17,1,Other
RET013605,ORD9999999,P0084,2023-09-07,1,Wrong Item Delivered
RET013606,ORD0154187,P0100,2023-09-10,1,Wrong Item Delivered
RET013607,ORD0154191,P0044,2024-01-29,1,Customer Changed Mind
RET013608,ORD0154209,P0051,2024-10-11,1,Late Delivery
RET013609,ORD0154242,P0107,2024-03-11,1,Customer Changed Mind
RET013610,ORD0154278,P0179,2023-11-28,1,Quality Issue
RET013611,ORD0154286,P0143,2024-01-19,1,Wrong Item Delivered
RET013612,ORD0154287,P0069,2024-02-18,1,Other
RET013613,ORD0154329,P0028,2023-11-11,1,Wrong Item Delivered
RET013614,ORD0154352,P0103,2024-09-02,1,Customer Changed Mind
RET013615,ORD0154369,P0144,2024-03-07,1,Quality Issue
RET013616,ORD0154372,P0184,2024-03-20,1,Wrong Item Delivered
RET013617,ORD0154377,P0094,2024-08-02,1,Wrong Item Delivered
RET013618,ORD0154381,P0165,2024-11-22,1,Quality Issue
RET013619,ORD0154382,P0082,2024-11-08,1,Damaged in Transit
RET013620,ORD0154382,P0188,2024-11-17,1,Damaged in Transit
RET013621,ORD0154402,P0103,2023-05-27,5,Quality Issue
RET013622,ORD0154405,P0096,2023-06-27,1,Customer Changed Mind
RET013623,ORD0154436,P0187,2023-12-20,1,Wrong Item Delivered
RET013624,ORD0154457,P0130,2023-06-09,3,Late Delivery
RET013625,ORD0154463,P0181,2024-01-09,1,Wrong Item Delivered
RET013626,ORD0154466,P0037,2024-03-04,1,Customer Changed Mind
RET013627,ORD0154480,P0079,2024-09-06,1,Wrong Item Delivered
RET013628,ORD0154524,P0139,2023-11-30,1,Wrong Item Delivered
RET013629,ORD0154597,P0166,2023-04-14,1,Quality Issue
RET013630,ORD0154603,P0103,2023-08-19,2,Late Delivery
RET013631,ORD0154604,P0038,2023-09-18,2,Damaged in Transit
RET013632,ORD0154613,P0048,2024-04-04,1,Quality Issue
RET013633,ORD0154627,P0053,2024-11-01,1,Customer Changed Mind
RET013634,ORD0154642,P0094,2024-09-14,164,Quality Issue
RET013635,ORD0154656,P0135,2023-08-18,1,Quality Issue
RET013636,ORD0154670,P0101,2024-07-09,1,Damaged in Transit
RET013637,ORD0154699,P0083,2023-12-15,2,Damaged in Transit
RET013638,ORD0154711,P0050,2024-09-16,1,Late Delivery
RET013639,ORD0154725,P0087,2023-07-28,1,Customer Changed Mind
RET013640,ORD0154750,P0152,2024-12-22,4,Wrong Item Delivered
RET013641,ORD0154752,P0013,2023-02-07,20,Quality Issue
RET013642,ORD0154760,P0001,2024-03-11,6,Customer Changed Mind
RET013643,ORD0154763,P0157,2024-11-23,4,Quality Issue
RET013644,ORD0154767,P0004,2023-01-24,1,Wrong Item Delivered
RET013645,ORD0154792,P0144,2024-02-10,1,Quality Issue
RET013646,ORD0154813,P0014,2023-11-20,2,Damaged in Transit
RET013647,ORD0154833,P0113,2023-02-06,1,Quality Issue
RET013648,ORD0154869,P0135,2024-08-19,2,Wrong Item Delivered
RET013649,ORD0154875,P0094,2024-12-25,2,Damaged in Transit
RET013650,ORD0154901,P0077,2024-07-31,152,Customer Changed Mind
RET013651,ORD0154902,P0007,2024-08-19,34,Customer Changed Mind
RET013652,ORD0154910,P0188,2023-03-05,1,Damaged in Transit
RET013653,ORD0154917,P0144,2023-11-17,1,Quality Issue
RET013654,ORD0154929,P0026,2023-02-10,1,Damaged in Transit
RET013655,ORD0154931,P0183,2023-03-21,1,Damaged in Transit
RET013656,ORD0154933,P0079,2023-04-17,1,Late Delivery
RET013657,ORD0154938,P0142,2023-09-27,1,Wrong Item Delivered
RET013658,ORD0154938,P0124,2023-09-27,2,Wrong Item Delivered
RET013659,ORD0154942,P0006,2023-11-20,1,Quality Issue
RET013660,ORD0154958,P0109,2024-10-24,2,Damaged in Transit
RET013661,ORD0154987,P0137,2023-11-20,2,Customer Changed Mind
RET013662,ORD0155018,P0105,2023-04-09,274,Late Delivery
RET013663,ORD0155024,P0007,2023-09-02,5,Customer Changed Mind
RET013664,ORD0155037,P0053,2023-06-17,1,Late Delivery
RET013665,ORD0155053,P0068,2024-03-28,2,Damaged in Transit
RET013666,ORD0155055,P0073,2024-06-09,1,Damaged in Transit
RET013667,ORD0155060,P0015,2024-08-07,1,Damaged in Transit
RET013668,ORD0155093,P0013,2024-01-28,1,Late Delivery
RET013669,ORD0155099,P0198,2024-05-13,1,Damaged in Transit
RET013670,ORD0155101,P0105,2024-05-13,2,Wrong Item Delivered
RET013671,ORD0155101,P0083,2024-05-13,1,Wrong Item Delivered
RET013672,ORD0155102,P0044,2024-05-19,1,Wrong Item Delivered
RET013673,ORD0155102,P0187,2024-05-27,1,Wrong Item Delivered
RET013674,ORD0155133,P0182,2023-10-13,1,Customer Changed Mind
RET013675,ORD0155140,P0124,2024-03-04,1,Other
RET013676,ORD0155152,P0042,2024-09-20,2,Quality Issue
RET013677,ORD0155154,P0186,2024-10-16,1,Customer Changed Mind
RET013678,ORD0155180,P0021,2024-03-06,1,Damaged in Transit
RET013679,ORD0155180,P0177,2024-02-20,1,Damaged in Transit
RET013680,ORD0155207,P0146,2023-10-11,1,Late Delivery
RET013681,ORD0155228,P0050,2024-10-10,1,Other
RET013682,ORD0155239,P0027,2023-12-02,52,Quality Issue
RET013683,ORD0155247,P0165,2023-04-12,1,Damaged in Transit
RET013684,ORD0155267,P0077,2024-10-11,1,Customer Changed Mind
RET013685,ORD0155282,P0074,2023-10-15,2,Wrong Item Delivered
RET013686,ORD0155331,P0185,2023-10-09,2,Wrong Item Delivered
RET013687,ORD0155363,P0085,2023-03-13,1,Wrong Item Delivered
RET013688,ORD0155374,P0182,2023-09-16,1,Quality Issue
RET013689,ORD0155374,P0131,2023-09-26,1,Quality Issue
RET013690,ORD0155376,P0091,2023-09-28,1,Customer Changed Mind
RET013691,ORD0155380,P0032,2023-12-22,1,Other
RET013692,ORD0155393,P0187,2024-10-01,4,Quality Issue
RET013693,ORD0155460,P0053,2024-07-10,1,Customer Changed Mind
RET013694,ORD0155467,P0101,2024-12-11,2,Wrong Item Delivered
RET013695,ORD0155468,P0154,2024-12-22,1,Damaged in Transit
RET013696,ORD0155471,P0108,2024-01-23,61,Late Delivery
RET013697,ORD0155471,P0113,2024-01-26,27,Late Delivery
RET013698,ORD0155491,P0036,2024-04-22,15,Late Delivery
RET013699,ORD0155514,P0145,2024-01-30,1,Customer Changed Mind
RET013700,ORD0155544,P0191,2023-04-30,1,Late Delivery
RET013701,ORD0155548,P0093,2023-05-30,1,Wrong Item Delivered
RET013702,ORD0155549,P0083,2023-08-06,1,Wrong Item Delivered
RET013703,ORD0155552,P0004,2023-09-20,3,Customer Changed Mind
RET013704,ORD0155566,P0195,2024-10-21,3,Damaged in Transit
RET013705,ORD0155577,P0153,2023-10-17,196,Customer Changed Mind
RET013706,ORD0155578,P0085,2023-12-23,39,Wrong Item Delivered
RET013707,ORD0155582,P0044,2023-03-17,1,Damaged in Transit
RET013708,ORD0155591,P0194,2024-02-29,1,Quality Issue
RET013709,ORD0155601,P0061,2024-11-12,1,Customer Changed Mind
RET013710,ORD0155613,P0074,2024-11-09,56,Customer Changed Mind
RET013711,ORD0155616,P0107,2023-03-02,1,Wrong Item Delivered
RET013712,ORD0155628,P0008,2023-11-06,1,Damaged in Transit
RET013713,ORD0155630,P0011,2024-02-14,1,Wrong Item Delivered
RET013714,ORD0155636,P0091,2024-05-02,2,Quality Issue
RET013715,ORD0155656,P0072,2023-03-13,1,Wrong Item Delivered
RET013716,ORD0155666,P0123,2023-10-29,1,Damaged in Transit
RET013717,ORD0155691,P0032,2024-09-05,1,Damaged in Transit
RET013718,ORD0155747,P0144,2023-06-17,1,Late Delivery
RET013719,ORD0155752,P0124,2023-10-03,2,Quality Issue
RET013720,ORD0155765,P0095,2024-05-24,1,Late Delivery
RET013721,ORD0155773,P0121,2024-08-29,1,Customer Changed Mind
RET013722,ORD0155780,P0020,2024-11-22,2,Wrong Item Delivered
RET013723,ORD0155817,P0045,2023-03-14,1,Wrong Item Delivered
RET013724,ORD0155825,P0099,2023-06-30,2,Customer Changed Mind
RET013725,ORD0155839,P0066,2024-02-16,1,Wrong Item Delivered
RET013726,ORD0155842,P0005,2024-05-21,2,Wrong Item Delivered
RET013727,ORD0155869,P0181,2023-11-20,1,Customer Changed Mind
RET013728,ORD0155897,P0028,2023-09-18,164,Customer Changed Mind
RET013729,ORD0155898,P0008,2023-12-01,157,Customer Changed Mind
RET013730,ORD0155927,P0004,2023-09-30,2,Customer Changed Mind
RET013731,ORD0155928,P0197,2023-10-15,1,Damaged in Transit
RET013732,ORD0155950,P0105,2023-10-23,1,Customer Changed Mind
RET013733,ORD0155956,P0132,2023-12-21,1,Damaged in Transit
RET013734,ORD0155962,P0146,2024-04-13,1,Quality Issue
RET013735,ORD0155977,P0141,2024-09-30,1,Customer Changed Mind
RET013736,ORD0155980,P0154,2024-11-16,1,Damaged in Transit
RET013737,ORD0155986,P0049,2023-02-02,289,Wrong Item Delivered
RET013738,ORD0156019,P0044,2023-12-02,1,Customer Changed Mind
RET013739,ORD0156033,P0138,2024-07-03,4,Wrong Item Delivered
RET013740,ORD0156038,P0091,2024-10-28,1,Damaged in Transit
RET013741,ORD0156038,P0086,2024-11-05,2,Damaged in Transit
RET013742,ORD0156044,P0031,2023-04-08,1,Wrong Item Delivered
RET013743,ORD0156048,P0093,2023-06-08,1,Damaged in Transit
RET013744,ORD0156053,P0160,2023-10-09,1,Wrong Item Delivered
RET013745,ORD0156073,P0005,2023-03-08,56,Customer Changed Mind
RET013746,ORD0156094,P0026,2023-08-17,8,Wrong Item Delivered
RET013747,ORD0156105,P0037,2024-05-08,19,Customer Changed Mind
RET013748,ORD0156120,P0023,2023-08-31,4,Customer Changed Mind
RET013749,ORD0156143,P0185,2023-06-04,3,Quality Issue
RET013750,ORD0156148,P0008,2023-12-09,3,Damaged in Transit
RET013751,ORD0156170,P0162,2024-02-04,37,Quality Issue
RET013752,ORD0156179,P0034,2023-12-15,1,Damaged in Transit
RET013753,ORD0156181,P0079,2024-01-17,1,Quality Issue
RET013754,ORD0156198,P0006,2023-03-07,27,Other
RET013755,ORD0156203,P0022,2023-07-22,5,Customer Changed Mind
RET013756,ORD0156213,P0103,2024-04-01,13,Wrong Item Delivered
RET013757,ORD0156240,P0149,2024-03-28,3,Customer Changed Mind
RET013758,ORD0156241,P0045,2024-05-23,1,Late Delivery
RET013759,ORD0156250,P0123,2023-04-08,2,Damaged in Transit
RET013760,ORD0156258,P0183,2023-10-14,1,Quality Issue
RET013761,ORD0156264,P0109,2024-10-25,4,Other
RET013762,ORD0156281,P0148,2023-07-08,1,Late Delivery
RET013763,ORD0156321,P0111,2023-09-01,2,Damaged in Transit
RET013764,ORD0156339,P0032,2024-10-26,1,Damaged in Transit
RET013765,ORD0156350,P0125,2023-12-10,87,Quality Issue
RET013766,ORD0156360,P0126,2023-10-28,2,Late Delivery
RET013767,ORD0156369,P0048,2024-04-12,3,Wrong Item Delivered
RET013768,ORD0156371,P0008,2024-05-03,3,Wrong Item Delivered
RET013769,ORD0156377,P0077,2024-09-20,2,Wrong Item Delivered
RET013770,ORD0156396,P0022,2024-01-06,1,Wrong Item Delivered
RET013771,ORD0156398,P0089,2024-01-30,1,Customer Changed Mind
RET013772,ORD0156407,P0108,2024-08-15,1,Quality Issue
RET013773,ORD0156413,P0032,2024-12-01,1,Wrong Item Delivered
RET013774,ORD0156422,P0182,2023-10-16,136,Other
RET013775,ORD0156435,P0149,2023-04-08,1,Customer Changed Mind
RET013776,ORD0156441,P0038,2023-09-11,1,Wrong Item Delivered
RET013777,ORD0156447,P0040,2024-01-14,1,Damaged in Transit
RET013778,ORD0156452,P0170,2024-06-13,1,Quality Issue
RET013779,ORD0156459,P0137,2024-10-12,5,Late Delivery
RET013780,ORD0156461,P0003,2023-02-09,2,Wrong Item Delivered
RET013781,ORD0156473,P0162,2023-08-31,1,Customer Changed Mind
RET013782,ORD0156487,P0083,2024-03-18,1,Customer Changed Mind
RET013783,ORD0156491,P0034,2024-06-13,1,Late Delivery
RET013784,ORD0156497,P0126,2024-11-17,2,Quality Issue
RET013785,ORD0156506,P0134,2023-03-02,1,Late Delivery
RET013786,ORD0156534,P0016,2024-08-05,1,Wrong Item Delivered
RET013787,ORD0156534,P0030,2024-08-08,1,Wrong Item Delivered
RET013788,ORD0156545,P0079,2023-06-13,1,Wrong Item Delivered
RET013789,ORD0156551,P0116,2023-11-14,1,Wrong Item Delivered
RET013790,ORD0156554,P0135,2023-11-13,2,Damaged in Transit
RET013791,ORD0156595,P0095,2024-04-07,18,Quality Issue
RET013792,ORD0156596,P0039,2024-06-16,26,Customer Changed Mind
RET013793,ORD0156605,P0085,2023-04-22,23,Wrong Item Delivered
RET013794,ORD0156605,P0068,2023-04-20,53,Wrong Item Delivered
RET013795,ORD0156629,P0189,2023-04-23,34,Wrong Item Delivered
RET013796,ORD0156631,P0004,2023-08-02,11,Wrong Item Delivered
RET013797,ORD0156657,P0189,2023-08-31,2,Damaged in Transit
RET013798,ORD0156666,P0073,2024-02-16,1,Wrong Item Delivered
RET013799,ORD0156687,P0034,2023-08-20,3,Late Delivery
RET013800,ORD0156688,P0038,2023-11-07,1,Damaged in Transit
RET013801,ORD0156701,P0195,2023-06-13,3,Wrong Item Delivered
RET013802,ORD0156704,P0111,2023-10-11,1,Damaged in Transit
RET013803,ORD0156706,P0051,2023-10-31,3,Quality Issue
RET013804,ORD0156721,P0123,2023-02-21,1,Customer Changed Mind
RET013805,ORD0156735,P0095,2023-09-26,1,Wrong Item Delivered
RET013806,ORD0156740,P0023,2024-03-04,1,Late Delivery
RET013807,ORD0156754,P0110,2024-11-17,1,Customer Changed Mind
RET013808,ORD0156755,P0094,2024-10-25,1,Damaged in Transit
RET013809,ORD0156771,P0157,2024-02-20,9,Damaged in Transit
RET013810,ORD0156774,P0196,2024-05-12,59,Customer Changed Mind
RET013811,ORD0156779,P0065,2024-12-14,12,Quality Issue
RET013812,ORD0156789,P0059,2023-06-01,1,Customer Changed Mind
RET013813,ORD0156826,P0117,2023-01-25,4,Late Delivery
RET013814,ORD0156832,P0109,2023-05-11,4,Customer Changed Mind
RET013815,ORD0156835,P0132,2023-07-07,3,Damaged in Transit
RET013816,ORD0156842,P0085,2024-02-29,4,Damaged in Transit
RET013817,ORD0156846,P0185,2024-05-09,1,Customer Changed Mind
RET013818,ORD0156872,P0047,2024-06-09,6,Customer Changed Mind
RET013819,ORD0156872,P0137,2024-06-07,89,Other
RET013820,ORD0156891,P0006,2024-04-22,32,Quality Issue
RET013821,ORD0156902,P0111,2023-06-10,1,Quality Issue
RET013822,ORD0156902,P0198,2023-06-23,1,Other
RET013823,ORD0156924,P0049,2024-11-01,1,Wrong Item Delivered
RET013824,ORD0156945,P0004,2023-08-14,2,Customer Changed Mind
RET013825,ORD0156968,P0111,2023-02-27,227,Damaged in Transit
RET013826,ORD0156985,P0022,2023-02-01,5,Wrong Item Delivered
RET013827,ORD0156985,P0063,2023-02-03,2,Wrong Item Delivered
RET013828,ORD0156987,P0084,2023-03-24,1,Wrong Item Delivered
RET013829,ORD0156987,P0106,2023-03-23,2,Wrong Item Delivered
RET013830,ORD0156997,P0030,2024-05-15,1,Damaged in Transit
RET013831,ORD0157030,P0113,2023-06-12,1,Customer Changed Mind
RET013832,ORD0157049,P0057,2024-03-26,1,Wrong Item Delivered
RET013833,ORD0157056,P0108,2024-07-28,1,Damaged in Transit
RET013834,ORD0157058,P0001,2024-09-29,2,Quality Issue
RET013835,ORD0157098,P0036,2023-03-18,1,Damaged in Transit
RET013836,ORD0157098,P0189,2023-03-10,1,Damaged in Transit
RET013837,ORD0157098,P0099,2023-03-21,1,Damaged in Transit
RET013838,ORD0157105,P0032,2023-07-04,1,Late Delivery
RET013839,ORD0157110,P0096,2023-10-22,1,Quality Issue
RET013840,ORD0157116,P0189,2023-12-31,1,Quality Issue
RET013841,ORD0157126,P0182,2024-05-16,1,Quality Issue
RET013842,ORD0157128,P0001,2024-06-07,1,Damaged in Transit
RET013843,ORD0157136,P0153,2023-03-15,153,Other
RET013844,ORD0157138,P0091,2023-03-08,19,Customer Changed Mind
RET013845,ORD0157140,P0071,2023-05-17,67,Damaged in Transit
RET013846,ORD0157145,P0195,2023-11-07,123,Damaged in Transit
RET013847,ORD0157152,P0027,2024-09-29,12,Quality Issue
RET013848,ORD0157171,P0001,2024-04-07,1,Quality Issue
RET013849,ORD0157176,P0124,2024-06-10,1,Late Delivery
RET013850,ORD0157186,P0140,2024-08-29,1,Wrong Item Delivered
RET013851,ORD0157198,P0146,2023-12-23,17,Customer Changed Mind
RET013852,ORD0157212,P0094,2023-07-20,1,Wrong Item Delivered
RET013853,ORD0157225,P0157,2023-12-11,1,Late Delivery
RET013854,ORD0157234,P0008,2024-08-03,1,Wrong Item Delivered
RET013855,ORD0157251,P0079,2024-09-13,11,Quality Issue
RET013856,ORD0157257,P0195,2023-04-09,3,Customer Changed Mind
RET013857,ORD0157260,P0022,2023-06-01,1,Late Delivery
RET013858,ORD0157263,P0114,2023-11-07,3,Customer Changed Mind
RET013859,ORD0157286,P0087,2023-01-22,2,Wrong Item Delivered
RET013860,ORD0157287,P0050,2023-01-19,1,Damaged in Transit
RET013861,ORD0157300,P0105,2023-11-24,2,Damaged in Transit
RET013862,ORD0157304,P0144,2024-02-29,1,Damaged in Transit
RET013863,ORD0157307,P0111,2024-05-09,3,Damaged in Transit
RET013864,ORD0157311,P0157,2024-07-06,1,Other
RET013865,ORD0157343,P0075,2023-12-28,1,Quality Issue
RET013866,ORD0157379,P0107,2023-12-15,1,Wrong Item Delivered
RET013867,ORD0157403,P0162,2024-10-21,1,Late Delivery
RET013868,ORD0157430,P0041,2024-04-30,1,Other
RET013869,ORD0157431,P0136,2024-05-03,2,Customer Changed Mind
RET013870,ORD9999999,P0179,2024-10-02,1,Damaged in Transit
RET013871,ORD0157461,P0159,2024-06-08,1,Damaged in Transit
RET013872,ORD0157485,P0078,2023-09-02,1,Late Delivery
RET013873,ORD0157508,P0085,2023-01-23,24,Damaged in Transit
RET013874,ORD0157521,P0104,2024-10-01,8,Customer Changed Mind
RET013875,ORD0157533,P0024,2023-08-10,1,Customer Changed Mind
RET013876,ORD0157553,P0082,2024-10-09,2,Customer Changed Mind
RET013877,ORD0157569,P0174,2024-08-04,69,Damaged in Transit
RET013878,ORD0157571,P0028,2024-12-19,36,Late Delivery
RET013879,ORD0157576,P0029,2023-03-06,2,Quality Issue
RET013880,ORD0157584,P0145,2023-12-10,1,Customer Changed Mind
RET013881,ORD0157586,P0172,2024-01-06,4,Wrong Item Delivered
RET013882,ORD0157588,P0034,2024-03-26,1,Other
RET013883,ORD0157595,P0131,2024-08-10,2,Wrong Item Delivered
RET013884,ORD0157615,P0028,2023-09-26,2,Quality Issue
RET013885,ORD0157645,P0194,2024-09-18,2,Customer Changed Mind
RET013886,ORD0157646,P0180,2024-10-02,1,Damaged in Transit
RET013887,ORD0157654,P0177,2023-08-01,1,Damaged in Transit
RET013888,ORD0157663,P0070,2024-04-08,3,Damaged in Transit
RET013889,ORD0157671,P0024,2024-10-05,4,Wrong Item Delivered
RET013890,ORD0157685,P0015,2024-04-04,2,Damaged in Transit
RET013891,ORD0157687,P0016,2024-04-27,5,Late Delivery
RET013892,ORD0157708,P0072,2023-12-04,1,Customer Changed Mind
RET013893,ORD0157711,P0168,2023-12-22,1,Other
RET013894,ORD0157722,P0123,2024-05-13,1,Late Delivery
RET013895,ORD0157724,P0047,2024-08-13,1,Wrong Item Delivered
RET013896,ORD0157757,P0142,2024-02-17,2,Customer Changed Mind
RET013897,ORD0157757,P0064,2024-02-16,4,Quality Issue
RET013898,ORD0157771,P0149,2023-03-31,1,Late Delivery
RET013899,ORD0157772,P0111,2023-04-12,1,Damaged in Transit
RET013900,ORD0157779,P0051,2023-07-15,1,Wrong Item Delivered
RET013901,ORD0157797,P0166,2024-10-22,3,Late Delivery
RET013902,ORD0157802,P0039,2023-06-19,1,Wrong Item Delivered
RET013903,ORD0157802,P0072,2023-06-25,1,Wrong Item Delivered
RET013904,ORD0157808,P0021,2023-10-04,1,Damaged in Transit
RET013905,ORD0157818,P0143,2024-02-04,1,Damaged in Transit
RET013906,ORD0157820,P0117,2024-02-13,1,Damaged in Transit
RET013907,ORD0157827,P0053,2024-10-04,1,Quality Issue
RET013908,ORD0157829,P0107,2024-11-10,1,Other
RET013909,ORD0157844,P0010,2023-08-25,1,Late Delivery
RET013910,ORD0157856,P0029,2024-09-19,1,Wrong Item Delivered
RET013911,ORD0157865,P0023,2023-04-10,1,Late Delivery
RET013912,ORD0157867,P0080,2023-06-19,1,Damaged in Transit
RET013913,ORD0157887,P0050,2024-03-03,1,Damaged in Transit
RET013914,ORD0157895,P0174,2024-09-15,1,Wrong Item Delivered
RET013915,ORD0157896,P0058,2024-09-29,1,Late Delivery
RET013916,ORD0157912,P0166,2023-08-18,1,Wrong Item Delivered
RET013917,ORD0157922,P0164,2024-07-26,3,Quality Issue
RET013918,ORD0157928,P0181,2024-11-01,1,Quality Issue
RET013919,ORD0157940,P0068,2024-01-31,2,Customer Changed Mind
RET013920,ORD0157973,P0073,2024-10-27,3,Late Delivery
RET013921,ORD9999999,P0068,2024-08-30,63,Customer Changed Mind
RET013922,ORD0157988,P0079,2023-02-28,1,Wrong Item Delivered
RET013923,ORD0157989,P0139,2023-02-19,2,Quality Issue
RET013924,ORD0157995,P0163,2023-09-13,3,Other
RET013925,ORD0158014,P0051,2024-10-16,3,Customer Changed Mind
RET013926,ORD0158020,P0024,2023-05-22,2,Quality Issue
RET013927,ORD0158026,P0008,2024-02-02,2,Customer Changed Mind
RET013928,ORD0158027,P0074,2024-02-22,1,Damaged in Transit
RET013929,ORD0158064,P0026,2023-03-18,1,Quality Issue
RET013930,ORD0158071,P0198,2023-05-16,1,Quality Issue
RET013931,ORD0158089,P0055,2023-12-29,1,Damaged in Transit
RET013932,ORD0158098,P0062,2024-07-03,1,Wrong Item Delivered
RET013933,ORD0158100,P0029,2024-11-17,1,Damaged in Transit
RET013934,ORD0158131,P0090,2024-10-08,3,Quality Issue
RET013935,ORD0158146,P0004,2024-11-22,178,Other
RET013936,ORD0158154,P0014,2023-06-20,1,Damaged in Transit
RET013937,ORD0158174,P0197,2024-07-24,1,Damaged in Transit
RET013938,ORD0158176,P0191,2024-08-29,2,Damaged in Transit
RET013939,ORD0158181,P0113,2023-02-04,1,Customer Changed Mind
RET013940,ORD0158192,P0085,2024-01-30,1,Quality Issue
RET013941,ORD0158237,P0175,2023-03-10,1,Customer Changed Mind
RET013942,ORD0158274,P0159,2023-05-07,1,Customer Changed Mind
RET013943,ORD0158275,P0015,2023-04-29,1,Wrong Item Delivered
RET013944,ORD0158288,P0131,2023-11-07,1,Damaged in Transit
RET013945,ORD0158291,P0187,2023-12-10,1,Damaged in Transit
RET013946,ORD0158324,P0029,2023-03-22,1,Wrong Item Delivered
RET013947,ORD0158325,P0103,2023-03-18,1,Wrong Item Delivered
RET013948,ORD0158330,P0011,2023-04-14,1,Damaged in Transit
RET013949,ORD0158339,P0015,2023-09-06,2,Quality Issue
RET013950,ORD0158352,P0100,2024-02-12,1,Damaged in Transit
RET013951,ORD0158375,P0165,2023-06-14,3,Customer Changed Mind
RET013952,ORD0158377,P0182,2023-06-29,1,Customer Changed Mind
RET013953,ORD0158382,P0029,2023-10-25,1,Damaged in Transit
RET013954,ORD0158399,P0037,2024-12-22,2,Customer Changed Mind
RET013955,ORD0158407,P0162,2023-05-03,1,Other
RET013956,ORD0158414,P0003,2023-11-15,2,Quality Issue
RET013957,ORD0158415,P0155,2023-12-01,3,Damaged in Transit
RET013958,ORD0158425,P0123,2024-05-16,1,Damaged in Transit
RET013959,ORD0158446,P0101,2023-09-02,2,Quality Issue
RET013960,ORD0158450,P0185,2023-10-29,1,Damaged in Transit
RET013961,ORD0158450,P0087,2023-10-29,1,Damaged in Transit
RET013962,ORD0158457,P0169,2024-03-19,1,Customer Changed Mind
RET013963,ORD0158459,P0034,2024-05-12,1,Damaged in Transit
RET013964,ORD0158462,P0028,2024-07-27,1,Damaged in Transit
RET013965,ORD0158471,P0035,2024-12-23,1,Other
RET013966,ORD0158487,P0187,2024-05-15,2,Late Delivery
RET013967,ORD0158527,P0074,2023-03-27,1,Quality Issue
RET013968,ORD0158534,P0167,2023-09-11,1,Damaged in Transit
RET013969,ORD0158537,P0148,2024-02-09,1,Late Delivery
RET013970,ORD0158545,P0187,2024-07-18,1,Late Delivery
RET013971,ORD0158546,P0129,2024-08-14,1,Customer Changed Mind
RET013972,ORD0158555,P0030,2023-01-23,21,Customer Changed Mind
RET013973,ORD0158558,P0114,2023-05-16,30,Other
RET013974,ORD0158560,P0177,2023-06-18,40,Damaged in Transit
RET013975,ORD0158587,P0187,2023-09-10,1,Quality Issue
RET013976,ORD0158617,P0058,2023-04-29,2,Late Delivery
RET013977,ORD0158618,P0169,2023-06-12,2,Wrong Item Delivered
RET013978,ORD0158622,P0107,2023-09-05,2,Wrong Item Delivered
RET013979,ORD0158622,P0093,2023-09-09,1,Wrong Item Delivered
RET013980,ORD0158640,P0166,2024-08-28,1,Other
RET013981,ORD0158644,P0181,2024-11-05,1,Wrong Item Delivered
RET013982,ORD0158644,P0068,2024-11-09,1,Wrong Item Delivered
RET013983,ORD0158651,P0030,2023-07-14,1,Damaged in Transit
RET013984,ORD0158651,P0027,2023-07-10,1,Damaged in Transit
RET013985,ORD0158653,P0069,2023-09-30,4,Quality Issue
RET013986,ORD0158669,P0074,2024-07-28,1,Damaged in Transit
RET013987,ORD0158689,P0061,2024-06-28,1,Wrong Item Delivered
RET013988,ORD0158691,P0198,2024-08-07,1,Late Delivery
RET013989,ORD0158691,P0092,2024-07-27,1,Quality Issue
RET013990,ORD0158697,P0017,2023-07-12,209,Quality Issue
RET013991,ORD0158700,P0007,2023-10-12,209,Customer Changed Mind
RET013992,ORD0158702,P0101,2023-12-26,146,Late Delivery
RET013993,ORD0158778,P0024,2024-08-16,1,Damaged in Transit
RET013994,ORD0158785,P0163,2023-02-28,195,Customer Changed Mind
RET013995,ORD0158827,P0001,2023-03-24,1,Damaged in Transit
RET013996,ORD0158831,P0187,2023-06-01,1,Quality Issue
RET013997,ORD0158837,P0029,2023-09-01,1,Other
RET013998,ORD0158869,P0144,2024-09-16,1,Wrong Item Delivered
RET013999,ORD0158878,P0090,2023-06-04,2,Wrong Item Delivered
RET014000,ORD0158887,P0079,2024-03-28,1,Late Delivery
RET014001,ORD0158892,P0057,2024-05-22,5,Damaged in Transit
RET014002,ORD0158892,P0132,2024-05-28,1,Damaged in Transit
RET014003,ORD0158893,P0185,2024-09-17,1,Damaged in Transit
RET014004,ORD0158897,P0179,2024-12-06,3,Quality Issue
RET014005,ORD0158921,P0004,2023-10-13,1,Damaged in Transit
RET014006,ORD0158937,P0036,2023-04-18,1,Quality Issue
RET014007,ORD0158938,P0105,2023-06-19,2,Other
RET014008,ORD0158960,P0059,2024-08-16,1,Damaged in Transit
RET014009,ORD0158974,P0130,2023-02-08,2,Wrong Item Delivered
RET014010,ORD0158984,P0166,2023-09-05,5,Wrong Item Delivered
RET014011,ORD0158996,P0095,2024-08-11,1,Late Delivery
RET014012,ORD0158999,P0146,2024-10-22,1,Customer Changed Mind
RET014013,ORD0159004,P0024,2023-05-01,35,Quality Issue
RET014014,ORD0159021,P0001,2023-01-26,2,Wrong Item Delivered
RET014015,ORD0159029,P0045,2023-05-15,1,Damaged in Transit
RET014016,ORD0159048,P0149,2024-01-02,1,Quality Issue
RET014017,ORD0159061,P0090,2024-12-01,1,Other
RET014018,ORD0159063,P0189,2024-11-05,2,Wrong Item Delivered
RET014019,ORD0159068,P0021,2023-01-24,3,Wrong Item Delivered
RET014020,ORD0159069,P0015,2023-02-07,3,Customer Changed Mind
RET014021,ORD0159085,P0059,2024-05-22,2,Damaged in Transit
RET014022,ORD0159085,P0122,2024-05-11,3,Damaged in Transit
RET014023,ORD0159087,P0015,2024-07-12,1,Damaged in Transit
RET014024,ORD0159090,P0110,2024-11-03,1,Late Delivery
RET014025,ORD0159105,P0109,2023-07-28,2,Customer Changed Mind
RET014026,ORD0159118,P0101,2024-01-17,1,Quality Issue
RET014027,ORD0159129,P0034,2024-09-17,1,Other
RET014028,ORD0159130,P0079,2024-10-03,1,Quality Issue
RET014029,ORD0159134,P0133,2024-11-11,1,Customer Changed Mind
RET014030,ORD0159173,P0124,2024-01-27,90,Wrong Item Delivered
RET014031,ORD0159179,P0063,2023-05-25,44,Damaged in Transit
RET014032,ORD0159185,P0010,2023-12-29,324,Customer Changed Mind
RET014033,ORD0159198,P0171,2023-03-11,2,Damaged in Transit
RET014034,ORD0159209,P0137,2024-06-15,1,Wrong Item Delivered
RET014035,ORD0159213,P0159,2024-12-03,1,Customer Changed Mind
RET014036,ORD0159235,P0041,2024-08-06,1,Damaged in Transit
RET014037,ORD0159241,P0101,2023-02-15,1,Quality Issue
RET014038,ORD0159248,P0141,2023-08-19,3,Wrong Item Delivered
RET014039,ORD0159255,P0005,2024-06-01,3,Customer Changed Mind
RET014040,ORD0159257,P0158,2024-08-22,1,Other
RET014041,ORD0159291,P0079,2024-03-06,1,Quality Issue
RET014042,ORD0159293,P0162,2024-03-01,2,Wrong Item Delivered
RET014043,ORD0159298,P0171,2024-05-16,1,Customer Changed Mind
RET014044,ORD0159322,P0036,2023-09-11,1,Customer Changed Mind
RET014045,ORD0159338,P0106,2024-05-18,1,Other
RET014046,ORD0159339,P0148,2024-06-23,1,Customer Changed Mind
RET014047,ORD0159356,P0064,2023-11-17,261,Damaged in Transit
RET014048,ORD0159367,P0183,2023-11-17,49,Late Delivery
RET014049,ORD0159368,P0075,2023-12-10,28,Customer Changed Mind
RET014050,ORD0159372,P0115,2024-03-17,29,Damaged in Transit
RET014051,ORD0159389,P0198,2024-01-17,1,Late Delivery
RET014052,ORD0159391,P0127,2024-02-26,1,Other
RET014053,ORD0159404,P0037,2024-09-26,3,Customer Changed Mind
RET014054,ORD0159419,P0089,2024-08-14,20,Wrong Item Delivered
RET014055,ORD0159427,P0004,2023-11-16,62,Damaged in Transit
RET014056,ORD0159444,P0200,2023-07-17,1,Customer Changed Mind
RET014057,ORD0159453,P0013,2023-10-28,1,Quality Issue
RET014058,ORD0159458,P0105,2024-02-06,1,Damaged in Transit
RET014059,ORD0159476,P0053,2023-03-17,1,Damaged in Transit
RET014060,ORD0159490,P0142,2024-09-09,1,Damaged in Transit
RET014061,ORD0159495,P0132,2024-10-09,2,Damaged in Transit
RET014062,ORD0159497,P0039,2024-11-22,5,Customer Changed Mind
RET014063,ORD0159537,P0146,2023-12-12,1,Other
RET014064,ORD0159543,P0021,2024-05-16,1,Wrong Item Delivered
RET014065,ORD0159567,P0144,2023-06-14,1,Customer Changed Mind
RET014066,ORD0159576,P0198,2024-05-03,1,Customer Changed Mind
RET014067,ORD0159585,P0128,2024-11-07,1,Quality Issue
RET014068,ORD0159599,P0001,2024-02-20,4,Damaged in Transit
RET014069,ORD0159601,P0003,2024-03-21,1,Wrong Item Delivered
RET014070,ORD0159640,P0094,2024-07-30,1,Wrong Item Delivered
RET014071,ORD0159650,P0095,2023-04-01,1,Late Delivery
RET014072,ORD0159653,P0146,2023-03-11,2,Wrong Item Delivered
RET014073,ORD0159661,P0109,2023-07-21,1,Quality Issue
RET014074,ORD0159673,P0195,2024-05-10,3,Wrong Item Delivered
RET014075,ORD0159680,P0139,2024-12-29,2,Damaged in Transit
RET014076,ORD0159685,P0028,2023-03-24,1,Damaged in Transit
RET014077,ORD0159735,P0129,2023-06-20,244,Other
RET014078,ORD0159739,P0162,2023-11-21,121,Quality Issue
RET014079,ORD0159746,P0109,2023-01-29,1,Wrong Item Delivered
RET014080,ORD0159753,P0007,2023-08-13,1,Wrong Item Delivered
RET014081,ORD9999999,P0023,2023-09-13,3,Late Delivery
RET014082,ORD0159755,P0048,2023-09-19,1,Customer Changed Mind
RET014083,ORD0159764,P0144,2024-02-28,3,Late Delivery
RET014084,ORD0159764,P0087,2024-03-02,3,Quality Issue
RET014085,ORD0159781,P0106,2023-11-11,1,Customer Changed Mind
RET014086,ORD0159782,P0196,2023-10-29,3,Quality Issue
RET014087,ORD0159802,P0003,2023-09-27,1,Damaged in Transit
RET014088,ORD0159811,P0154,2024-08-16,1,Wrong Item Delivered
RET014089,ORD0159824,P0029,2023-11-13,1,Quality Issue
RET014090,ORD0159825,P0029,2023-12-03,2,Other
RET014091,ORD0159834,P0123,2024-08-15,1,Quality Issue
RET014092,ORD0159845,P0195,2023-05-31,1,Quality Issue
RET014093,ORD0159891,P0106,2024-09-22,83,Customer Changed Mind
RET014094,ORD0159900,P0027,2023-02-26,76,Damaged in Transit
RET014095,ORD0159911,P0158,2024-05-25,39,Quality Issue
RET014096,ORD0159912,P0122,2024-07-11,4,Customer Changed Mind
RET014097,ORD0159924,P0162,2023-08-25,1,Other
RET014098,ORD0159926,P0168,2023-10-14,2,Damaged in Transit
RET014099,ORD0159926,P0053,2023-10-07,1,Damaged in Transit
RET014100,ORD0159960,P0188,2023-07-03,1,Damaged in Transit
RET014101,ORD0159965,P0122,2023-10-23,1,Damaged in Transit
RET014102,ORD0159976,P0026,2024-03-21,1,Quality Issue
RET014103,ORD0159993,P0021,2024-11-14,1,Quality Issue
RET014104,ORD0160006,P0184,2024-12-11,19,Customer Changed Mind
RET014105,ORD0160022,P0106,2023-05-16,3,Customer Changed Mind
RET014106,ORD0160036,P0127,2023-10-07,3,Late Delivery
RET014107,ORD0160077,P0114,2023-03-14,1,Wrong Item Delivered
RET014108,ORD0160079,P0029,2023-03-26,1,Customer Changed Mind
RET014109,ORD0160081,P0196,2023-04-04,2,Wrong Item Delivered
RET014110,ORD0160086,P0050,2023-06-23,1,Quality Issue
RET014111,ORD0160098,P0189,2023-12-25,1,Damaged in Transit
RET014112,ORD0160115,P0047,2024-10-15,1,Damaged in Transit
RET014113,ORD0160116,P0034,2024-11-28,1,Damaged in Transit
RET014114,ORD0160155,P0065,2024-03-01,2,Customer Changed Mind
RET014115,ORD0160164,P0137,2024-08-29,2,Wrong Item Delivered
RET014116,ORD0160179,P0019,2023-08-10,1,Wrong Item Delivered
RET014117,ORD0160190,P0064,2024-04-20,1,Other
RET014118,ORD0160208,P0044,2023-12-17,133,Damaged in Transit
RET014119,ORD0160231,P0177,2023-03-11,2,Damaged in Transit
RET014120,ORD0160232,P0112,2023-03-02,1,Customer Changed Mind
RET014121,ORD0160233,P0011,2023-03-27,4,Quality Issue
RET014122,ORD0160235,P0045,2023-04-11,1,Quality Issue
RET014123,ORD0160247,P0154,2024-08-10,1,Damaged in Transit
RET014124,ORD0160247,P0119,2024-08-08,2,Damaged in Transit
RET014125,ORD0160270,P0038,2023-10-06,1,Quality Issue
RET014126,ORD0160274,P0166,2024-02-28,1,Customer Changed Mind
RET014127,ORD0160275,P0094,2024-02-04,1,Customer Changed Mind
RET014128,ORD0160320,P0036,2024-09-15,35,Wrong Item Delivered
RET014129,ORD0160347,P0153,2023-10-21,2,Damaged in Transit
RET014130,ORD0160356,P0116,2024-04-01,1,Damaged in Transit
RET014131,ORD0160377,P0049,2023-08-20,1,Customer Changed Mind
RET014132,ORD0160383,P0157,2023-11-03,1,Other
RET014133,ORD0160398,P0048,2024-05-24,1,Wrong Item Delivered
RET014134,ORD0160398,P0068,2024-05-16,1,Wrong Item Delivered
RET014135,ORD0160400,P0155,2024-08-08,1,Customer Changed Mind
RET014136,ORD0160432,P0134,2024-01-11,1,Customer Changed Mind
RET014137,ORD0160432,P0130,2024-01-06,1,Quality Issue
RET014138,ORD0160459,P0017,2023-07-26,214,Quality Issue
RET014139,ORD0160481,P0022,2023-10-31,5,Late Delivery
RET014140,ORD0160483,P0050,2024-01-20,55,Late Delivery
RET014141,ORD0160486,P0091,2024-10-03,309,Customer Changed Mind
RET014142,ORD0160499,P0113,2023-08-10,1,Wrong Item Delivered
RET014143,ORD0160509,P0049,2024-02-05,2,Damaged in Transit
RET014144,ORD0160511,P0096,2024-02-20,1,Customer Changed Mind
RET014145,ORD0160516,P0044,2024-03-15,1,Customer Changed Mind
RET014146,ORD0160521,P0141,2024-10-02,1,Wrong Item Delivered
RET014147,ORD0160529,P0121,2023-02-27,1,Other
RET014148,ORD0160534,P0165,2023-12-27,3,Damaged in Transit
RET014149,ORD0160543,P0077,2024-12-11,159,Wrong Item Delivered
RET014150,ORD0160548,P0049,2023-05-29,1,Late Delivery
RET014151,ORD0160568,P0050,2024-12-01,1,Wrong Item Delivered
RET014152,ORD0160569,P0003,2024-11-16,1,Wrong Item Delivered
RET014153,ORD0160589,P0053,2024-10-06,95,Late Delivery
RET014154,ORD0160591,P0133,2024-11-19,145,Wrong Item Delivered
RET014155,ORD0160621,P0159,2024-03-05,1,Damaged in Transit
RET014156,ORD0160653,P0095,2024-11-14,1,Quality Issue
RET014157,ORD0160678,P0196,2023-04-12,1,Wrong Item Delivered
RET014158,ORD0160683,P0087,2023-07-01,1,Quality Issue
RET014159,ORD0160704,P0070,2024-03-31,2,Wrong Item Delivered
RET014160,ORD0160715,P0145,2024-10-23,1,Damaged in Transit
RET014161,ORD9999999,P0149,2024-10-23,1,Damaged in Transit
RET014162,ORD0160728,P0036,2023-05-13,1,Quality Issue
RET014163,ORD0160769,P0103,2024-05-25,1,Late Delivery
RET014164,ORD0160779,P0181,2023-03-16,1,Damaged in Transit
RET014165,ORD0160824,P0142,2024-12-29,1,Wrong Item Delivered
RET014166,ORD0160832,P0122,2023-03-07,3,Customer Changed Mind
RET014167,ORD0160857,P0098,2023-02-08,1,Other
RET014168,ORD0160863,P0008,2023-09-04,1,Customer Changed Mind
RET014169,ORD0160865,P0198,2024-05-11,1,Wrong Item Delivered
RET014170,ORD0160874,P0196,2024-11-25,2,Other
RET014171,ORD0160875,P0184,2024-11-23,1,Late Delivery
RET014172,ORD0160879,P0085,2023-05-20,161,Damaged in Transit
RET014173,ORD0160879,P0025,2023-05-26,69,Late Delivery
RET014174,ORD0160886,P0054,2024-08-17,58,Late Delivery
RET014175,ORD0160893,P0032,2023-12-25,204,Other
RET014176,ORD0160932,P0200,2024-11-06,1,Damaged in Transit
RET014177,ORD0160950,P0008,2023-10-27,1,Customer Changed Mind
RET014178,ORD0160968,P0003,2023-04-07,12,Customer Changed Mind
RET014179,ORD0160973,P0108,2024-05-14,350,Customer Changed Mind
RET014180,ORD0160987,P0137,2023-12-03,5,Customer Changed Mind
RET014181,ORD0161019,P0037,2024-11-12,5,Damaged in Transit
RET014182,ORD0161019,P0065,2024-11-11,21,Damaged in Transit
RET014183,ORD0161031,P0121,2023-06-23,1,Customer Changed Mind
RET014184,ORD0161037,P0137,2023-09-22,1,Quality Issue
RET014185,ORD0161064,P0154,2024-11-10,1,Customer Changed Mind
RET014186,ORD0161106,P0009,2024-09-01,1,Customer Changed Mind
RET014187,ORD0161110,P0169,2024-10-13,1,Late Delivery
RET014188,ORD0161114,P0191,2024-10-31,1,Quality Issue
RET014189,ORD0161114,P0067,2024-11-01,1,Quality Issue
RET014190,ORD0161124,P0062,2023-07-07,2,Wrong Item Delivered
RET014191,ORD0161132,P0029,2023-12-31,1,Wrong Item Delivered
RET014192,ORD0161132,P0017,2023-12-27,2,Wrong Item Delivered
RET014193,ORD0161139,P0083,2024-06-22,3,Damaged in Transit
RET014194,ORD0161144,P0196,2024-08-03,2,Wrong Item Delivered
RET014195,ORD0161160,P0001,2023-09-27,2,Damaged in Transit
RET014196,ORD0161161,P0165,2023-10-25,1,Customer Changed Mind
RET014197,ORD0161166,P0037,2024-01-24,1,Wrong Item Delivered
RET014198,ORD0161184,P0007,2024-03-04,3,Damaged in Transit
RET014199,ORD0161193,P0029,2023-04-21,1,Wrong Item Delivered
RET014200,ORD0161196,P0171,2023-12-12,1,Quality Issue
RET014201,ORD0161217,P0105,2023-02-05,11,Wrong Item Delivered
RET014202,ORD0161234,P0148,2023-02-02,1,Wrong Item Delivered
RET014203,ORD0161252,P0134,2023-10-28,1,Late Delivery
RET014204,ORD0161260,P0173,2024-03-01,1,Quality Issue
RET014205,ORD0161267,P0183,2024-07-03,1,Wrong Item Delivered
RET014206,ORD0161323,P0163,2024-01-19,2,Wrong Item Delivered
RET014207,ORD0161324,P0105,2024-02-04,1,Damaged in Transit
RET014208,ORD0161328,P0062,2024-04-07,1,Wrong Item Delivered
RET014209,ORD0161337,P0083,2024-08-18,1,Customer Changed Mind
RET014210,ORD0161348,P0090,2024-08-24,82,Customer Changed Mind
RET014211,ORD0161361,P0144,2024-04-02,1,Wrong Item Delivered
RET014212,ORD0161362,P0146,2024-03-22,1,Quality Issue
RET014213,ORD0161389,P0037,2024-04-07,3,Late Delivery
RET014214,ORD9999999,P0065,2024-06-14,5,Quality Issue
RET014215,ORD0161396,P0111,2024-08-22,1,Damaged in Transit
RET014216,ORD0161406,P0010,2023-06-30,1,Damaged in Transit
RET014217,ORD0161410,P0074,2023-08-25,2,Customer Changed Mind
RET014218,ORD0161415,P0097,2023-10-20,1,Wrong Item Delivered
RET014219,ORD0161418,P0045,2024-01-03,1,Quality Issue
RET014220,ORD0161429,P0189,2024-08-07,5,Wrong Item Delivered
RET014221,ORD0161435,P0011,2024-12-23,2,Late Delivery
RET014222,ORD0161454,P0047,2023-08-10,1,Other
RET014223,ORD0161480,P0192,2024-09-12,1,Customer Changed Mind
RET014224,ORD0161502,P0005,2023-07-20,1,Wrong Item Delivered
RET014225,ORD0161503,P0048,2023-08-17,1,Late Delivery
RET014226,ORD0161504,P0141,2023-09-24,1,Quality Issue
RET014227,ORD0161525,P0085,2023-01-25,1,Quality Issue
RET014228,ORD0161527,P0057,2023-05-09,4,Quality Issue
RET014229,ORD0161531,P0028,2023-06-23,1,Damaged in Transit
RET014230,ORD0161539,P0050,2024-02-23,1,Quality Issue
RET014231,ORD0161548,P0029,2023-02-16,1,Damaged in Transit
RET014232,ORD0161551,P0198,2023-04-13,2,Quality Issue
RET014233,ORD0161555,P0098,2023-11-07,1,Damaged in Transit
RET014234,ORD9999999,P0130,2024-03-07,3,Other
RET014235,ORD0161583,P0083,2023-05-29,1,Wrong Item Delivered
RET014236,ORD0161591,P0001,2023-11-04,1,Late Delivery
RET014237,ORD0161647,P0111,2023-09-23,103,Damaged in Transit
RET014238,ORD9999999,P0195,2024-04-21,32,Quality Issue
RET014239,ORD0161653,P0005,2024-04-13,26,Other
RET014240,ORD0161663,P0110,2023-03-18,4,Wrong Item Delivered
RET014241,ORD0161708,P0036,2024-06-08,1,Customer Changed Mind
RET014242,ORD0161708,P0095,2024-06-15,3,Customer Changed Mind
RET014243,ORD0161713,P0194,2024-10-15,3,Customer Changed Mind
RET014244,ORD0161721,P0111,2023-03-12,1,Wrong Item Delivered
RET014245,ORD0161724,P0027,2023-06-12,1,Wrong Item Delivered
RET014246,ORD0161735,P0085,2023-11-27,1,Damaged in Transit
RET014247,ORD0161774,P0181,2023-01-31,2,Quality Issue
RET014248,ORD0161776,P0198,2023-03-08,1,Quality Issue
RET014249,ORD0161794,P0109,2024-04-05,1,Quality Issue
RET014250,ORD0161802,P0179,2024-09-27,2,Quality Issue
RET014251,ORD0161810,P0085,2023-03-08,1,Quality Issue
RET014252,ORD0161823,P0162,2023-09-08,2,Damaged in Transit
RET014253,ORD0161823,P0050,2023-09-09,1,Damaged in Transit
RET014254,ORD0161824,P0037,2023-09-18,2,Customer Changed Mind
RET014255,ORD0161838,P0098,2024-07-25,1,Damaged in Transit
RET014256,ORD0161865,P0016,2023-11-07,77,Quality Issue
RET014257,ORD0161873,P0011,2023-05-09,1,Damaged in Transit
RET014258,ORD0161873,P0162,2023-05-17,3,Damaged in Transit
RET014259,ORD0161882,P0182,2024-01-19,4,Wrong Item Delivered
RET014260,ORD0161912,P0012,2023-12-02,1,Customer Changed Mind
RET014261,ORD0161913,P0170,2023-11-30,1,Damaged in Transit
RET014262,ORD0161915,P0019,2023-12-23,1,Late Delivery
RET014263,ORD0161921,P0149,2024-05-01,1,Customer Changed Mind
RET014264,ORD0161952,P0062,2023-04-03,126,Late Delivery
RET014265,ORD0161955,P0110,2023-05-28,78,Wrong Item Delivered
RET014266,ORD0161956,P0159,2023-07-31,142,Damaged in Transit
RET014267,ORD0161981,P0198,2024-07-18,4,Damaged in Transit
RET014268,ORD0162015,P0076,2023-09-24,1,Customer Changed Mind
RET014269,ORD0162025,P0109,2024-04-10,1,Quality Issue
RET014270,ORD0162030,P0115,2024-09-14,3,Wrong Item Delivered
RET014271,ORD0162039,P0185,2023-02-12,1,Damaged in Transit
RET014272,ORD0162053,P0100,2023-08-26,1,Late Delivery
RET014273,ORD0162067,P0005,2024-03-29,1,Customer Changed Mind
RET014274,ORD0162068,P0037,2024-04-26,1,Customer Changed Mind
RET014275,ORD0162079,P0029,2024-08-25,1,Damaged in Transit
RET014276,ORD0162079,P0083,2024-08-23,1,Damaged in Transit
RET014277,ORD0162098,P0029,2023-11-08,4,Damaged in Transit
RET014278,ORD0162108,P0050,2024-06-20,3,Customer Changed Mind
RET014279,ORD0162110,P0008,2024-08-03,1,Quality Issue
RET014280,ORD0162139,P0196,2024-04-17,1,Damaged in Transit
RET014281,ORD0162163,P0135,2023-09-24,1,Late Delivery
RET014282,ORD0162190,P0038,2023-12-18,140,Customer Changed Mind
RET014283,ORD0162190,P0144,2023-12-29,36,Other
RET014284,ORD0162194,P0144,2024-10-11,89,Wrong Item Delivered
RET014285,ORD0162198,P0016,2023-04-09,72,Quality Issue
RET014286,ORD0162211,P0118,2023-02-15,3,Quality Issue
RET014287,ORD0162212,P0104,2023-04-06,1,Wrong Item Delivered
RET014288,ORD0162212,P0050,2023-04-08,3,Wrong Item Delivered
RET014289,ORD0162215,P0083,2023-08-20,3,Customer Changed Mind
RET014290,ORD0162217,P0003,2023-10-10,1,Damaged in Transit
RET014291,ORD0162242,P0034,2023-11-09,1,Customer Changed Mind
RET014292,ORD0162260,P0160,2023-02-14,1,Damaged in Transit
RET014293,ORD0162273,P0144,2024-01-15,1,Wrong Item Delivered
RET014294,ORD0162277,P0107,2024-05-02,2,Customer Changed Mind
RET014295,ORD0162280,P0132,2024-08-23,4,Damaged in Transit
RET014296,ORD0162302,P0144,2023-07-23,1,Customer Changed Mind
RET014297,ORD0162305,P0088,2023-08-11,1,Damaged in Transit
RET014298,ORD0162312,P0051,2023-12-13,2,Damaged in Transit
RET014299,ORD0162319,P0194,2024-04-21,1,Customer Changed Mind
RET014300,ORD0162339,P0103,2023-04-06,1,Quality Issue
RET014301,ORD0162349,P0119,2023-10-24,1,Wrong Item Delivered
RET014302,ORD0162365,P0157,2024-07-29,1,Damaged in Transit
RET014303,ORD0162415,P0008,2024-02-14,90,Late Delivery
RET014304,ORD0162434,P0149,2023-07-26,1,Wrong Item Delivered
RET014305,ORD0162438,P0050,2023-12-12,2,Customer Changed Mind
RET014306,ORD0162441,P0136,2024-02-03,2,Quality Issue
RET014307,ORD0162448,P0111,2024-07-11,1,Wrong Item Delivered
RET014308,ORD0162449,P0005,2024-07-14,2,Wrong Item Delivered
RET014309,ORD0162477,P0083,2024-01-17,1,Customer Changed Mind
RET014310,ORD0162481,P0147,2024-04-09,1,Quality Issue
RET014311,ORD0162491,P0011,2024-12-25,4,Customer Changed Mind
RET014312,ORD0162496,P0196,2023-07-05,1,Damaged in Transit
RET014313,ORD0162497,P0109,2023-07-22,2,Damaged in Transit
RET014314,ORD0162528,P0195,2023-04-24,1,Customer Changed Mind
RET014315,ORD0162536,P0051,2023-08-11,1,Damaged in Transit
RET014316,ORD0162551,P0163,2024-03-16,1,Customer Changed Mind
RET014317,ORD0162555,P0198,2024-06-28,1,Other
RET014318,ORD0162565,P0088,2024-12-25,1,Quality Issue
RET014319,ORD0162572,P0137,2023-05-19,1,Quality Issue
RET014320,ORD0162590,P0023,2024-12-06,1,Wrong Item Delivered
RET014321,ORD0162613,P0004,2024-08-08,1,Customer Changed Mind
RET014322,ORD0162625,P0050,2023-07-16,1,Customer Changed Mind
RET014323,ORD0162639,P0148,2024-03-29,1,Customer Changed Mind
RET014324,ORD0162672,P0086,2024-06-10,1,Customer Changed Mind
RET014325,ORD0162690,P0034,2024-01-17,2,Wrong Item Delivered
RET014326,ORD0162698,P0051,2024-06-19,1,Wrong Item Delivered
RET014327,ORD0162715,P0047,2023-08-27,1,Late Delivery
RET014328,ORD0162730,P0140,2024-11-15,2,Late Delivery
RET014329,ORD0162731,P0028,2024-12-09,2,Customer Changed Mind
RET014330,ORD0162742,P0083,2023-03-29,5,Wrong Item Delivered
RET014331,ORD0162743,P0134,2023-06-20,1,Damaged in Transit
RET014332,ORD0162773,P0060,2023-04-09,1,Damaged in Transit
RET014333,ORD0162775,P0029,2023-06-25,1,Wrong Item Delivered
RET014334,ORD0162778,P0182,2023-08-04,1,Customer Changed Mind
RET014335,ORD0162779,P0105,2023-08-25,1,Quality Issue
RET014336,ORD0162794,P0133,2024-06-12,1,Quality Issue
RET014337,ORD0162811,P0181,2023-01-27,3,Wrong Item Delivered
RET014338,ORD0162815,P0079,2023-05-05,1,Customer Changed Mind
RET014339,ORD0162818,P0185,2023-05-25,3,Damaged in Transit
RET014340,ORD0162820,P0177,2023-08-03,2,Quality Issue
RET014341,ORD0162828,P0062,2024-06-12,1,Customer Changed Mind
RET014342,ORD0162836,P0044,2024-12-16,1,Customer Changed Mind
RET014343,ORD0162850,P0195,2023-07-26,1,Damaged in Transit
RET014344,ORD0162866,P0115,2024-04-30,1,Wrong Item Delivered
RET014345,ORD0162867,P0037,2024-04-30,1,Damaged in Transit
RET014346,ORD0162880,P0158,2023-03-04,1,Customer Changed Mind
RET014347,ORD0162896,P0129,2024-02-26,1,Damaged in Transit
RET014348,ORD0162904,P0012,2024-06-06,1,Damaged in Transit
RET014349,ORD0162908,P0064,2024-07-04,1,Customer Changed Mind
RET014350,ORD0162939,P0075,2024-03-14,1,Quality Issue
RET014351,ORD0162949,P0182,2024-12-15,4,Wrong Item Delivered
RET014352,ORD0162991,P0015,2023-06-21,4,Damaged in Transit
RET014353,ORD0163023,P0148,2023-09-12,89,Wrong Item Delivered
RET014354,ORD0163040,P0139,2023-05-12,2,Other
RET014355,ORD0163062,P0039,2023-05-09,1,Damaged in Transit
RET014356,ORD0163088,P0167,2024-07-18,1,Damaged in Transit
RET014357,ORD0163092,P0101,2024-09-18,1,Wrong Item Delivered
RET014358,ORD0163106,P0107,2023-05-25,1,Wrong Item Delivered
RET014359,ORD0163145,P0046,2023-06-03,5,Customer Changed Mind
RET014360,ORD0163150,P0034,2024-01-20,15,Customer Changed Mind
RET014361,ORD0163153,P0035,2024-04-15,37,Damaged in Transit
RET014362,ORD0163153,P0060,2024-04-18,38,Damaged in Transit
RET014363,ORD0163174,P0181,2023-07-26,1,Wrong Item Delivered
RET014364,ORD0163176,P0150,2023-10-20,1,Quality Issue
RET014365,ORD0163186,P0195,2024-01-31,1,Quality Issue
RET014366,ORD0163204,P0028,2024-11-09,1,Wrong Item Delivered
RET014367,ORD0163242,P0026,2024-02-04,1,Other
RET014368,ORD0163259,P0024,2024-12-20,1,Wrong Item Delivered
RET014369,ORD0163269,P0008,2023-09-15,1,Quality Issue
RET014370,ORD0163270,P0114,2023-09-27,1,Damaged in Transit
RET014371,ORD0163292,P0078,2024-12-16,1,Wrong Item Delivered
RET014372,ORD0163296,P0030,2023-08-18,20,Late Delivery
RET014373,ORD0163298,P0014,2023-10-25,81,Wrong Item Delivered
RET014374,ORD0163298,P0093,2023-10-15,49,Wrong Item Delivered
RET014375,ORD0163303,P0132,2024-05-08,256,Damaged in Transit
RET014376,ORD0163311,P0014,2023-01-19,2,Customer Changed Mind
RET014377,ORD0163318,P0032,2023-08-19,1,Customer Changed Mind
RET014378,ORD0163349,P0189,2024-04-13,51,Quality Issue
RET014379,ORD0163369,P0155,2024-03-26,1,Customer Changed Mind
RET014380,ORD0163380,P0023,2023-06-11,2,Damaged in Transit
RET014381,ORD0163390,P0193,2024-07-08,1,Quality Issue
RET014382,ORD0163391,P0185,2024-07-28,1,Quality Issue
RET014383,ORD0163399,P0003,2023-03-18,1,Late Delivery
RET014384,ORD0163401,P0195,2023-11-18,1,Damaged in Transit
RET014385,ORD0163413,P0179,2024-08-24,1,Damaged in Transit
RET014386,ORD0163415,P0127,2024-10-08,4,Late Delivery
RET014387,ORD0163447,P0136,2024-07-30,1,Damaged in Transit
RET014388,ORD0163464,P0150,2023-05-09,1,Late Delivery
RET014389,ORD0163466,P0115,2023-04-30,1,Quality Issue
RET014390,ORD0163498,P0003,2023-07-22,2,Other
RET014391,ORD0163515,P0064,2024-02-19,1,Damaged in Transit
RET014392,ORD0163515,P0165,2024-02-23,1,Damaged in Transit
RET014393,ORD0163539,P0021,2024-01-23,3,Quality Issue
RET014394,ORD0163541,P0084,2024-03-29,5,Quality Issue
RET014395,ORD0163592,P0041,2024-07-27,1,Customer Changed Mind
RET014396,ORD0163595,P0149,2024-08-08,1,Damaged in Transit
RET014397,ORD0163599,P0074,2024-11-19,1,Quality Issue
RET014398,ORD0163617,P0023,2024-06-02,1,Damaged in Transit
RET014399,ORD0163618,P0134,2024-06-01,1,Damaged in Transit
RET014400,ORD0163620,P0197,2024-06-02,1,Quality Issue
RET014401,ORD0163623,P0158,2024-08-31,1,Customer Changed Mind
RET014402,ORD0163630,P0050,2023-02-01,1,Damaged in Transit
RET014403,ORD0163639,P0195,2023-09-04,1,Wrong Item Delivered
RET014404,ORD0163640,P0043,2023-10-13,1,Customer Changed Mind
RET014405,ORD0163698,P0165,2024-07-02,1,Quality Issue
RET014406,ORD0163699,P0048,2024-10-01,2,Customer Changed Mind
RET014407,ORD0163699,P0090,2024-09-26,2,Customer Changed Mind
RET014408,ORD0163731,P0183,2024-03-02,1,Damaged in Transit
RET014409,ORD0163742,P0048,2024-10-13,1,Wrong Item Delivered
RET014410,ORD0163754,P0129,2023-05-25,1,Customer Changed Mind
RET014411,ORD0163761,P0129,2024-04-23,2,Other
RET014412,ORD0163762,P0004,2024-05-18,1,Quality Issue
RET014413,ORD0163780,P0083,2023-10-30,1,Customer Changed Mind
RET014414,ORD0163784,P0121,2023-11-26,1,Wrong Item Delivered
RET014415,ORD0163788,P0124,2024-03-15,1,Quality Issue
RET014416,ORD0163797,P0068,2024-06-25,1,Damaged in Transit
RET014417,ORD0163823,P0168,2024-11-30,3,Quality Issue
RET014418,ORD0163840,P0182,2023-12-05,1,Customer Changed Mind
RET014419,ORD0163846,P0093,2024-05-18,2,Late Delivery
RET014420,ORD0163852,P0008,2024-11-04,1,Late Delivery
RET014421,ORD0163858,P0062,2023-04-28,1,Customer Changed Mind
RET014422,ORD0163863,P0180,2023-08-13,1,Customer Changed Mind
RET014423,ORD0163897,P0135,2024-03-27,21,Quality Issue
RET014424,ORD0163904,P0187,2023-06-24,19,Customer Changed Mind
RET014425,ORD0163909,P0195,2023-12-10,115,Wrong Item Delivered
RET014426,ORD0163937,P0147,2023-07-03,1,Quality Issue
RET014427,ORD0163952,P0093,2024-05-18,2,Wrong Item Delivered
RET014428,ORD0163953,P0034,2024-05-13,1,Customer Changed Mind
RET014429,ORD0163966,P0094,2023-03-21,103,Wrong Item Delivered
RET014430,ORD0163970,P0004,2023-12-29,34,Late Delivery
RET014431,ORD0163992,P0109,2024-06-08,69,Customer Changed Mind
RET014432,ORD0163997,P0002,2024-08-19,6,Customer Changed Mind
RET014433,ORD0164045,P0062,2023-07-16,1,Wrong Item Delivered
RET014434,ORD0164069,P0126,2023-04-04,1,Wrong Item Delivered
RET014435,ORD0164074,P0186,2023-06-22,1,Damaged in Transit
RET014436,ORD0164085,P0039,2024-06-28,1,Customer Changed Mind
RET014437,ORD0164091,P0074,2024-10-14,1,Other
RET014438,ORD0164115,P0064,2023-12-14,2,Late Delivery
RET014439,ORD0164124,P0148,2024-09-07,2,Customer Changed Mind
RET014440,ORD0164127,P0057,2024-11-13,3,Customer Changed Mind
RET014441,ORD0164131,P0063,2023-02-03,1,Customer Changed Mind
RET014442,ORD0164147,P0159,2024-04-13,1,Customer Changed Mind
RET014443,ORD0164156,P0064,2024-12-18,1,Customer Changed Mind
RET014444,ORD0164167,P0068,2023-05-30,1,Quality Issue
RET014445,ORD0164172,P0056,2023-08-16,1,Quality Issue
RET014446,ORD0164201,P0075,2023-02-05,1,Quality Issue
RET014447,ORD0164230,P0061,2024-08-13,1,Damaged in Transit
RET014448,ORD0164230,P0013,2024-08-23,1,Damaged in Transit
RET014449,ORD0164234,P0195,2024-12-01,1,Quality Issue
RET014450,ORD0164263,P0029,2024-09-17,1,Quality Issue
RET014451,ORD0164275,P0031,2023-08-25,1,Customer Changed Mind
RET014452,ORD0164279,P0079,2023-11-25,2,Damaged in Transit
RET014453,ORD0164300,P0023,2023-02-27,2,Customer Changed Mind
RET014454,ORD0164323,P0024,2023-12-29,1,Damaged in Transit
RET014455,ORD0164328,P0070,2024-02-20,1,Customer Changed Mind
RET014456,ORD0164348,P0044,2023-06-04,1,Customer Changed Mind
RET014457,ORD0164358,P0032,2024-02-18,1,Other
RET014458,ORD0164361,P0132,2024-04-09,1,Damaged in Transit
RET014459,ORD0164362,P0117,2024-04-17,1,Customer Changed Mind
RET014460,ORD0164369,P0005,2024-11-03,1,Customer Changed Mind
RET014461,ORD0164393,P0175,2024-05-14,1,Customer Changed Mind
RET014462,ORD0164396,P0028,2024-05-31,1,Customer Changed Mind
RET014463,ORD0164403,P0174,2024-10-14,1,Damaged in Transit
RET014464,ORD0164433,P0169,2023-11-16,1,Wrong Item Delivered
RET014465,ORD0164440,P0029,2024-02-13,2,Other
RET014466,ORD0164449,P0101,2024-08-14,1,Customer Changed Mind
RET014467,ORD0164450,P0050,2024-09-22,2,Wrong Item Delivered
RET014468,ORD0164451,P0099,2024-10-08,1,Customer Changed Mind
RET014469,ORD0164463,P0060,2023-06-10,1,Damaged in Transit
RET014470,ORD0164467,P0099,2023-11-29,1,Damaged in Transit
RET014471,ORD0164474,P0004,2024-10-29,3,Customer Changed Mind
RET014472,ORD0164480,P0109,2023-01-22,2,Late Delivery
RET014473,ORD0164485,P0008,2023-04-29,2,Customer Changed Mind
RET014474,ORD0164494,P0082,2023-10-06,1,Customer Changed Mind
RET014475,ORD0164508,P0183,2024-04-02,1,Damaged in Transit
RET014476,ORD0164513,P0024,2023-01-28,1,Wrong Item Delivered
RET014477,ORD0164543,P0184,2024-11-11,1,Damaged in Transit
RET014478,ORD0164548,P0106,2023-10-11,12,Customer Changed Mind
RET014479,ORD0164562,P0144,2024-11-25,87,Wrong Item Delivered
RET014480,ORD0164575,P0004,2023-04-15,1,Quality Issue
RET014481,ORD0164580,P0083,2023-09-22,2,Late Delivery
RET014482,ORD0164598,P0079,2024-09-29,1,Damaged in Transit
RET014483,ORD0164611,P0095,2023-03-23,1,Late Delivery
RET014484,ORD0164657,P0025,2024-09-21,31,Customer Changed Mind
RET014485,ORD0164663,P0032,2023-04-16,1,Quality Issue
RET014486,ORD0164688,P0116,2024-09-21,1,Customer Changed Mind
RET014487,ORD0164710,P0106,2024-10-11,14,Late Delivery
RET014488,ORD0164716,P0084,2023-03-30,3,Customer Changed Mind
RET014489,ORD0164724,P0174,2023-08-11,3,Quality Issue
RET014490,ORD0164738,P0196,2024-08-26,1,Late Delivery
RET014491,ORD0164746,P0134,2023-01-30,2,Late Delivery
RET014492,ORD0164753,P0162,2023-05-17,2,Damaged in Transit
RET014493,ORD0164771,P0162,2024-03-11,1,Quality Issue
RET014494,ORD0164839,P0152,2024-05-17,2,Damaged in Transit
RET014495,ORD0164870,P0185,2023-10-23,1,Late Delivery
RET014496,ORD0164873,P0030,2023-12-13,1,Customer Changed Mind
RET014497,ORD0164878,P0042,2024-02-09,1,Customer Changed Mind
RET014498,ORD0164879,P0012,2024-02-12,4,Quality Issue
RET014499,ORD0164885,P0162,2024-07-10,3,Damaged in Transit
RET014500,ORD0164889,P0087,2024-10-08,3,Damaged in Transit
RET014501,ORD0164910,P0177,2024-06-06,1,Wrong Item Delivered
RET014502,ORD0164946,P0144,2024-02-26,1,Customer Changed Mind
RET014503,ORD0164971,P0107,2023-12-02,2,Damaged in Transit
RET014504,ORD0164977,P0075,2024-05-08,1,Damaged in Transit
RET014505,ORD0164984,P0195,2024-09-26,1,Quality Issue
RET014506,ORD0165008,P0132,2024-06-10,4,Quality Issue
RET014507,ORD0165029,P0026,2024-03-31,167,Quality Issue
RET014508,ORD0165030,P0011,2024-04-23,48,Damaged in Transit
RET014509,ORD0165030,P0109,2024-04-24,89,Damaged in Transit
RET014510,ORD0165045,P0001,2023-08-25,1,Late Delivery
RET014511,ORD0165056,P0146,2024-03-01,1,Damaged in Transit
RET014512,ORD0165069,P0091,2024-10-03,1,Late Delivery
RET014513,ORD0165083,P0027,2023-03-08,1,Late Delivery
RET014514,ORD0165087,P0082,2023-04-13,2,Other
RET014515,ORD0165091,P0108,2023-08-23,1,Quality Issue
RET014516,ORD0165092,P0094,2023-08-22,1,Damaged in Transit
RET014517,ORD0165126,P0051,2024-11-05,1,Late Delivery
RET014518,ORD0165131,P0118,2023-06-04,2,Customer Changed Mind
RET014519,ORD0165144,P0068,2024-04-16,4,Quality Issue
RET014520,ORD0165149,P0010,2024-12-09,1,Damaged in Transit
RET014521,ORD0165174,P0082,2024-01-18,2,Damaged in Transit
RET014522,ORD0165185,P0045,2024-09-01,1,Damaged in Transit
RET014523,ORD0165193,P0053,2024-12-15,1,Customer Changed Mind
RET014524,ORD0165232,P0138,2023-04-04,75,Customer Changed Mind
RET014525,ORD0165238,P0095,2023-09-12,53,Damaged in Transit
RET014526,ORD0165271,P0180,2024-02-08,1,Customer Changed Mind
RET014527,ORD0165284,P0098,2024-10-28,1,Customer Changed Mind
RET014528,ORD0165285,P0101,2024-10-23,1,Damaged in Transit
RET014529,ORD0165285,P0038,2024-11-02,1,Damaged in Transit
RET014530,ORD0165285,P0192,2024-10-18,1,Damaged in Transit
RET014531,ORD0165312,P0110,2024-06-08,2,Quality Issue
RET014532,ORD0165329,P0111,2023-11-27,2,Customer Changed Mind
RET014533,ORD0165362,P0188,2024-01-25,1,Other
RET014534,ORD0165365,P0109,2024-04-02,1,Wrong Item Delivered
RET014535,ORD0165380,P0144,2023-04-17,1,Quality Issue
RET014536,ORD0165392,P0159,2024-03-08,1,Damaged in Transit
RET014537,ORD0165392,P0168,2024-03-12,1,Damaged in Transit
RET014538,ORD0165418,P0085,2023-03-06,1,Quality Issue
RET014539,ORD0165423,P0047,2023-05-24,1,Customer Changed Mind
RET014540,ORD0165433,P0038,2023-12-23,1,Other
RET014541,ORD0165435,P0137,2024-03-03,2,Damaged in Transit
RET014542,ORD0165479,P0005,2023-12-07,1,Quality Issue
RET014543,ORD0165480,P0107,2023-12-29,2,Wrong Item Delivered
RET014544,ORD0165481,P0179,2024-03-20,2,Quality Issue
RET014545,ORD0165490,P0050,2024-06-27,1,Wrong Item Delivered
RET014546,ORD0165491,P0103,2024-07-12,1,Damaged in Transit
RET014547,ORD0165498,P0183,2024-10-10,2,Quality Issue
RET014548,ORD0165501,P0043,2024-11-23,1,Damaged in Transit
RET014549,ORD0165507,P0166,2023-03-09,1,Wrong Item Delivered
RET014550,ORD0165510,P0104,2023-04-14,1,Damaged in Transit
RET014551,ORD0165519,P0168,2023-12-12,1,Customer Changed Mind
RET014552,ORD0165525,P0131,2024-02-03,1,Customer Changed Mind
RET014553,ORD0165525,P0048,2024-01-27,1,Wrong Item Delivered
RET014554,ORD0165555,P0047,2023-05-20,1,Quality Issue
RET014555,ORD0165558,P0100,2023-08-08,1,Customer Changed Mind
RET014556,ORD0165573,P0115,2023-05-19,20,Quality Issue
RET014557,ORD0165615,P0160,2023-03-05,2,Wrong Item Delivered
RET014558,ORD0165620,P0079,2023-06-26,1,Customer Changed Mind
RET014559,ORD0165620,P0157,2023-06-22,3,Late Delivery
RET014560,ORD0165628,P0170,2024-03-16,1,Wrong Item Delivered
RET014561,ORD0165631,P0060,2024-07-02,1,Customer Changed Mind
RET014562,ORD0165662,P0133,2024-10-21,1,Wrong Item Delivered
RET014563,ORD0165667,P0200,2023-03-21,1,Customer Changed Mind
RET014564,ORD0165710,P0131,2024-12-29,1,Damaged in Transit
RET014565,ORD0165720,P0034,2023-12-21,35,Damaged in Transit
RET014566,ORD0165727,P0004,2024-05-05,36,Damaged in Transit
RET014567,ORD0165739,P0180,2023-05-03,1,Wrong Item Delivered
RET014568,ORD0165753,P0006,2024-06-16,2,Late Delivery
RET014569,ORD0165758,P0109,2024-11-01,4,Customer Changed Mind
RET014570,ORD0165763,P0181,2024-12-09,1,Damaged in Transit
RET014571,ORD0165776,P0122,2023-10-16,1,Late Delivery
RET014572,ORD0165805,P0090,2023-07-19,1,Quality Issue
RET014573,ORD0165812,P0149,2023-12-08,1,Late Delivery
RET014574,ORD0165820,P0068,2024-04-16,1,Quality Issue
RET014575,ORD0165848,P0175,2023-11-13,4,Customer Changed Mind
RET014576,ORD0165874,P0043,2023-06-24,1,Wrong Item Delivered
RET014577,ORD0165885,P0161,2023-10-28,1,Wrong Item Delivered
RET014578,ORD0165898,P0183,2024-06-20,1,Customer Changed Mind
RET014579,ORD0165910,P0187,2024-12-30,1,Wrong Item Delivered
RET014580,ORD0165916,P0015,2023-03-12,1,Quality Issue
RET014581,ORD0165932,P0124,2024-08-14,2,Customer Changed Mind
RET014582,ORD0165956,P0091,2024-09-10,23,Customer Changed Mind
RET014583,ORD0165963,P0062,2023-06-14,215,Customer Changed Mind
RET014584,ORD0165974,P0094,2024-12-30,178,Customer Changed Mind
RET014585,ORD0165976,P0034,2023-02-11,1,Customer Changed Mind
RET014586,ORD0166011,P0034,2023-06-10,14,Quality Issue
RET014587,ORD0166012,P0181,2023-07-24,29,Customer Changed Mind
RET014588,ORD0166019,P0115,2024-10-28,63,Late Delivery
RET014589,ORD0166039,P0106,2024-01-10,1,Customer Changed Mind
RET014590,ORD0166047,P0037,2024-05-25,2,Damaged in Transit
RET014591,ORD0166071,P0177,2023-09-25,70,Wrong Item Delivered
RET014592,ORD0166072,P0109,2023-10-12,73,Damaged in Transit
RET014593,ORD0166075,P0089,2024-01-10,188,Customer Changed Mind
RET014594,ORD0166082,P0137,2024-12-25,23,Other
RET014595,ORD0166084,P0176,2023-02-11,2,Customer Changed Mind
RET014596,ORD0166104,P0036,2024-01-08,2,Quality Issue
RET014597,ORD0166106,P0107,2024-02-14,1,Damaged in Transit
RET014598,ORD0166110,P0192,2024-05-01,1,Customer Changed Mind
RET014599,ORD0166120,P0082,2023-10-09,81,Other
RET014600,ORD0166122,P0078,2024-02-27,327,Customer Changed Mind
RET014601,ORD0166134,P0092,2023-02-15,58,Quality Issue
RET014602,ORD0166163,P0169,2023-07-14,1,Quality Issue
RET014603,ORD0166168,P0074,2023-11-16,1,Quality Issue
RET014604,ORD0166169,P0003,2023-11-17,1,Wrong Item Delivered
RET014605,ORD0166169,P0195,2023-11-16,1,Wrong Item Delivered
RET014606,ORD0166179,P0146,2024-07-23,1,Late Delivery
RET014607,ORD0166227,P0155,2024-11-26,1,Damaged in Transit
RET014608,ORD0166228,P0083,2024-11-18,1,Late Delivery
RET014609,ORD0166243,P0041,2023-10-25,1,Quality Issue
RET014610,ORD0166255,P0154,2024-05-01,1,Quality Issue
RET014611,ORD0166264,P0094,2024-09-20,1,Late Delivery
RET014612,ORD0166273,P0023,2023-01-25,5,Damaged in Transit
RET014613,ORD0166280,P0001,2023-05-14,1,Damaged in Transit
RET014614,ORD0166292,P0032,2023-10-17,2,Damaged in Transit
RET014615,ORD0166308,P0027,2023-02-10,1,Wrong Item Delivered
RET014616,ORD0166311,P0182,2023-03-25,1,Quality Issue
RET014617,ORD0166313,P0013,2023-03-07,1,Customer Changed Mind
RET014618,ORD0166320,P0131,2023-08-22,1,Wrong Item Delivered
RET014619,ORD0166323,P0028,2023-10-13,1,Damaged in Transit
RET014620,ORD0166351,P0065,2024-12-12,1,Damaged in Transit
RET014621,ORD0166360,P0007,2024-03-21,55,Wrong Item Delivered
RET014622,ORD0166367,P0003,2023-02-18,1,Wrong Item Delivered
RET014623,ORD0166376,P0005,2023-06-11,1,Quality Issue
RET014624,ORD0166419,P0011,2024-09-18,30,Damaged in Transit
RET014625,ORD0166421,P0052,2024-10-31,2,Customer Changed Mind
RET014626,ORD0166422,P0015,2024-11-14,8,Quality Issue
RET014627,ORD0166454,P0168,2023-05-05,1,Damaged in Transit
RET014628,ORD0166461,P0146,2023-11-18,1,Customer Changed Mind
RET014629,ORD0166468,P0192,2024-01-01,2,Damaged in Transit
RET014630,ORD0166481,P0047,2024-07-30,1,Wrong Item Delivered
RET014631,ORD0166481,P0061,2024-07-26,1,Wrong Item Delivered
RET014632,ORD0166486,P0050,2024-11-12,1,Wrong Item Delivered
RET014633,ORD0166500,P0178,2024-01-14,1,Quality Issue
RET014634,ORD0166505,P0016,2024-04-23,1,Late Delivery
RET014635,ORD0166515,P0138,2024-09-21,3,Wrong Item Delivered
RET014636,ORD0166523,P0011,2023-04-05,3,Damaged in Transit
RET014637,ORD0166532,P0198,2023-10-14,2,Late Delivery
RET014638,ORD0166537,P0152,2024-02-21,1,Damaged in Transit
RET014639,ORD0166539,P0126,2024-03-12,1,Wrong Item Delivered
RET014640,ORD0166540,P0157,2024-04-16,1,Customer Changed Mind
RET014641,ORD0166541,P0023,2024-04-29,5,Quality Issue
RET014642,ORD0166544,P0198,2024-09-25,3,Damaged in Transit
RET014643,ORD0166593,P0030,2024-06-22,2,Quality Issue
RET014644,ORD0166617,P0044,2023-07-20,1,Damaged in Transit
RET014645,ORD0166625,P0074,2023-12-26,1,Quality Issue
RET014646,ORD0166631,P0137,2024-03-11,1,Customer Changed Mind
RET014647,ORD0166639,P0087,2024-06-12,1,Wrong Item Delivered
RET014648,ORD0166640,P0117,2024-07-18,2,Late Delivery
RET014649,ORD0166649,P0082,2023-01-22,3,Damaged in Transit
RET014650,ORD0166653,P0052,2023-05-27,1,Customer Changed Mind
RET014651,ORD0166660,P0165,2024-01-01,2,Customer Changed Mind
RET014652,ORD0166671,P0188,2024-07-17,1,Customer Changed Mind
RET014653,ORD0166683,P0122,2023-03-22,2,Quality Issue
RET014654,ORD0166703,P0026,2024-05-07,1,Wrong Item Delivered
RET014655,ORD0166714,P0167,2023-03-17,1,Wrong Item Delivered
RET014656,ORD0166714,P0162,2023-03-07,1,Wrong Item Delivered
RET014657,ORD0166717,P0180,2023-05-11,1,Quality Issue
RET014658,ORD0166722,P0186,2023-06-02,1,Damaged in Transit
RET014659,ORD0166729,P0043,2023-08-17,1,Quality Issue
RET014660,ORD0166730,P0073,2023-09-03,1,Customer Changed Mind
RET014661,ORD0166732,P0169,2023-10-03,1,Damaged in Transit
RET014662,ORD0166737,P0127,2024-03-14,1,Other
RET014663,ORD0166742,P0028,2024-05-20,2,Customer Changed Mind
RET014664,ORD0166742,P0127,2024-05-24,1,Wrong Item Delivered
RET014665,ORD0166749,P0049,2024-10-20,1,Wrong Item Delivered
RET014666,ORD0166768,P0157,2023-10-24,1,Quality Issue
RET014667,ORD0166770,P0133,2023-12-02,1,Customer Changed Mind
RET014668,ORD0166773,P0195,2024-03-27,2,Damaged in Transit
RET014669,ORD0166805,P0022,2024-03-14,35,Quality Issue
RET014670,ORD0166808,P0036,2024-07-25,57,Quality Issue
RET014671,ORD0166813,P0007,2024-12-19,2,Wrong Item Delivered
RET014672,ORD0166846,P0100,2024-05-25,1,Other
RET014673,ORD0166852,P0004,2024-08-19,1,Damaged in Transit
RET014674,ORD0166892,P0163,2024-07-21,2,Quality Issue
RET014675,ORD0166893,P0003,2024-07-20,1,Damaged in Transit
RET014676,ORD0166894,P0120,2024-08-03,1,Late Delivery
RET014677,ORD0166926,P0131,2024-12-31,2,Wrong Item Delivered
RET014678,ORD0166942,P0058,2023-11-08,2,Damaged in Transit
RET014679,ORD0166951,P0106,2024-09-27,1,Other
RET014680,ORD0166968,P0032,2024-02-29,2,Customer Changed Mind
RET014681,ORD0166970,P0105,2024-04-26,2,Wrong Item Delivered
RET014682,ORD0166974,P0053,2024-08-30,2,Quality Issue
RET014683,ORD0166989,P0064,2023-01-21,1,Customer Changed Mind
RET014684,ORD0167022,P0126,2024-08-02,1,Customer Changed Mind
RET014685,ORD9999999,P0085,2024-08-08,1,Damaged in Transit
RET014686,ORD0167026,P0129,2024-09-11,1,Other
RET014687,ORD0167032,P0063,2023-04-21,153,Quality Issue
RET014688,ORD0167058,P0032,2023-09-05,1,Quality Issue
RET014689,ORD0167067,P0169,2023-12-07,1,Wrong Item Delivered
RET014690,ORD0167076,P0189,2024-05-18,2,Wrong Item Delivered
RET014691,ORD0167088,P0048,2024-01-09,30,Quality Issue
RET014692,ORD0167090,P0077,2024-04-03,47,Wrong Item Delivered
RET014693,ORD0167092,P0008,2024-06-06,133,Quality Issue
RET014694,ORD0167128,P0104,2023-02-07,2,Damaged in Transit
RET014695,ORD0167134,P0071,2023-04-17,1,Damaged in Transit
RET014696,ORD0167137,P0189,2023-06-02,2,Damaged in Transit
RET014697,ORD0167154,P0159,2023-02-13,1,Damaged in Transit
RET014698,ORD0167155,P0052,2023-02-17,1,Damaged in Transit
RET014699,ORD0167169,P0125,2023-08-05,1,Damaged in Transit
RET014700,ORD0167178,P0165,2024-04-04,1,Customer Changed Mind
RET014701,ORD0167211,P0183,2023-08-07,1,Customer Changed Mind
RET014702,ORD0167224,P0052,2024-02-21,1,Late Delivery
RET014703,ORD0167232,P0196,2024-06-26,1,Other
RET014704,ORD0167261,P0132,2023-11-12,1,Damaged in Transit
RET014705,ORD0167266,P0145,2024-02-12,1,Wrong Item Delivered
RET014706,ORD0167293,P0159,2023-08-18,1,Quality Issue
RET014707,ORD0167301,P0116,2024-04-07,2,Late Delivery
RET014708,ORD0167307,P0056,2024-07-20,1,Wrong Item Delivered
RET014709,ORD0167316,P0129,2023-04-01,43,Wrong Item Delivered
RET014710,ORD0167367,P0136,2023-10-29,4,Quality Issue
RET014711,ORD0167372,P0051,2024-03-03,1,Wrong Item Delivered
RET014712,ORD0167373,P0099,2024-04-07,1,Damaged in Transit
RET014713,ORD0167378,P0087,2024-08-09,4,Late Delivery
RET014714,ORD0167383,P0126,2023-02-17,2,Quality Issue
RET014715,ORD0167388,P0013,2023-09-11,1,Customer Changed Mind
RET014716,ORD0167389,P0122,2023-09-21,17,Damaged in Transit
RET014717,ORD0167401,P0038,2023-03-10,2,Quality Issue
RET014718,ORD0167412,P0137,2023-11-09,1,Quality Issue
RET014719,ORD0167414,P0009,2023-12-10,1,Customer Changed Mind
RET014720,ORD0167430,P0190,2024-10-26,2,Other
RET014721,ORD0167441,P0159,2023-04-03,1,Customer Changed Mind
RET014722,ORD0167442,P0195,2023-04-07,2,Wrong Item Delivered
RET014723,ORD0167490,P0030,2023-07-17,1,Damaged in Transit
RET014724,ORD0167494,P0063,2023-09-19,4,Customer Changed Mind
RET014725,ORD0167503,P0048,2024-05-06,3,Customer Changed Mind
RET014726,ORD0167523,P0023,2023-11-29,1,Wrong Item Delivered
RET014727,ORD0167524,P0198,2023-12-03,1,Other
RET014728,ORD0167544,P0168,2023-01-31,17,Other
RET014729,ORD0167560,P0102,2023-03-03,1,Damaged in Transit
RET014730,ORD0167577,P0123,2024-04-16,1,Damaged in Transit
RET014731,ORD0167580,P0034,2024-07-10,1,Wrong Item Delivered
RET014732,ORD0167617,P0116,2024-12-20,2,Other
RET014733,ORD0167627,P0186,2023-07-18,1,Customer Changed Mind
RET014734,ORD0167637,P0196,2024-05-19,2,Damaged in Transit
RET014735,ORD0167639,P0193,2024-06-25,2,Late Delivery
RET014736,ORD0167639,P0083,2024-06-24,3,Late Delivery
RET014737,ORD0167655,P0144,2023-06-23,1,Quality Issue
RET014738,ORD0167664,P0157,2023-10-02,1,Damaged in Transit
RET014739,ORD0167679,P0165,2024-07-14,1,Other
RET014740,ORD0167681,P0133,2024-08-05,2,Damaged in Transit
RET014741,ORD0167681,P0070,2024-08-19,2,Damaged in Transit
RET014742,ORD0167710,P0109,2024-06-08,3,Customer Changed Mind
RET014743,ORD0167717,P0094,2023-02-19,3,Customer Changed Mind
RET014744,ORD0167719,P0007,2023-03-24,1,Quality Issue
RET014745,ORD0167750,P0132,2023-04-13,1,Customer Changed Mind
RET014746,ORD0167752,P0015,2023-05-04,1,Quality Issue
RET014747,ORD0167754,P0074,2023-05-02,1,Quality Issue
RET014748,ORD0167789,P0158,2024-12-02,1,Wrong Item Delivered
RET014749,ORD0167805,P0104,2024-04-23,1,Quality Issue
RET014750,ORD0167809,P0132,2024-08-30,30,Damaged in Transit
RET014751,ORD0167812,P0113,2024-09-30,16,Quality Issue
RET014752,ORD0167814,P0134,2024-12-28,13,Late Delivery
RET014753,ORD0167823,P0101,2023-11-03,2,Quality Issue
RET014754,ORD0167827,P0025,2024-02-12,3,Late Delivery
RET014755,ORD0167836,P0183,2024-09-17,2,Wrong Item Delivered
RET014756,ORD0167839,P0058,2024-12-21,4,Wrong Item Delivered
RET014757,ORD0167845,P0101,2023-08-25,2,Damaged in Transit
RET014758,ORD0167847,P0169,2023-09-29,4,Wrong Item Delivered
RET014759,ORD0167853,P0165,2024-02-09,1,Damaged in Transit
RET014760,ORD0167866,P0074,2023-04-16,138,Customer Changed Mind
RET014761,ORD0167868,P0032,2023-09-24,25,Customer Changed Mind
RET014762,ORD0167870,P0128,2024-03-03,29,Wrong Item Delivered
RET014763,ORD9999999,P0105,2024-03-07,58,Wrong Item Delivered
RET014764,ORD0167873,P0113,2024-05-03,14,Wrong Item Delivered
RET014765,ORD0167873,P0004,2024-05-04,176,Wrong Item Delivered
RET014766,ORD0167873,P0049,2024-05-14,46,Wrong Item Delivered
RET014767,ORD0167886,P0020,2023-03-31,3,Damaged in Transit
RET014768,ORD0167899,P0037,2024-02-01,1,Quality Issue
RET014769,ORD0167905,P0023,2024-06-17,2,Wrong Item Delivered
RET014770,ORD0167928,P0051,2023-12-25,1,Damaged in Transit
RET014771,ORD0167961,P0198,2024-07-29,5,Other
RET014772,ORD0167982,P0095,2024-10-02,153,Quality Issue
RET014773,ORD0167985,P0070,2023-02-17,1,Wrong Item Delivered
RET014774,ORD0167998,P0159,2023-10-30,1,Quality Issue
RET014775,ORD0168002,P0050,2023-12-25,1,Customer Changed Mind
RET014776,ORD0168030,P0098,2023-04-24,1,Late Delivery
RET014777,ORD0168039,P0066,2023-08-25,2,Damaged in Transit
RET014778,ORD0168044,P0200,2023-11-20,1,Late Delivery
RET014779,ORD0168061,P0123,2023-02-13,3,Quality Issue
RET014780,ORD0168073,P0163,2024-05-02,1,Other
RET014781,ORD0168094,P0123,2023-10-03,1,Late Delivery
RET014782,ORD0168101,P0140,2023-12-15,2,Quality Issue
RET014783,ORD0168108,P0013,2024-04-15,1,Late Delivery
RET014784,ORD0168115,P0059,2024-10-26,2,Wrong Item Delivered
RET014785,ORD0168136,P0044,2023-02-16,1,Wrong Item Delivered
RET014786,ORD0168138,P0070,2023-03-24,1,Wrong Item Delivered
RET014787,ORD0168141,P0199,2023-05-14,2,Customer Changed Mind
RET014788,ORD0168160,P0100,2024-06-10,1,Damaged in Transit
RET014789,ORD0168175,P0084,2023-01-24,2,Damaged in Transit
RET014790,ORD0168175,P0021,2023-01-24,1,Damaged in Transit
RET014791,ORD0168185,P0037,2023-07-30,1,Damaged in Transit
RET014792,ORD0168210,P0162,2023-02-08,82,Damaged in Transit
RET014793,ORD0168216,P0043,2024-06-25,198,Other
RET014794,ORD0168222,P0044,2023-04-15,15,Quality Issue
RET014795,ORD0168224,P0037,2023-06-02,67,Damaged in Transit
RET014796,ORD0168230,P0200,2023-09-19,34,Customer Changed Mind
RET014797,ORD0168231,P0116,2023-11-01,29,Wrong Item Delivered
RET014798,ORD0168233,P0026,2023-12-02,22,Quality Issue
RET014799,ORD0168256,P0098,2023-08-13,1,Damaged in Transit
RET014800,ORD0168260,P0089,2023-10-03,1,Late Delivery
RET014801,ORD0168270,P0097,2024-02-29,1,Wrong Item Delivered
RET014802,ORD0168271,P0087,2024-03-11,1,Customer Changed Mind
RET014803,ORD0168275,P0011,2024-04-19,1,Damaged in Transit
RET014804,ORD0168277,P0068,2024-05-12,1,Damaged in Transit
RET014805,ORD0168282,P0052,2024-11-19,1,Other
RET014806,ORD0168301,P0074,2024-03-16,110,Damaged in Transit
RET014807,ORD0168305,P0024,2023-03-24,1,Customer Changed Mind
RET014808,ORD0168320,P0129,2023-09-24,1,Late Delivery
RET014809,ORD0168324,P0136,2023-11-12,1,Other
RET014810,ORD0168331,P0179,2024-03-27,1,Customer Changed Mind
RET014811,ORD0168339,P0109,2024-05-21,1,Wrong Item Delivered
RET014812,ORD0168357,P0103,2023-07-14,1,Customer Changed Mind
RET014813,ORD0168366,P0157,2023-12-31,1,Damaged in Transit
RET014814,ORD0168380,P0082,2024-09-13,1,Other
RET014815,ORD0168385,P0027,2024-11-28,1,Customer Changed Mind
RET014816,ORD0168401,P0064,2024-12-30,5,Quality Issue
RET014817,ORD0168407,P0032,2023-05-27,1,Customer Changed Mind
RET014818,ORD0168420,P0121,2023-09-19,2,Wrong Item Delivered
RET014819,ORD0168424,P0032,2023-11-25,1,Customer Changed Mind
RET014820,ORD9999999,P0045,2024-04-11,1,Quality Issue
RET014821,ORD0168460,P0131,2023-10-04,1,Damaged in Transit
RET014822,ORD0168465,P0125,2024-04-04,1,Customer Changed Mind
RET014823,ORD0168467,P0028,2024-04-21,1,Wrong Item Delivered
RET014824,ORD0168476,P0131,2024-10-22,2,Quality Issue
RET014825,ORD0168479,P0174,2024-12-26,1,Damaged in Transit
RET014826,ORD0168484,P0165,2023-07-17,1,Damaged in Transit
RET014827,ORD0168484,P0078,2023-07-03,1,Damaged in Transit
RET014828,ORD0168487,P0089,2023-09-04,3,Damaged in Transit
RET014829,ORD0168487,P0200,2023-08-25,2,Damaged in Transit
RET014830,ORD0168493,P0020,2023-12-05,1,Wrong Item Delivered
RET014831,ORD0168497,P0024,2024-05-03,2,Wrong Item Delivered
RET014832,ORD0168508,P0149,2024-12-25,3,Customer Changed Mind
RET014833,ORD0168515,P0068,2023-04-27,1,Other
RET014834,ORD0168527,P0075,2023-11-14,1,Customer Changed Mind
RET014835,ORD9999999,P0044,2024-05-15,1,Wrong Item Delivered
RET014836,ORD0168551,P0093,2023-10-31,4,Customer Changed Mind
RET014837,ORD9999999,P0083,2023-11-15,3,Damaged in Transit
RET014838,ORD0168563,P0171,2024-09-08,4,Other
RET014839,ORD0168568,P0094,2024-12-02,1,Customer Changed Mind
RET014840,ORD0168575,P0001,2023-04-11,5,Wrong Item Delivered
RET014841,ORD0168575,P0050,2023-04-10,1,Damaged in Transit
RET014842,ORD0168596,P0198,2024-07-16,2,Wrong Item Delivered
RET014843,ORD0168596,P0179,2024-07-13,1,Wrong Item Delivered
RET014844,ORD0168623,P0170,2024-08-06,28,Wrong Item Delivered
RET014845,ORD0168660,P0168,2023-09-01,190,Quality Issue
RET014846,ORD0168699,P0182,2023-12-21,3,Damaged in Transit
RET014847,ORD0168717,P0165,2023-04-01,1,Other
RET014848,ORD0168750,P0186,2023-03-19,26,Damaged in Transit
RET014849,ORD0168759,P0123,2023-05-10,1,Quality Issue
RET014850,ORD0168785,P0075,2024-12-22,4,Damaged in Transit
RET014851,ORD0168794,P0044,2023-10-30,2,Late Delivery
RET014852,ORD0168800,P0127,2024-01-26,3,Customer Changed Mind
RET014853,ORD0168804,P0100,2024-05-11,1,Customer Changed Mind
RET014854,ORD0168810,P0200,2024-12-27,2,Quality Issue
RET014855,ORD0168815,P0126,2023-03-20,1,Quality Issue
RET014856,ORD0168815,P0063,2023-03-22,2,Customer Changed Mind
RET014857,ORD0168819,P0036,2023-06-14,1,Customer Changed Mind
RET014858,ORD0168829,P0110,2024-02-04,1,Quality Issue
RET014859,ORD0168834,P0052,2024-04-01,1,Late Delivery
RET014860,ORD0168870,P0003,2024-12-07,4,Damaged in Transit
RET014861,ORD0168877,P0093,2023-03-20,1,Customer Changed Mind
RET014862,ORD0168888,P0012,2024-02-04,2,Customer Changed Mind
RET014863,ORD0168890,P0162,2024-06-23,1,Quality Issue
RET014864,ORD0168894,P0068,2024-12-08,1,Wrong Item Delivered
RET014865,ORD0168896,P0023,2023-02-21,1,Quality Issue
RET014866,ORD0168904,P0106,2023-11-18,1,Customer Changed Mind
RET014867,ORD0168965,P0142,2024-05-05,1,Quality Issue
RET014868,ORD0168996,P0059,2024-01-20,1,Quality Issue
RET014869,ORD0169015,P0199,2023-03-07,2,Quality Issue
RET014870,ORD0169045,P0050,2024-10-25,2,Wrong Item Delivered
RET014871,ORD0169053,P0146,2023-04-03,1,Damaged in Transit
RET014872,ORD0169056,P0068,2023-05-10,1,Damaged in Transit
RET014873,ORD0169072,P0085,2023-11-11,1,Quality Issue
RET014874,ORD0169084,P0003,2024-09-09,1,Wrong Item Delivered
RET014875,ORD0169108,P0140,2023-09-11,2,Customer Changed Mind
RET014876,ORD0169115,P0123,2023-11-26,1,Damaged in Transit
RET014877,ORD0169119,P0182,2024-03-06,1,Damaged in Transit
RET014878,ORD0169137,P0028,2023-06-18,283,Damaged in Transit
RET014879,ORD0169149,P0072,2024-01-25,168,Damaged in Transit
RET014880,ORD9999999,P0045,2024-03-10,168,Wrong Item Delivered
RET014881,ORD0169161,P0048,2023-04-13,1,Customer Changed Mind
RET014882,ORD0169173,P0007,2023-10-29,1,Damaged in Transit
RET014883,ORD0169194,P0043,2024-10-05,1,Customer Changed Mind
RET014884,ORD0169199,P0089,2023-02-04,1,Quality Issue
RET014885,ORD0169207,P0112,2023-07-21,4,Customer Changed Mind
RET014886,ORD0169210,P0023,2023-09-01,3,Damaged in Transit
RET014887,ORD0169227,P0093,2024-10-22,3,Customer Changed Mind
RET014888,ORD0169243,P0187,2023-11-01,2,Damaged in Transit
RET014889,ORD0169278,P0096,2023-05-18,1,Customer Changed Mind
RET014890,ORD0169281,P0085,2023-06-07,1,Quality Issue
RET014891,ORD0169292,P0070,2023-10-18,2,Damaged in Transit
RET014892,ORD0169308,P0001,2024-07-24,1,Wrong Item Delivered
RET014893,ORD0169318,P0050,2023-03-08,125,Late Delivery
RET014894,ORD0169329,P0036,2024-08-19,213,Damaged in Transit
RET014895,ORD0169337,P0056,2023-03-06,2,Customer Changed Mind
RET014896,ORD0169347,P0018,2023-11-29,1,Damaged in Transit
RET014897,ORD0169389,P0168,2023-02-28,1,Late Delivery
RET014898,ORD0169403,P0121,2023-10-17,1,Damaged in Transit
RET014899,ORD0169413,P0111,2023-12-21,1,Quality Issue
RET014900,ORD0169413,P0190,2023-12-12,1,Wrong Item Delivered
RET014901,ORD0169425,P0023,2024-08-01,1,Late Delivery
RET014902,ORD0169427,P0123,2024-09-19,2,Quality Issue
RET014903,ORD0169437,P0131,2023-02-25,2,Late Delivery
RET014904,ORD0169452,P0034,2023-10-24,1,Quality Issue
RET014905,ORD0169459,P0187,2024-01-14,2,Damaged in Transit
RET014906,ORD0169459,P0074,2024-01-13,2,Damaged in Transit
RET014907,ORD0169469,P0049,2023-02-12,1,Damaged in Transit
RET014908,ORD0169493,P0050,2024-11-03,1,Customer Changed Mind
RET014909,ORD0169495,P0151,2024-10-27,1,Wrong Item Delivered
RET014910,ORD0169497,P0194,2024-12-23,1,Quality Issue
RET014911,ORD0169507,P0131,2023-04-27,2,Customer Changed Mind
RET014912,ORD0169513,P0128,2023-10-05,1,Damaged in Transit
RET014913,ORD0169531,P0085,2023-03-24,1,Customer Changed Mind
RET014914,ORD0169531,P0001,2023-04-03,1,Quality Issue
RET014915,ORD0169547,P0061,2024-03-20,1,Late Delivery
RET014916,ORD0169553,P0179,2024-07-22,1,Wrong Item Delivered
RET014917,ORD0169556,P0094,2024-10-09,1,Wrong Item Delivered
RET014918,ORD0169568,P0164,2023-04-27,1,Damaged in Transit
RET014919,ORD0169573,P0087,2023-06-15,1,Late Delivery
RET014920,ORD0169582,P0072,2024-03-09,1,Wrong Item Delivered
RET014921,ORD0169587,P0109,2024-06-24,1,Wrong Item Delivered
RET014922,ORD0169591,P0016,2024-08-04,1,Damaged in Transit
RET014923,ORD0169595,P0001,2024-08-31,1,Wrong Item Delivered
RET014924,ORD0169596,P0180,2024-09-16,1,Late Delivery
RET014925,ORD0169622,P0100,2023-10-21,1,Damaged in Transit
RET014926,ORD0169677,P0123,2024-05-20,222,Customer Changed Mind
RET014927,ORD0169738,P0196,2023-08-12,1,Quality Issue
RET014928,ORD0169741,P0158,2023-08-20,1,Wrong Item Delivered
RET014929,ORD0169756,P0111,2024-04-16,1,Wrong Item Delivered
RET014930,ORD0169761,P0169,2024-07-02,1,Customer Changed Mind
RET014931,ORD0169772,P0141,2024-11-22,1,Other
RET014932,ORD0169788,P0037,2024-02-15,28,Customer Changed Mind
RET014933,ORD0169827,P0132,2023-08-01,3,Damaged in Transit
RET014934,ORD0169828,P0075,2023-08-12,1,Customer Changed Mind
RET014935,ORD0169831,P0188,2023-09-22,1,Wrong Item Delivered
RET014936,ORD0169857,P0148,2023-09-01,6,Quality Issue
RET014937,ORD0169867,P0126,2024-12-27,15,Wrong Item Delivered
RET014938,ORD0169872,P0153,2023-06-17,61,Late Delivery
RET014939,ORD0169885,P0001,2023-03-06,1,Late Delivery
RET014940,ORD0169892,P0192,2023-06-24,2,Damaged in Transit
RET014941,ORD0169896,P0083,2023-08-09,1,Customer Changed Mind
RET014942,ORD0169907,P0183,2024-01-11,1,Quality Issue
RET014943,ORD0169918,P0047,2024-05-30,2,Late Delivery
RET014944,ORD0169926,P0157,2024-10-25,1,Wrong Item Delivered
RET014945,ORD0169934,P0062,2023-05-03,125,Wrong Item Delivered
RET014946,ORD0169937,P0050,2023-08-23,155,Damaged in Transit
RET014947,ORD0169954,P0126,2023-08-01,3,Damaged in Transit
RET014948,ORD0169958,P0119,2024-02-03,2,Damaged in Transit
RET014949,ORD0169959,P0002,2024-02-24,1,Damaged in Transit
RET014950,ORD0169977,P0132,2023-03-09,2,Wrong Item Delivered
RET014951,ORD0169985,P0168,2023-05-16,2,Damaged in Transit
RET014952,ORD0169992,P0022,2023-08-10,1,Quality Issue
RET014953,ORD0170011,P0002,2024-12-22,1,Damaged in Transit
RET014954,ORD0170027,P0177,2024-02-06,1,Late Delivery
RET014955,ORD0170027,P0070,2024-02-06,2,Damaged in Transit
RET014956,ORD0170032,P0062,2024-05-07,1,Late Delivery
RET014957,ORD0170034,P0149,2024-08-08,1,Damaged in Transit
RET014958,ORD0170047,P0170,2023-03-13,1,Quality Issue
RET014959,ORD0170049,P0074,2023-03-27,3,Customer Changed Mind
RET014960,ORD0170050,P0010,2023-04-20,1,Other
RET014961,ORD0170061,P0137,2024-01-28,3,Customer Changed Mind
RET014962,ORD0170065,P0100,2024-03-06,1,Customer Changed Mind
RET014963,ORD0170075,P0026,2023-01-24,1,Quality Issue
RET014964,ORD0170089,P0036,2024-02-07,3,Wrong Item Delivered
RET014965,ORD0170094,P0106,2024-10-12,1,Damaged in Transit
RET014966,ORD0170110,P0179,2023-10-07,1,Other
RET014967,ORD0170117,P0128,2024-01-23,1,Late Delivery
RET014968,ORD0170142,P0124,2023-08-18,1,Wrong Item Delivered
RET014969,ORD0170151,P0123,2024-09-01,1,Wrong Item Delivered
RET014970,ORD0170164,P0156,2023-03-30,1,Wrong Item Delivered
RET014971,ORD0170169,P0177,2023-06-30,1,Damaged in Transit
RET014972,ORD0170180,P0027,2024-02-24,2,Damaged in Transit
RET014973,ORD0170189,P0083,2024-06-11,1,Wrong Item Delivered
RET014974,ORD0170192,P0070,2024-07-09,1,Late Delivery
RET014975,ORD0170195,P0077,2024-09-11,2,Wrong Item Delivered
RET014976,ORD0170196,P0087,2024-09-25,1,Late Delivery
RET014977,ORD0170214,P0034,2023-12-21,2,Wrong Item Delivered
RET014978,ORD0170227,P0049,2024-08-28,1,Quality Issue
RET014979,ORD0170235,P0106,2023-03-17,2,Customer Changed Mind
RET014980,ORD0170247,P0027,2023-08-29,1,Customer Changed Mind
RET014981,ORD0170259,P0184,2023-12-19,1,Wrong Item Delivered
RET014982,ORD0170261,P0051,2024-01-05,1,Damaged in Transit
RET014983,ORD0170269,P0195,2024-07-06,1,Damaged in Transit
RET014984,ORD0170269,P0079,2024-06-19,1,Damaged in Transit
RET014985,ORD0170280,P0123,2024-12-30,2,Wrong Item Delivered
RET014986,ORD0170301,P0101,2024-09-14,38,Customer Changed Mind
RET014987,ORD0170321,P0049,2024-01-11,1,Damaged in Transit
RET014988,ORD0170334,P0133,2024-07-17,1,Customer Changed Mind
RET014989,ORD0170349,P0056,2023-11-06,109,Other
RET014990,ORD0170363,P0028,2023-03-03,1,Other
RET014991,ORD0170370,P0188,2023-06-26,2,Late Delivery
RET014992,ORD0170377,P0200,2023-09-11,1,Quality Issue
RET014993,ORD0170389,P0126,2024-02-03,1,Damaged in Transit
RET014994,ORD0170392,P0040,2024-03-05,1,Customer Changed Mind
RET014995,ORD0170400,P0064,2024-05-29,1,Customer Changed Mind
RET014996,ORD0170408,P0078,2024-11-11,2,Other
RET014997,ORD0170424,P0058,2024-02-22,1,Wrong Item Delivered
RET014998,ORD0170424,P0070,2024-03-04,2,Wrong Item Delivered
RET014999,ORD0170440,P0111,2023-05-07,2,Quality Issue
RET015000,ORD0170453,P0095,2024-01-21,5,Customer Changed Mind
RET015001,ORD0170466,P0008,2023-03-30,20,Customer Changed Mind
RET015002,ORD0170473,P0183,2024-04-22,13,Wrong Item Delivered
RET015003,ORD0170490,P0100,2023-11-02,1,Customer Changed Mind
RET015004,ORD0170516,P0093,2023-03-03,1,Other
RET015005,ORD0170520,P0085,2023-06-09,1,Customer Changed Mind
RET015006,ORD0170522,P0160,2023-06-16,1,Customer Changed Mind
RET015007,ORD0170524,P0129,2023-08-13,1,Quality Issue
RET015008,ORD0170563,P0126,2023-09-20,1,Quality Issue
RET015009,ORD0170572,P0056,2024-07-20,2,Late Delivery
RET015010,ORD0170574,P0150,2024-08-17,1,Damaged in Transit
RET015011,ORD0170590,P0037,2024-03-01,1,Late Delivery
RET015012,ORD0170607,P0121,2023-08-13,1,Quality Issue
RET015013,ORD0170622,P0110,2024-08-31,2,Damaged in Transit
RET015014,ORD0170627,P0083,2024-11-30,1,Late Delivery
RET015015,ORD0170632,P0177,2023-04-15,2,Other
RET015016,ORD0170662,P0137,2024-12-30,2,Quality Issue
RET015017,ORD0170683,P0114,2024-03-14,2,Damaged in Transit
RET015018,ORD0170699,P0105,2024-12-02,1,Damaged in Transit
RET015019,ORD0170709,P0198,2023-11-25,11,Customer Changed Mind
RET015020,ORD0170718,P0039,2023-03-09,1,Damaged in Transit
RET015021,ORD0170724,P0200,2023-05-24,1,Customer Changed Mind
RET015022,ORD0170741,P0023,2024-02-26,1,Quality Issue
RET015023,ORD0170753,P0073,2024-10-02,2,Customer Changed Mind
RET015024,ORD0170764,P0048,2023-06-08,1,Wrong Item Delivered
RET015025,ORD0170774,P0176,2024-02-20,1,Late Delivery
RET015026,ORD0170774,P0132,2024-03-01,2,Other
RET015027,ORD0170778,P0179,2024-04-22,2,Quality Issue
RET015028,ORD0170780,P0026,2024-09-03,1,Customer Changed Mind
RET015029,ORD0170781,P0044,2024-10-11,5,Customer Changed Mind
RET015030,ORD0170800,P0053,2024-06-05,1,Wrong Item Delivered
RET015031,ORD0170821,P0019,2024-08-06,1,Quality Issue
RET015032,ORD0170827,P0121,2024-12-16,1,Wrong Item Delivered
RET015033,ORD0170831,P0185,2023-09-12,228,Wrong Item Delivered
RET015034,ORD0170833,P0024,2024-05-17,177,Other
RET015035,ORD0170839,P0174,2024-11-25,4,Damaged in Transit
RET015036,ORD0170844,P0020,2023-05-07,1,Wrong Item Delivered
RET015037,ORD0170853,P0006,2023-12-21,2,Damaged in Transit
RET015038,ORD0170860,P0047,2024-04-20,4,Wrong Item Delivered
RET015039,ORD0170869,P0101,2023-02-24,22,Wrong Item Delivered
RET015040,ORD0170881,P0109,2024-12-02,39,Customer Changed Mind
RET015041,ORD0170894,P0143,2023-10-03,1,Damaged in Transit
RET015042,ORD0170894,P0179,2023-10-06,1,Damaged in Transit
RET015043,ORD0170925,P0116,2024-02-29,32,Wrong Item Delivered
RET015044,ORD0170932,P0060,2024-10-09,20,Wrong Item Delivered
RET015045,ORD0170937,P0136,2023-04-09,264,Quality Issue
RET015046,ORD0170946,P0107,2024-02-15,34,Customer Changed Mind
RET015047,ORD0170972,P0101,2023-05-13,1,Wrong Item Delivered
RET015048,ORD0170983,P0125,2024-01-16,2,Quality Issue
RET015049,ORD0170985,P0015,2024-02-16,1,Other
RET015050,ORD0170994,P0166,2024-07-03,1,Customer Changed Mind
RET015051,ORD0171004,P0061,2024-11-14,1,Late Delivery
RET015052,ORD0171072,P0034,2023-11-04,1,Wrong Item Delivered
RET015053,ORD0171072,P0148,2023-11-03,1,Wrong Item Delivered
RET015054,ORD0171077,P0074,2024-01-13,1,Customer Changed Mind
RET015055,ORD0171079,P0094,2024-02-11,1,Late Delivery
RET015056,ORD0171090,P0114,2024-07-06,1,Damaged in Transit
RET015057,ORD9999999,P0153,2024-10-01,1,Late Delivery
RET015058,ORD0171146,P0008,2023-06-18,1,Customer Changed Mind
RET015059,ORD0171150,P0108,2023-09-04,1,Quality Issue
RET015060,ORD0171161,P0126,2024-03-19,1,Customer Changed Mind
RET015061,ORD0171168,P0101,2024-09-29,1,Wrong Item Delivered
RET015062,ORD0171173,P0189,2024-12-15,1,Customer Changed Mind
RET015063,ORD0171174,P0049,2023-02-03,41,Quality Issue
RET015064,ORD0171184,P0049,2024-05-09,31,Customer Changed Mind
RET015065,ORD0171198,P0115,2023-06-10,17,Damaged in Transit
RET015066,ORD0171213,P0134,2024-09-23,9,Quality Issue
RET015067,ORD0171219,P0049,2023-11-09,90,Customer Changed Mind
RET015068,ORD0171223,P0124,2024-10-12,145,Wrong Item Delivered
RET015069,ORD0171225,P0164,2024-12-29,201,Quality Issue
RET015070,ORD0171227,P0051,2023-01-19,242,Other
RET015071,ORD0171248,P0141,2023-07-25,1,Customer Changed Mind
RET015072,ORD0171252,P0015,2023-09-03,4,Customer Changed Mind
RET015073,ORD0171259,P0168,2024-05-29,1,Wrong Item Delivered
RET015074,ORD0171277,P0047,2023-07-14,1,Other
RET015075,ORD0171293,P0060,2024-12-06,2,Customer Changed Mind
RET015076,ORD0171298,P0024,2023-04-21,1,Damaged in Transit
RET015077,ORD0171333,P0035,2024-11-12,1,Quality Issue
RET015078,ORD0171344,P0111,2023-06-10,2,Late Delivery
RET015079,ORD0171351,P0190,2024-02-28,1,Quality Issue
RET015080,ORD0171369,P0027,2024-12-24,1,Late Delivery
RET015081,ORD0171392,P0197,2024-01-12,1,Damaged in Transit
RET015082,ORD0171397,P0196,2024-03-31,1,Customer Changed Mind
RET015083,ORD0171403,P0038,2024-09-03,1,Quality Issue
RET015084,ORD0171405,P0034,2024-09-02,1,Late Delivery
RET015085,ORD0171419,P0163,2023-11-07,1,Wrong Item Delivered
RET015086,ORD0171479,P0008,2024-03-12,2,Damaged in Transit
RET015087,ORD0171494,P0078,2024-12-07,1,Damaged in Transit
RET015088,ORD0171497,P0137,2023-02-14,4,Damaged in Transit
RET015089,ORD0171497,P0168,2023-02-28,1,Damaged in Transit
RET015090,ORD0171498,P0166,2023-04-27,1,Wrong Item Delivered
RET015091,ORD0171500,P0065,2023-06-19,3,Customer Changed Mind
RET015092,ORD0171501,P0082,2023-07-15,1,Wrong Item Delivered
RET015093,ORD0171506,P0052,2023-09-03,1,Quality Issue
RET015094,ORD0171510,P0114,2023-12-02,1,Damaged in Transit
RET015095,ORD0171519,P0154,2024-04-28,1,Wrong Item Delivered
RET015096,ORD0171541,P0178,2023-10-28,1,Quality Issue
RET015097,ORD0171562,P0112,2024-09-15,1,Customer Changed Mind
RET015098,ORD0171596,P0027,2023-06-09,1,Damaged in Transit
RET015099,ORD0171597,P0109,2023-07-26,1,Other
RET015100,ORD0171609,P0074,2023-12-31,1,Damaged in Transit
RET015101,ORD0171638,P0158,2023-11-24,4,Damaged in Transit
RET015102,ORD0171640,P0110,2024-02-01,2,Customer Changed Mind
RET015103,ORD0171644,P0103,2024-06-15,1,Wrong Item Delivered
RET015104,ORD0171646,P0176,2024-06-20,2,Quality Issue
RET015105,ORD0171664,P0060,2023-06-19,1,Wrong Item Delivered
RET015106,ORD0171669,P0078,2023-10-19,1,Customer Changed Mind
RET015107,ORD0171685,P0008,2024-10-12,1,Damaged in Transit
RET015108,ORD0171693,P0198,2023-01-22,1,Other
RET015109,ORD0171714,P0032,2024-06-23,1,Quality Issue
RET015110,ORD0171726,P0008,2023-11-01,1,Other
RET015111,ORD0171731,P0094,2023-12-26,1,Customer Changed Mind
RET015112,ORD0171744,P0185,2024-09-18,1,Late Delivery
RET015113,ORD0171752,P0105,2023-04-10,1,Wrong Item Delivered
RET015114,ORD0171765,P0173,2023-12-13,2,Wrong Item Delivered
RET015115,ORD0171785,P0079,2023-02-08,1,Damaged in Transit
RET015116,ORD0171792,P0037,2023-05-17,1,Customer Changed Mind
RET015117,ORD0171793,P0023,2023-05-31,1,Other
RET015118,ORD0171803,P0046,2023-12-05,1,Damaged in Transit
RET015119,ORD0171810,P0181,2024-02-12,1,Late Delivery
RET015120,ORD0171864,P0017,2023-02-27,2,Wrong Item Delivered
RET015121,ORD0171885,P0068,2024-02-08,1,Late Delivery
RET015122,ORD0171893,P0004,2024-05-21,1,Damaged in Transit
RET015123,ORD0171903,P0196,2024-12-18,2,Damaged in Transit
RET015124,ORD0171925,P0168,2024-04-28,1,Customer Changed Mind
RET015125,ORD0171945,P0079,2023-02-25,1,Damaged in Transit
RET015126,ORD0171975,P0038,2024-12-04,3,Damaged in Transit
RET015127,ORD0171991,P0179,2024-02-12,1,Customer Changed Mind
RET015128,ORD0172040,P0084,2024-10-17,1,Late Delivery
RET015129,ORD0172055,P0183,2023-07-20,1,Wrong Item Delivered
RET015130,ORD0172072,P0016,2024-06-15,2,Quality Issue
RET015131,ORD0172077,P0137,2024-09-04,2,Customer Changed Mind
RET015132,ORD0172080,P0109,2024-11-17,1,Customer Changed Mind
RET015133,ORD0172081,P0004,2024-12-12,1,Damaged in Transit
RET015134,ORD0172083,P0157,2023-02-01,2,Other
RET015135,ORD0172109,P0019,2024-08-09,1,Customer Changed Mind
RET015136,ORD0172121,P0020,2023-05-21,2,Late Delivery
RET015137,ORD0172147,P0112,2024-10-22,1,Quality Issue
RET015138,ORD0172161,P0015,2023-11-07,1,Quality Issue
RET015139,ORD0172190,P0076,2023-09-25,1,Damaged in Transit
RET015140,ORD0172198,P0009,2024-07-10,1,Damaged in Transit
RET015141,ORD0172209,P0125,2023-04-01,1,Damaged in Transit
RET015142,ORD0172221,P0182,2024-08-08,2,Damaged in Transit
RET015143,ORD0172221,P0047,2024-08-10,5,Damaged in Transit
RET015144,ORD0172238,P0079,2023-06-11,1,Customer Changed Mind
RET015145,ORD0172256,P0050,2024-04-24,1,Customer Changed Mind
RET015146,ORD0172287,P0157,2024-01-22,1,Wrong Item Delivered
RET015147,ORD9999999,P0017,2024-06-09,1,Late Delivery
RET015148,ORD0172320,P0169,2024-02-12,1,Customer Changed Mind
RET015149,ORD0172328,P0144,2024-08-28,1,Customer Changed Mind
RET015150,ORD0172352,P0041,2024-05-19,1,Damaged in Transit
RET015151,ORD0172355,P0045,2024-07-02,3,Customer Changed Mind
RET015152,ORD0172357,P0149,2024-12-13,3,Quality Issue
RET015153,ORD0172360,P0131,2023-03-18,1,Damaged in Transit
RET015154,ORD0172364,P0174,2023-09-03,1,Late Delivery
RET015155,ORD0172365,P0047,2023-09-13,4,Damaged in Transit
RET015156,ORD0172366,P0132,2023-10-11,1,Quality Issue
RET015157,ORD0172384,P0070,2023-03-21,2,Damaged in Transit
RET015158,ORD0172390,P0166,2023-07-18,1,Customer Changed Mind
RET015159,ORD0172406,P0195,2024-06-26,3,Wrong Item Delivered
RET015160,ORD0172429,P0010,2024-01-04,1,Wrong Item Delivered
RET015161,ORD0172447,P0196,2024-11-30,2,Damaged in Transit
RET015162,ORD0172451,P0182,2024-12-23,1,Quality Issue
RET015163,ORD0172466,P0051,2024-10-28,64,Late Delivery
RET015164,ORD0172479,P0027,2023-06-18,2,Wrong Item Delivered
RET015165,ORD0172484,P0082,2023-09-13,2,Wrong Item Delivered
RET015166,ORD0172485,P0039,2023-09-28,1,Damaged in Transit
RET015167,ORD0172485,P0011,2023-10-04,1,Damaged in Transit
RET015168,ORD0172495,P0162,2023-12-22,1,Quality Issue
RET015169,ORD0172510,P0138,2024-09-13,1,Damaged in Transit
RET015170,ORD0172552,P0036,2023-05-01,1,Damaged in Transit
RET015171,ORD0172552,P0035,2023-05-01,2,Damaged in Transit
RET015172,ORD0172579,P0023,2023-08-30,1,Customer Changed Mind
RET015173,ORD0172583,P0096,2023-11-30,3,Other
RET015174,ORD0172591,P0133,2024-07-03,1,Quality Issue
RET015175,ORD0172604,P0186,2023-05-16,3,Quality Issue
RET015176,ORD0172609,P0017,2023-11-07,1,Wrong Item Delivered
RET015177,ORD0172612,P0019,2024-02-06,1,Wrong Item Delivered
RET015178,ORD0172617,P0067,2024-07-26,1,Quality Issue
RET015179,ORD0172621,P0148,2024-09-18,2,Other
RET015180,ORD0172646,P0126,2023-02-28,1,Customer Changed Mind
RET015181,ORD0172647,P0028,2023-03-11,1,Damaged in Transit
RET015182,ORD0172651,P0053,2023-05-03,1,Other
RET015183,ORD0172655,P0034,2023-07-02,1,Damaged in Transit
RET015184,ORD0172658,P0112,2023-08-21,1,Wrong Item Delivered
RET015185,ORD0172667,P0046,2024-01-09,1,Wrong Item Delivered
RET015186,ORD0172670,P0010,2024-02-11,1,Late Delivery
RET015187,ORD0172703,P0032,2024-01-08,1,Quality Issue
RET015188,ORD0172714,P0195,2024-05-30,1,Other
RET015189,ORD0172747,P0186,2023-03-21,77,Wrong Item Delivered
RET015190,ORD0172757,P0034,2024-08-06,137,Quality Issue
RET015191,ORD0172758,P0152,2024-09-21,75,Wrong Item Delivered
RET015192,ORD0172760,P0031,2024-11-05,82,Wrong Item Delivered
RET015193,ORD0172767,P0044,2023-06-05,1,Damaged in Transit
RET015194,ORD0172780,P0131,2024-05-10,1,Wrong Item Delivered
RET015195,ORD0172785,P0089,2024-07-04,2,Wrong Item Delivered
RET015196,ORD0172789,P0004,2024-09-23,5,Customer Changed Mind
RET015197,ORD0172791,P0111,2024-10-27,1,Damaged in Transit
RET015198,ORD0172818,P0032,2024-05-04,1,Quality Issue
RET015199,ORD0172821,P0034,2024-07-29,1,Customer Changed Mind
RET015200,ORD0172825,P0166,2024-10-16,1,Late Delivery
RET015201,ORD0172828,P0011,2024-11-26,2,Other
RET015202,ORD0172865,P0073,2023-10-04,44,Wrong Item Delivered
RET015203,ORD0172867,P0123,2024-02-17,19,Customer Changed Mind
RET015204,ORD0172879,P0122,2023-06-27,122,Damaged in Transit
RET015205,ORD0172882,P0187,2023-09-24,44,Quality Issue
RET015206,ORD0172889,P0056,2024-10-09,1,Quality Issue
RET015207,ORD0172925,P0085,2023-05-06,8,Customer Changed Mind
RET015208,ORD0172941,P0159,2024-12-24,1,Late Delivery
RET015209,ORD0172973,P0133,2023-08-10,2,Wrong Item Delivered
RET015210,ORD0172982,P0052,2024-01-09,1,Damaged in Transit
RET015211,ORD0172985,P0003,2024-04-26,1,Wrong Item Delivered
RET015212,ORD0172986,P0053,2024-04-30,1,Damaged in Transit
RET015213,ORD0173013,P0088,2024-01-13,336,Late Delivery
RET015214,ORD0173014,P0093,2024-02-27,53,Wrong Item Delivered
RET015215,ORD0173033,P0019,2024-05-21,3,Customer Changed Mind
RET015216,ORD0173050,P0170,2024-07-14,80,Wrong Item Delivered
RET015217,ORD0173051,P0126,2024-07-29,111,Other
RET015218,ORD0173086,P0109,2024-11-10,1,Damaged in Transit
RET015219,ORD0173095,P0020,2023-02-07,2,Wrong Item Delivered
RET015220,ORD0173100,P0140,2023-04-15,1,Damaged in Transit
RET015221,ORD0173109,P0074,2023-08-22,1,Customer Changed Mind
RET015222,ORD0173118,P0142,2023-12-13,1,Damaged in Transit
RET015223,ORD0173119,P0159,2024-01-03,1,Customer Changed Mind
RET015224,ORD0173123,P0083,2024-05-01,1,Wrong Item Delivered
RET015225,ORD0173137,P0026,2024-12-11,1,Damaged in Transit
RET015226,ORD0173139,P0016,2023-01-27,1,Customer Changed Mind
RET015227,ORD0173161,P0051,2024-04-21,3,Damaged in Transit
RET015228,ORD0173173,P0034,2023-05-11,21,Customer Changed Mind
RET015229,ORD0173178,P0114,2023-11-17,13,Quality Issue
RET015230,ORD0173178,P0132,2023-11-18,8,Customer Changed Mind
RET015231,ORD0173181,P0109,2024-04-02,26,Late Delivery
RET015232,ORD0173185,P0037,2024-06-10,33,Wrong Item Delivered
RET015233,ORD0173190,P0196,2023-03-10,4,Quality Issue
RET015234,ORD0173201,P0020,2023-12-14,4,Customer Changed Mind
RET015235,ORD0173202,P0157,2024-03-29,1,Quality Issue
RET015236,ORD0173225,P0122,2024-01-01,1,Other
RET015237,ORD0173229,P0166,2024-06-09,2,Damaged in Transit
RET015238,ORD0173231,P0051,2024-11-11,1,Damaged in Transit
RET015239,ORD0173246,P0132,2023-12-09,1,Damaged in Transit
RET015240,ORD0173250,P0129,2024-05-20,3,Damaged in Transit
RET015241,ORD0173250,P0049,2024-05-30,1,Customer Changed Mind
RET015242,ORD0173271,P0085,2023-11-20,1,Wrong Item Delivered
RET015243,ORD0173272,P0165,2023-12-13,1,Damaged in Transit
RET015244,ORD0173272,P0117,2023-12-19,1,Damaged in Transit
RET015245,ORD0173278,P0016,2024-05-30,2,Damaged in Transit
RET015246,ORD0173288,P0132,2023-05-21,1,Late Delivery
RET015247,ORD0173289,P0050,2023-06-19,1,Other
RET015248,ORD0173290,P0003,2023-08-12,1,Wrong Item Delivered
RET015249,ORD0173292,P0179,2023-10-06,3,Other
RET015250,ORD0173292,P0052,2023-10-01,1,Customer Changed Mind
RET015251,ORD0173293,P0032,2023-11-10,2,Wrong Item Delivered
RET015252,ORD0173305,P0107,2024-12-28,1,Late Delivery
RET015253,ORD0173316,P0077,2023-10-31,1,Customer Changed Mind
RET015254,ORD0173321,P0195,2024-02-07,17,Damaged in Transit
RET015255,ORD0173324,P0140,2024-04-26,13,Quality Issue
RET015256,ORD0173327,P0187,2024-08-25,42,Quality Issue
RET015257,ORD0173333,P0113,2023-04-11,2,Other
RET015258,ORD0173346,P0163,2024-04-19,5,Wrong Item Delivered
RET015259,ORD0173347,P0182,2024-08-03,2,Customer Changed Mind
RET015260,ORD0173351,P0177,2024-11-15,1,Quality Issue
RET015261,ORD0173358,P0012,2023-05-24,4,Customer Changed Mind
RET015262,ORD0173382,P0158,2024-10-27,1,Other
RET015263,ORD0173395,P0095,2023-11-24,1,Other
RET015264,ORD0173421,P0174,2023-04-10,1,Damaged in Transit
RET015265,ORD0173434,P0187,2023-12-10,2,Customer Changed Mind
RET015266,ORD0173434,P0107,2023-12-09,1,Quality Issue
RET015267,ORD0173455,P0063,2023-04-11,1,Wrong Item Delivered
RET015268,ORD0173460,P0179,2023-08-11,1,Wrong Item Delivered
RET015269,ORD0173469,P0189,2023-11-18,1,Wrong Item Delivered
RET015270,ORD0173496,P0137,2024-12-15,1,Customer Changed Mind
RET015271,ORD0173497,P0107,2024-12-28,1,Damaged in Transit
RET015272,ORD0173502,P0023,2023-04-10,1,Customer Changed Mind
RET015273,ORD0173506,P0200,2023-04-08,5,Damaged in Transit
RET015274,ORD0173514,P0132,2023-10-03,1,Quality Issue
RET015275,ORD0173526,P0183,2024-07-10,2,Quality Issue
RET015276,ORD0173528,P0074,2024-09-16,1,Wrong Item Delivered
RET015277,ORD0173529,P0116,2024-10-03,1,Damaged in Transit
RET015278,ORD9999999,P0076,2024-11-24,1,Wrong Item Delivered
RET015279,ORD0173531,P0106,2024-12-09,1,Customer Changed Mind
RET015280,ORD0173545,P0172,2023-12-13,2,Other
RET015281,ORD0173554,P0139,2024-11-17,1,Wrong Item Delivered
RET015282,ORD0173559,P0127,2023-02-05,4,Customer Changed Mind
RET015283,ORD0173567,P0188,2023-06-02,1,Quality Issue
RET015284,ORD0173597,P0123,2023-08-29,1,Customer Changed Mind
RET015285,ORD0173599,P0149,2023-09-03,1,Quality Issue
RET015286,ORD0173601,P0069,2023-09-29,4,Quality Issue
RET015287,ORD0173604,P0100,2024-01-22,1,Wrong Item Delivered
RET015288,ORD0173628,P0162,2023-08-29,1,Customer Changed Mind
RET015289,ORD0173629,P0044,2023-09-01,1,Wrong Item Delivered
RET015290,ORD0173637,P0051,2024-08-08,1,Customer Changed Mind
RET015291,ORD0173657,P0087,2024-09-17,3,Quality Issue
RET015292,ORD0173691,P0124,2024-01-22,21,Damaged in Transit
RET015293,ORD0173711,P0015,2023-10-30,3,Damaged in Transit
RET015294,ORD0173718,P0093,2024-06-23,1,Wrong Item Delivered
RET015295,ORD0173721,P0059,2024-07-28,5,Customer Changed Mind
RET015296,ORD0173738,P0059,2024-01-01,7,Damaged in Transit
RET015297,ORD0173741,P0063,2024-01-16,18,Late Delivery
RET015298,ORD0173756,P0012,2023-02-15,13,Damaged in Transit
RET015299,ORD0173776,P0165,2024-12-30,28,Damaged in Transit
RET015300,ORD0173776,P0079,2024-12-15,32,Damaged in Transit
RET015301,ORD0173788,P0093,2023-09-19,1,Wrong Item Delivered
RET015302,ORD0173788,P0176,2023-10-01,1,Wrong Item Delivered
RET015303,ORD0173801,P0029,2024-06-29,1,Wrong Item Delivered
RET015304,ORD0173809,P0077,2024-11-11,2,Damaged in Transit
RET015305,ORD0173825,P0115,2024-05-07,2,Damaged in Transit
RET015306,ORD0173841,P0056,2023-12-22,4,Damaged in Transit
RET015307,ORD0173844,P0093,2024-03-06,1,Late Delivery
RET015308,ORD0173850,P0162,2024-06-08,1,Quality Issue
RET015309,ORD0173854,P0144,2024-06-24,1,Wrong Item Delivered
RET015310,ORD0173860,P0083,2024-11-17,4,Quality Issue
RET015311,ORD0173870,P0058,2024-05-20,124,Customer Changed Mind
RET015312,ORD0173877,P0146,2023-03-20,1,Late Delivery
RET015313,ORD0173903,P0117,2024-03-13,1,Customer Changed Mind
RET015314,ORD0173911,P0198,2024-07-20,1,Customer Changed Mind
RET015315,ORD0173920,P0044,2024-11-11,2,Quality Issue
RET015316,ORD0173939,P0020,2024-07-20,305,Customer Changed Mind
RET015317,ORD0173945,P0123,2023-03-01,1,Wrong Item Delivered
RET015318,ORD0173960,P0064,2023-10-05,1,Wrong Item Delivered
RET015319,ORD0173994,P0157,2024-06-05,41,Quality Issue
RET015320,ORD0174002,P0122,2023-06-10,5,Quality Issue
RET015321,ORD0174025,P0087,2024-08-22,3,Damaged in Transit
RET015322,ORD0174066,P0195,2024-05-20,1,Wrong Item Delivered
RET015323,ORD0174071,P0063,2024-07-17,2,Late Delivery
RET015324,ORD0174081,P0170,2024-12-07,1,Customer Changed Mind
RET015325,ORD0174123,P0179,2024-11-06,4,Damaged in Transit
RET015326,ORD0174143,P0137,2024-09-20,43,Customer Changed Mind
RET015327,ORD0174144,P0048,2023-01-29,1,Damaged in Transit
RET015328,ORD0174154,P0123,2023-07-31,3,Damaged in Transit
RET015329,ORD0174167,P0005,2024-06-04,2,Late Delivery
RET015330,ORD0174171,P0016,2024-07-10,3,Late Delivery
RET015331,ORD0174177,P0037,2023-02-23,2,Damaged in Transit
RET015332,ORD0174182,P0165,2023-05-25,1,Damaged in Transit
RET015333,ORD0174210,P0040,2024-10-21,1,Late Delivery
RET015334,ORD0174214,P0060,2024-11-01,1,Damaged in Transit
RET015335,ORD0174223,P0108,2023-03-20,1,Damaged in Transit
RET015336,ORD0174223,P0144,2023-03-13,4,Damaged in Transit
RET015337,ORD0174232,P0098,2023-11-03,3,Customer Changed Mind
RET015338,ORD0174239,P0159,2024-04-05,1,Quality Issue
RET015339,ORD0174245,P0005,2024-07-18,3,Wrong Item Delivered
RET015340,ORD0174269,P0059,2023-05-05,2,Wrong Item Delivered
RET015341,ORD0174277,P0050,2023-09-01,2,Damaged in Transit
RET015342,ORD9999999,P0143,2024-12-09,2,Late Delivery
RET015343,ORD0174312,P0110,2023-12-29,1,Late Delivery
RET015344,ORD0174322,P0184,2024-05-19,1,Wrong Item Delivered
RET015345,ORD0174343,P0027,2023-05-26,1,Damaged in Transit
RET015346,ORD0174350,P0123,2023-07-11,4,Damaged in Transit
RET015347,ORD0174353,P0016,2023-09-08,1,Damaged in Transit
RET015348,ORD0174366,P0168,2024-09-01,2,Customer Changed Mind
RET015349,ORD0174375,P0075,2023-01-27,2,Late Delivery
RET015350,ORD0174376,P0014,2023-03-08,2,Quality Issue
RET015351,ORD0174392,P0079,2024-02-22,1,Wrong Item Delivered
RET015352,ORD0174399,P0114,2024-06-25,2,Damaged in Transit
RET015353,ORD0174421,P0187,2023-08-04,1,Wrong Item Delivered
RET015354,ORD0174429,P0196,2024-04-09,1,Quality Issue
RET015355,ORD0174442,P0162,2023-06-23,155,Damaged in Transit
RET015356,ORD0174455,P0079,2023-05-30,1,Other
RET015357,ORD0174473,P0152,2023-08-12,134,Customer Changed Mind
RET015358,ORD0174473,P0055,2023-08-05,114,Quality Issue
RET015359,ORD0174489,P0152,2023-02-10,1,Quality Issue
RET015360,ORD0174491,P0137,2023-03-23,1,Quality Issue
RET015361,ORD0174511,P0123,2024-06-13,2,Wrong Item Delivered
RET015362,ORD0174540,P0129,2024-01-18,1,Customer Changed Mind
RET015363,ORD0174542,P0080,2024-01-22,1,Late Delivery
RET015364,ORD0174545,P0163,2024-03-16,2,Other
RET015365,ORD0174564,P0187,2023-04-25,1,Damaged in Transit
RET015366,ORD0174571,P0068,2023-11-27,1,Damaged in Transit
RET015367,ORD0174583,P0085,2024-07-01,2,Late Delivery
RET015368,ORD0174604,P0146,2024-09-02,187,Wrong Item Delivered
RET015369,ORD0174631,P0068,2023-03-09,1,Damaged in Transit
RET015370,ORD0174632,P0166,2023-04-16,1,Late Delivery
RET015371,ORD0174670,P0121,2023-06-29,2,Quality Issue
RET015372,ORD0174688,P0149,2024-09-14,2,Customer Changed Mind
RET015373,ORD0174694,P0180,2023-02-02,1,Wrong Item Delivered
RET015374,ORD0174696,P0162,2023-02-13,1,Late Delivery
RET015375,ORD0174710,P0029,2023-12-08,1,Damaged in Transit
RET015376,ORD0174728,P0034,2024-09-29,1,Damaged in Transit
RET015377,ORD0174737,P0159,2023-02-25,1,Other
RET015378,ORD0174741,P0149,2023-04-14,1,Damaged in Transit
RET015379,ORD0174761,P0017,2024-08-24,1,Customer Changed Mind
RET015380,ORD0174762,P0074,2024-09-04,1,Other
RET015381,ORD0174783,P0165,2023-09-04,1,Wrong Item Delivered
RET015382,ORD0174784,P0104,2023-10-05,2,Quality Issue
RET015383,ORD0174790,P0107,2024-02-15,1,Late Delivery
RET015384,ORD0174793,P0094,2024-02-27,1,Customer Changed Mind
RET015385,ORD0174814,P0150,2024-11-10,290,Quality Issue
RET015386,ORD0174918,P0159,2024-12-02,1,Wrong Item Delivered
RET015387,ORD0174925,P0174,2023-08-22,2,Wrong Item Delivered
RET015388,ORD0174933,P0019,2024-01-19,1,Late Delivery
RET015389,ORD0174937,P0085,2024-04-26,2,Quality Issue
RET015390,ORD0174937,P0101,2024-05-05,5,Customer Changed Mind
RET015391,ORD0174948,P0163,2023-11-07,1,Customer Changed Mind
RET015392,ORD0174974,P0015,2023-09-03,1,Wrong Item Delivered
RET015393,ORD0174978,P0146,2023-10-12,1,Quality Issue
RET015394,ORD0174983,P0141,2024-01-02,1,Quality Issue
RET015395,ORD0174993,P0112,2024-07-29,1,Damaged in Transit
RET015396,ORD0175005,P0199,2023-05-28,1,Quality Issue
RET015397,ORD0175007,P0032,2023-08-05,2,Quality Issue
RET015398,ORD0175011,P0060,2023-08-18,1,Quality Issue
RET015399,ORD0175014,P0174,2023-10-31,1,Damaged in Transit
RET015400,ORD0175018,P0036,2024-03-09,1,Customer Changed Mind
RET015401,ORD0175029,P0028,2024-10-31,1,Customer Changed Mind
RET015402,ORD0175035,P0152,2023-04-25,3,Customer Changed Mind
RET015403,ORD0175040,P0136,2023-11-13,1,Quality Issue
RET015404,ORD0175057,P0007,2023-09-02,44,Customer Changed Mind
RET015405,ORD0175058,P0190,2023-12-19,20,Damaged in Transit
RET015406,ORD0175073,P0065,2023-11-04,1,Quality Issue
RET015407,ORD0175081,P0015,2024-02-05,4,Quality Issue
RET015408,ORD0175085,P0174,2024-10-15,1,Late Delivery
RET015409,ORD0175087,P0196,2024-11-15,2,Wrong Item Delivered
RET015410,ORD0175088,P0078,2024-12-04,1,Customer Changed Mind
RET015411,ORD0175089,P0103,2024-12-20,1,Damaged in Transit
RET015412,ORD0175091,P0087,2023-06-16,1,Damaged in Transit
RET015413,ORD0175095,P0179,2023-09-23,2,Wrong Item Delivered
RET015414,ORD0175096,P0165,2023-10-12,1,Late Delivery
RET015415,ORD0175101,P0163,2024-02-19,2,Wrong Item Delivered
RET015416,ORD0175102,P0187,2024-03-14,1,Damaged in Transit
RET015417,ORD0175109,P0040,2024-08-12,2,Quality Issue
RET015418,ORD0175112,P0075,2024-12-09,3,Damaged in Transit
RET015419,ORD0175114,P0105,2023-02-03,1,Damaged in Transit
RET015420,ORD0175131,P0029,2024-10-19,1,Customer Changed Mind
RET015421,ORD0175139,P0029,2023-09-29,1,Damaged in Transit
RET015422,ORD0175158,P0146,2023-04-01,1,Customer Changed Mind
RET015423,ORD0175163,P0145,2023-04-28,1,Wrong Item Delivered
RET015424,ORD0175165,P0195,2023-04-21,1,Wrong Item Delivered
RET015425,ORD0175166,P0005,2023-05-12,1,Wrong Item Delivered
RET015426,ORD0175166,P0094,2023-04-27,1,Wrong Item Delivered
RET015427,ORD0175173,P0038,2023-10-03,1,Damaged in Transit
RET015428,ORD0175181,P0154,2024-03-17,2,Other
RET015429,ORD0175203,P0148,2023-12-02,3,Wrong Item Delivered
RET015430,ORD0175210,P0162,2024-03-31,1,Damaged in Transit
RET015431,ORD0175221,P0045,2023-05-01,17,Customer Changed Mind
RET015432,ORD0175223,P0194,2023-07-02,1,Late Delivery
RET015433,ORD0175227,P0132,2024-01-31,7,Late Delivery
RET015434,ORD0175229,P0044,2024-02-27,5,Customer Changed Mind
RET015435,ORD0175233,P0103,2024-08-29,5,Damaged in Transit
RET015436,ORD0175236,P0106,2024-10-30,40,Wrong Item Delivered
RET015437,ORD0175238,P0012,2024-11-17,11,Customer Changed Mind
RET015438,ORD0175242,P0053,2023-02-18,1,Quality Issue
RET015439,ORD0175250,P0056,2023-06-22,2,Damaged in Transit
RET015440,ORD0175251,P0094,2023-07-04,1,Other
RET015441,ORD0175254,P0001,2023-07-11,1,Damaged in Transit
RET015442,ORD0175256,P0085,2023-09-05,1,Wrong Item Delivered
RET015443,ORD0175289,P0073,2024-12-30,228,Wrong Item Delivered
RET015444,ORD0175290,P0030,2024-12-26,13,Other
RET015445,ORD0175312,P0185,2023-03-06,2,Other
RET015446,ORD0175350,P0147,2024-11-23,1,Other
RET015447,ORD0175368,P0078,2024-08-04,3,Other
RET015448,ORD0175370,P0077,2024-10-05,1,Quality Issue
RET015449,ORD0175387,P0065,2023-06-18,1,Customer Changed Mind
RET015450,ORD0175393,P0125,2023-08-28,1,Late Delivery
RET015451,ORD0175406,P0198,2024-04-02,1,Damaged in Transit
RET015452,ORD0175417,P0162,2024-09-12,1,Quality Issue
RET015453,ORD0175420,P0036,2024-10-14,1,Wrong Item Delivered
RET015454,ORD0175423,P0073,2024-10-28,1,Quality Issue
RET015455,ORD0175424,P0028,2024-12-27,1,Late Delivery
RET015456,ORD0175428,P0149,2023-05-14,3,Other
RET015457,ORD9999999,P0187,2024-09-27,1,Customer Changed Mind
RET015458,ORD0175464,P0109,2024-02-13,1,Customer Changed Mind
RET015459,ORD0175479,P0021,2024-12-30,1,Wrong Item Delivered
RET015460,ORD0175487,P0162,2023-09-19,28,Customer Changed Mind
RET015461,ORD0175492,P0134,2023-12-30,90,Late Delivery
RET015462,ORD0175493,P0018,2024-04-07,28,Quality Issue
RET015463,ORD0175493,P0063,2024-03-30,26,Quality Issue
RET015464,ORD0175494,P0127,2024-07-21,69,Late Delivery
RET015465,ORD0175494,P0150,2024-08-02,109,Quality Issue
RET015466,ORD0175502,P0191,2023-05-13,176,Quality Issue
RET015467,ORD0175509,P0044,2024-01-07,34,Damaged in Transit
RET015468,ORD0175514,P0117,2024-09-21,69,Late Delivery
RET015469,ORD0175538,P0188,2024-02-22,1,Damaged in Transit
RET015470,ORD0175541,P0059,2024-04-10,1,Wrong Item Delivered
RET015471,ORD0175556,P0059,2023-04-01,2,Quality Issue
RET015472,ORD0175574,P0139,2024-08-04,1,Late Delivery
RET015473,ORD0175576,P0159,2024-09-24,1,Customer Changed Mind
RET015474,ORD0175611,P0196,2024-06-28,1,Quality Issue
RET015475,ORD0175628,P0130,2023-04-22,4,Customer Changed Mind
RET015476,ORD0175637,P0100,2024-01-21,1,Customer Changed Mind
RET015477,ORD0175643,P0072,2024-07-18,1,Quality Issue
RET015478,ORD0175655,P0135,2023-12-27,1,Wrong Item Delivered
RET015479,ORD0175655,P0024,2023-12-28,1,Wrong Item Delivered
RET015480,ORD0175671,P0068,2023-03-06,1,Damaged in Transit
RET015481,ORD0175697,P0088,2024-03-13,120,Damaged in Transit
RET015482,ORD0175699,P0023,2024-05-23,49,Customer Changed Mind
RET015483,ORD0175702,P0154,2024-11-03,110,Customer Changed Mind
RET015484,ORD0175720,P0132,2024-03-06,3,Customer Changed Mind
RET015485,ORD0175726,P0155,2024-05-16,1,Damaged in Transit
RET015486,ORD0175736,P0066,2023-09-14,19,Late Delivery
RET015487,ORD0175764,P0163,2023-12-02,1,Customer Changed Mind
RET015488,ORD0175781,P0068,2024-11-08,1,Wrong Item Delivered
RET015489,ORD0175811,P0198,2023-02-27,1,Quality Issue
RET015490,ORD0175813,P0090,2023-05-30,1,Quality Issue
RET015491,ORD0175826,P0187,2023-11-17,1,Late Delivery
RET015492,ORD0175827,P0095,2023-10-31,1,Late Delivery
RET015493,ORD0175863,P0018,2023-04-28,1,Customer Changed Mind
RET015494,ORD0175864,P0165,2023-05-13,1,Wrong Item Delivered
RET015495,ORD0175865,P0165,2023-06-12,1,Customer Changed Mind
