Customer_ID,Customer_Name,Customer_Segment,Customer_Location
C00001,Customer_00001,Retail,Chandigarh
C00002,Customer_00002,Retail,Surat
C00003,Customer_00003,Online,Indore
C00004,Customer_00004,Online,Mumbai
C00005,Customer_00005,Retail,Patna
C00006,Customer_00006,Online,Chennai
C00007,Customer_00007,Retail,Chandigarh
C00008,Customer_00008,Online,Patna
C00009,Customer_00009,Retail,Kolkata
C00010,Customer_00010,Corporate,Bhopal
C00011,Customer_00011,Retail,Ahmedabad
C00012,Customer_00012,Retail,Jaipur
C00013,Customer_00013,Retail,Patna
C00014,Customer_00014,Retail,Nagpur
C00015,Customer_00015,Online,Jaipur
C00016,Customer_00016,Corporate,Ahmedabad
C00017,Customer_00017,Retail,Patna
C00018,Customer_00018,Wholesale,Guwahati
C00019,Customer_00019,Online,Patna
C00020,Customer_00020,Online,Delhi
C00021,Customer_00021,Online,Delhi
C00022,Customer_00022,Retail,Lucknow
C00023,Customer_00023,Wholesale,Jaipur
C00024,Customer_00024,Online,Bhopal
C00025,Customer_00025,Retail,Chennai
C00026,Customer_00026,Online,Indore
C00027,Customer_00027,Retail,Bhubaneswar
C00028,Customer_00028,Online,Indore
C00029,Customer_00029,Retail,Ahmedabad
C00030,Customer_00030,Online,Lucknow
C00031,Customer_00031,Wholesale,Surat
C00032,Customer_00032,Online,Mumbai
C00033,Customer_00033,Retail,Kolkata
C00034,Customer_00034,Online,Delhi
C00035,Customer_00035,Online,Ahmedabad
C00036,Customer_00036,Online,Kolkata
C00037,Customer_00037,Online,Jaipur
C00038,Customer_00038,Online,Hyderabad
C00039,Customer_00039,Online,Guwahati
C00040,Customer_00040,Retail,Nagpur
C00041,Customer_00041,Online,Delhi
C00042,Customer_00042,Wholesale,Pune
C00043,Customer_00043,Retail,Pune
C00044,Customer_00044,Retail,Bhopal
C00045,Customer_00045,Retail,Indore
C00046,Customer_00046,Online,Ahmedabad
C00047,Customer_00047,Online,Chandigarh
C00048,Customer_00048,Online,Kolkata
C00049,Customer_00049,Wholesale,Indore
C00050,Customer_00050,Wholesale,Raipur
C00051,Customer_00051,Retail,Nagpur
C00052,Customer_00052,Retail,Hyderabad
C00053,Customer_00053,Wholesale,Chandigarh
C00054,Customer_00054,Retail,Chandigarh
C00055,Customer_00055,Retail,Lucknow
C00056,Customer_00056,Online,Delhi
C00057,Customer_00057,Online,Chandigarh
C00058,Customer_00058,Corporate,Pune
C00059,Customer_00059,Corporate,Raipur
C00060,Customer_00060,Online,Ahmedabad
C00061,Customer_00061,Wholesale,Bengaluru
C00062,Customer_00062,Online,Bhubaneswar
C00063,Customer_00063,Online,Bhopal
C00064,Customer_00064,Retail,Kochi
C00065,Customer_00065,Wholesale,Mumbai
C00066,Customer_00066,Online,Guwahati
C00067,Customer_00067,Retail,Hyderabad
C00068,Customer_00068,Online,Bhubaneswar
C00069,Customer_00069,Online,Kochi
C00070,Customer_00070,Retail,Pune
C00071,Customer_00071,Retail,Patna
C00072,Customer_00072,Retail,Hyderabad
C00073,Customer_00073,Retail,Ahmedabad
C00074,Customer_00074,Retail,Bhopal
C00075,Customer_00075,Online,Ahmedabad
C00076,Customer_00076,Retail,Surat
C00077,Customer_00077,Wholesale,Indore
C00078,Customer_00078,Retail,Pune
C00079,Customer_00079,Corporate,Bhopal
C00080,Customer_00080,Retail,Indore
C00081,Customer_00081,Wholesale,Indore
C00082,Customer_00082,Online,Kochi
C00083,Customer_00083,Online,Patna
C00084,Customer_00084,Retail,Chennai
C00085,Customer_00085,Online,Bhopal
C00086,Customer_00086,Wholesale,Patna
C00087,Customer_00087,Wholesale,Bhubaneswar
C00088,Customer_00088,Retail,Indore
C00089,Customer_00089,Retail,Kolkata
C00090,Customer_00090,Online,Kolkata
C00091,Customer_00091,Wholesale,Kochi
C00092,Customer_00092,Wholesale,Patna
C00093,Customer_00093,Online,Indore
C00094,Customer_00094,Online,Lucknow
C00095,Customer_00095,Retail,Delhi
C00096,Customer_00096,Online,Lucknow
C00097,Customer_00097,Retail,Nagpur
C00098,Customer_00098,Online,Jaipur
C00099,Customer_00099,Online,Chennai
C00100,Customer_00100,Corporate,Raipur
C00101,Customer_00101,Retail,Bhopal
C00102,Customer_00102,Retail,Nagpur
C00103,Customer_00103,Retail,Patna
C00104,Customer_00104,Retail,Guwahati
C00105,Customer_00105,Retail,Kolkata
C00106,Customer_00106,Corporate,Pune
C00107,Customer_00107,Retail,Bengaluru
C00108,Customer_00108,Retail,Bhopal
C00109,Customer_00109,Online,Indore
C00110,Customer_00110,Wholesale,Patna
C00111,Customer_00111,Online,Raipur
C00112,Customer_00112,Retail,Indore
C00113,Customer_00113,Wholesale,Lucknow
C00114,Customer_00114,Retail,Indore
C00115,Customer_00115,Retail,Ahmedabad
C00116,Customer_00116,Corporate,Bhubaneswar
C00117,Customer_00117,Retail,Kochi
C00118,Customer_00118,Wholesale,Kochi
C00119,Customer_00119,Wholesale,Chandigarh
C00120,Customer_00120,Retail,Bengaluru
C00121,Customer_00121,Online,Kochi
C00122,Customer_00122,Retail,Kolkata
C00123,Customer_00123,Online,Patna
C00124,Customer_00124,Corporate,Pune
C00125,Customer_00125,Online,Chandigarh
C00126,Customer_00126,Corporate,Kochi
C00127,Customer_00127,Retail,Pune
C00128,Customer_00128,Wholesale,Lucknow
C00129,Customer_00129,Retail,Kochi
C00130,Customer_00130,Online,Kochi
C00131,Customer_00131,Corporate,Bhubaneswar
C00132,Customer_00132,Retail,Raipur
C00133,Customer_00133,Online,Chandigarh
C00134,Customer_00134,Retail,Chennai
C00135,Customer_00135,Online,Jaipur
C00136,Customer_00136,Wholesale,Pune
C00137,Customer_00137,Corporate,Mumbai
C00138,Customer_00138,Online,Nagpur
C00139,Customer_00139,Retail,Bengaluru
C00140,Customer_00140,Retail,Bhubaneswar
C00141,Customer_00141,Retail,Hyderabad
C00142,Customer_00142,Retail,Chandigarh
C00143,Customer_00143,Retail,Mumbai
C00144,Customer_00144,Online,Delhi
C00145,Customer_00145,Online,Nagpur
C00146,Customer_00146,Wholesale,Surat
C00147,Customer_00147,Retail,Kolkata
C00148,Customer_00148,Online,Surat
C00149,Customer_00149,Online,Kochi
C00150,Customer_00150,Retail,Hyderabad
C00151,Customer_00151,Online,Surat
C00152,Customer_00152,Wholesale,Raipur
C00153,Customer_00153,Retail,Kochi
C00154,Customer_00154,Wholesale,Hyderabad
C00155,Customer_00155,Wholesale,Bhubaneswar
C00156,Customer_00156,Retail,Mumbai
C00157,Customer_00157,Corporate,Chennai
C00158,Customer_00158,Online,Raipur
C00159,Customer_00159,Online,Chandigarh
C00160,Customer_00160,Wholesale,Ahmedabad
C00161,Customer_00161,Wholesale,Guwahati
C00162,Customer_00162,Online,Chennai
C00163,Customer_00163,Wholesale,Nagpur
C00164,Customer_00164,Retail,Mumbai
C00165,Customer_00165,Wholesale,Raipur
C00166,Customer_00166,Online,Nagpur
C00167,Customer_00167,Wholesale,Guwahati
C00168,Customer_00168,Retail,Pune
C00169,Customer_00169,Online,Kochi
C00170,Customer_00170,Retail,Guwahati
C00171,Customer_00171,Retail,Kochi
C00172,Customer_00172,Retail,Chandigarh
C00173,Customer_00173,Retail,Raipur
C00174,Customer_00174,Online,Lucknow
C00175,Customer_00175,Wholesale,Indore
C00176,Customer_00176,Retail,Bhubaneswar
C00177,Customer_00177,Online,Bengaluru
C00178,Customer_00178,Online,Kochi
C00179,Customer_00179,Online,Bhubaneswar
C00180,Customer_00180,Retail,Pune
C00181,Customer_00181,Wholesale,Lucknow
C00182,Customer_00182,Corporate,Delhi
C00183,Customer_00183,Online,Bengaluru
C00184,Customer_00184,Retail,Hyderabad
C00185,Customer_00185,Retail,Bengaluru
C00186,Customer_00186,Wholesale,Patna
C00187,Customer_00187,Corporate,Pune
C00188,Customer_00188,Wholesale,Delhi
C00189,Customer_00189,Wholesale,Nagpur
C00190,Customer_00190,Retail,Bhubaneswar
C00191,Customer_00191,Online,Chandigarh
C00192,Customer_00192,Online,Surat
C00193,Customer_00193,Retail,Bhubaneswar
C00194,Customer_00194,Online,Chandigarh
C00195,Customer_00195,Corporate,Kolkata
C00196,Customer_00196,Retail,Lucknow
C00197,Customer_00197,Wholesale,Lucknow
C00198,Customer_00198,Retail,Pune
C00199,Customer_00199,Online,Raipur
C00200,Customer_00200,Online,Surat
C00201,Customer_00201,Online,Delhi
C00202,Customer_00202,Online,Bhubaneswar
C00203,Customer_00203,Retail,Surat
C00204,Customer_00204,Corporate,Raipur
C00205,Customer_00205,Wholesale,Delhi
C00206,Customer_00206,Retail,Surat
C00207,Customer_00207,Online,Surat
C00208,Customer_00208,Online,Mumbai
C00209,Customer_00209,Retail,Pune
C00210,Customer_00210,Online,Patna
C00211,Customer_00211,Corporate,Raipur
C00212,Customer_00212,Retail,Raipur
C00213,Customer_00213,Corporate,Chandigarh
C00214,Customer_00214,Retail,Kochi
C00215,Customer_00215,Retail,Bhubaneswar
C00216,Customer_00216,Retail,Jaipur
C00217,Customer_00217,Online,Lucknow
C00218,Customer_00218,Online,Surat
C00219,Customer_00219,Retail,Chennai
C00220,Customer_00220,Wholesale,Kochi
C00221,Customer_00221,Online,Patna
C00222,Customer_00222,Retail,Kochi
C00223,Customer_00223,Online,Chandigarh
C00224,Customer_00224,Online,Kochi
C00225,Customer_00225,Wholesale,Hyderabad
C00226,Customer_00226,Corporate,Bhopal
C00227,Customer_00227,Wholesale,Lucknow
C00228,Customer_00228,Corporate,Chennai
C00229,Customer_00229,Online,Chennai
C00230,Customer_00230,Online,Surat
C00231,Customer_00231,Retail,Hyderabad
C00232,Customer_00232,Online,Kochi
C00233,Customer_00233,Wholesale,Nagpur
C00234,Customer_00234,Retail,Delhi
C00235,Customer_00235,Retail,Patna
C00236,Customer_00236,Online,Lucknow
C00237,Customer_00237,Wholesale,Pune
C00238,Customer_00238,Online,Chandigarh
C00239,Customer_00239,Online,Kochi
C00240,Customer_00240,Retail,Pune
C00241,Customer_00241,Online,Jaipur
C00242,Customer_00242,Retail,Surat
C00243,Customer_00243,Online,Patna
C00244,Customer_00244,Online,Lucknow
C00245,Customer_00245,Wholesale,Bengaluru
C00246,Customer_00246,Online,Mumbai
C00247,Customer_00247,Retail,Raipur
C00248,Customer_00248,Wholesale,Mumbai
C00249,Customer_00249,Online,Bhopal
C00250,Customer_00250,Wholesale,Bengaluru
C00251,Customer_00251,Retail,Bhubaneswar
C00252,Customer_00252,Wholesale,Bhopal
C00253,Customer_00253,Online,Kolkata
C00254,Customer_00254,Retail,Mumbai
C00255,Customer_00255,Retail,Hyderabad
C00256,Customer_00256,Online,Nagpur
C00257,Customer_00257,Online,Mumbai
C00258,Customer_00258,Retail,Chandigarh
C00259,Customer_00259,Retail,Ahmedabad
C00260,Customer_00260,Retail,Bhubaneswar
C00261,Customer_00261,Retail,Kochi
C00262,Customer_00262,Wholesale,Chennai
C00263,Customer_00263,Online,Ahmedabad
C00264,Customer_00264,Online,Lucknow
C00265,Customer_00265,Online,Patna
C00266,Customer_00266,Retail,Pune
C00267,Customer_00267,Online,Ahmedabad
C00268,Customer_00268,Wholesale,Chennai
C00269,Customer_00269,Corporate,Bhubaneswar
C00270,Customer_00270,Online,Jaipur
C00271,Customer_00271,Retail,Chennai
C00272,Customer_00272,Online,Mumbai
C00273,Customer_00273,Retail,Bengaluru
C00274,Customer_00274,Online,Kochi
C00275,Customer_00275,Retail,Raipur
C00276,Customer_00276,Retail,Hyderabad
C00277,Customer_00277,Online,Chennai
C00278,Customer_00278,Retail,Bhubaneswar
C00279,Customer_00279,Online,Chennai
C00280,Customer_00280,Retail,Jaipur
C00281,Customer_00281,Online,Mumbai
C00282,Customer_00282,Online,Kolkata
C00283,Customer_00283,Wholesale,Bengaluru
C00284,Customer_00284,Retail,Lucknow
C00285,Customer_00285,Retail,Pune
C00286,Customer_00286,Retail,Kolkata
C00287,Customer_00287,Retail,Jaipur
C00288,Customer_00288,Online,Chennai
C00289,Customer_00289,Corporate,Raipur
C00290,Customer_00290,Online,Raipur
C00291,Customer_00291,Online,Kolkata
C00292,Customer_00292,Online,Lucknow
C00293,Customer_00293,Online,Pune
C00294,Customer_00294,Retail,Lucknow
C00295,Customer_00295,Corporate,Nagpur
C00296,Customer_00296,Online,Guwahati
C00297,Customer_00297,Online,Hyderabad
C00298,Customer_00298,Retail,Jaipur
C00299,Customer_00299,Wholesale,Raipur
C00300,Customer_00300,Wholesale,Surat
C00301,Customer_00301,Online,Guwahati
C00302,Customer_00302,Wholesale,Bengaluru
C00303,Customer_00303,Retail,Jaipur
C00304,Customer_00304,Corporate,Ahmedabad
C00305,Customer_00305,Retail,Chennai
C00306,Customer_00306,Wholesale,Indore
C00307,Customer_00307,Retail,Raipur
C00308,Customer_00308,Online,Ahmedabad
C00309,Customer_00309,Corporate,Raipur
C00310,Customer_00310,Retail,Guwahati
C00311,Customer_00311,Online,Pune
C00312,Customer_00312,Retail,Bhopal
C00313,Customer_00313,Corporate,Lucknow
C00314,Customer_00314,Online,Indore
C00315,Customer_00315,Online,Bhubaneswar
C00316,Customer_00316,Retail,Kochi
C00317,Customer_00317,Corporate,Hyderabad
C00318,Customer_00318,Online,Indore
C00319,Customer_00319,Retail,Bengaluru
C00320,Customer_00320,Online,Indore
C00321,Customer_00321,Retail,Patna
C00322,Customer_00322,Online,Bengaluru
C00323,Customer_00323,Retail,Delhi
C00324,Customer_00324,Online,Nagpur
C00325,Customer_00325,Wholesale,Chennai
C00326,Customer_00326,Retail,Bhubaneswar
C00327,Customer_00327,Retail,Guwahati
C00328,Customer_00328,Retail,Lucknow
C00329,Customer_00329,Wholesale,Bhubaneswar
C00330,Customer_00330,Retail,Guwahati
C00331,Customer_00331,Online,Kochi
C00332,Customer_00332,Retail,Raipur
C00333,Customer_00333,Retail,Mumbai
C00334,Customer_00334,Online,Kolkata
C00335,Customer_00335,Retail,Patna
C00336,Customer_00336,Corporate,Ahmedabad
C00337,Customer_00337,Online,Guwahati
C00338,Customer_00338,Online,Hyderabad
C00339,Customer_00339,Online,Bengaluru
C00340,Customer_00340,Online,Pune
C00341,Customer_00341,Retail,Guwahati
C00342,Customer_00342,Retail,Patna
C00343,Customer_00343,Retail,Raipur
C00344,Customer_00344,Online,Patna
C00345,Customer_00345,Retail,Bengaluru
C00346,Customer_00346,Online,Lucknow
C00347,Customer_00347,Corporate,Jaipur
C00348,Customer_00348,Online,Jaipur
C00349,Customer_00349,Wholesale,Jaipur
C00350,Customer_00350,Retail,Bhubaneswar
C00351,Customer_00351,Online,Kolkata
C00352,Customer_00352,Online,Nagpur
C00353,Customer_00353,Retail,Patna
C00354,Customer_00354,Retail,Delhi
C00355,Customer_00355,Corporate,Ahmedabad
C00356,Customer_00356,Online,Ahmedabad
C00357,Customer_00357,Online,Hyderabad
C00358,Customer_00358,Online,Kochi
C00359,Customer_00359,Online,Patna
C00360,Customer_00360,Wholesale,Pune
C00361,Customer_00361,Wholesale,Delhi
C00362,Customer_00362,Retail,Chandigarh
C00363,Customer_00363,Wholesale,Jaipur
C00364,Customer_00364,Online,Bhubaneswar
C00365,Customer_00365,Online,Patna
C00366,Customer_00366,Online,Nagpur
C00367,Customer_00367,Wholesale,Jaipur
C00368,Customer_00368,Online,Delhi
C00369,Customer_00369,Online,Bhubaneswar
C00370,Customer_00370,Online,Patna
C00371,Customer_00371,Online,Bhopal
C00372,Customer_00372,Retail,Bhopal
C00373,Customer_00373,Wholesale,Bengaluru
C00374,Customer_00374,Retail,Ahmedabad
C00375,Customer_00375,Retail,Lucknow
C00376,Customer_00376,Wholesale,Delhi
C00377,Customer_00377,Online,Bhopal
C00378,Customer_00378,Corporate,Indore
C00379,Customer_00379,Online,Kochi
C00380,Customer_00380,Online,Surat
C00381,Customer_00381,Wholesale,Kochi
C00382,Customer_00382,Online,Pune
C00383,Customer_00383,Retail,Chandigarh
C00384,Customer_00384,Retail,Chennai
C00385,Customer_00385,Retail,Indore
C00386,Customer_00386,Wholesale,Kochi
C00387,Customer_00387,Retail,Chennai
C00388,Customer_00388,Retail,Delhi
C00389,Customer_00389,Retail,Raipur
C00390,Customer_00390,Corporate,Raipur
C00391,Customer_00391,Retail,Kolkata
C00392,Customer_00392,Wholesale,Kolkata
C00393,Customer_00393,Retail,Bhubaneswar
C00394,Customer_00394,Online,Chandigarh
C00395,Customer_00395,Retail,Bengaluru
C00396,Customer_00396,Retail,Bhopal
C00397,Customer_00397,Wholesale,Nagpur
C00398,Customer_00398,Retail,Chennai
C00399,Customer_00399,Retail,Raipur
C00400,Customer_00400,Retail,Hyderabad
C00401,Customer_00401,Retail,Lucknow
C00402,Customer_00402,Retail,Lucknow
C00403,Customer_00403,Retail,Lucknow
C00404,Customer_00404,Online,Bengaluru
C00405,Customer_00405,Online,Kochi
C00406,Customer_00406,Wholesale,Pune
C00407,Customer_00407,Retail,Bhopal
C00408,Customer_00408,Corporate,Bhopal
C00409,Customer_00409,Retail,Ahmedabad
C00410,Customer_00410,Retail,Ahmedabad
C00411,Customer_00411,Online,Jaipur
C00412,Customer_00412,Retail,Mumbai
C00413,Customer_00413,Retail,Hyderabad
C00414,Customer_00414,Wholesale,Bhubaneswar
C00415,Customer_00415,Online,Hyderabad
C00416,Customer_00416,Wholesale,Mumbai
C00417,Customer_00417,Online,Nagpur
C00418,Customer_00418,Corporate,Chennai
C00419,Customer_00419,Retail,Raipur
C00420,Customer_00420,Retail,Kochi
C00421,Customer_00421,Retail,Raipur
C00422,Customer_00422,Wholesale,Bengaluru
C00423,Customer_00423,Wholesale,Bhopal
C00424,Customer_00424,Corporate,Bhubaneswar
C00425,Customer_00425,Online,Jaipur
C00426,Customer_00426,Online,Bengaluru
C00427,Customer_00427,Retail,Guwahati
C00428,Customer_00428,Online,Delhi
C00429,Customer_00429,Corporate,Hyderabad
C00430,Customer_00430,Online,Patna
C00431,Customer_00431,Retail,Bhubaneswar
C00432,Customer_00432,Online,Guwahati
C00433,Customer_00433,Retail,Mumbai
C00434,Customer_00434,Retail,Nagpur
C00435,Customer_00435,Retail,Chandigarh
C00436,Customer_00436,Online,Indore
C00437,Customer_00437,Online,Nagpur
C00438,Customer_00438,Retail,Bhopal
C00439,Customer_00439,Retail,Kolkata
C00440,Customer_00440,Wholesale,Nagpur
C00441,Customer_00441,Retail,Pune
C00442,Customer_00442,Retail,Bengaluru
C00443,Customer_00443,Wholesale,Guwahati
C00444,Customer_00444,Online,Delhi
C00445,Customer_00445,Retail,Kochi
C00446,Customer_00446,Retail,Bengaluru
C00447,Customer_00447,Retail,Kochi
C00448,Customer_00448,Corporate,Indore
C00449,Customer_00449,Online,Raipur
C00450,Customer_00450,Online,Guwahati
C00451,Customer_00451,Retail,Bhopal
C00452,Customer_00452,Online,Bhopal
C00453,Customer_00453,Retail,Raipur
C00454,Customer_00454,Online,Patna
C00455,Customer_00455,Corporate,Patna
C00456,Customer_00456,Online,Mumbai
C00457,Customer_00457,Online,Mumbai
C00458,Customer_00458,Online,Ahmedabad
C00459,Customer_00459,Retail,Mumbai
C00460,Customer_00460,Corporate,Bengaluru
C00461,Customer_00461,Retail,Chennai
C00462,Customer_00462,Wholesale,Ahmedabad
C00463,Customer_00463,Retail,Surat
C00464,Customer_00464,Retail,Lucknow
C00465,Customer_00465,Wholesale,Bengaluru
C00466,Customer_00466,Retail,Chandigarh
C00467,Customer_00467,Wholesale,Lucknow
C00468,Customer_00468,Online,Raipur
C00469,Customer_00469,Retail,Kolkata
C00470,Customer_00470,Retail,Kochi
C00471,Customer_00471,Online,Pune
C00472,Customer_00472,Retail,Surat
C00473,Customer_00473,Online,Patna
C00474,Customer_00474,Online,Bengaluru
C00475,Customer_00475,Online,Mumbai
C00476,Customer_00476,Online,Ahmedabad
C00477,Customer_00477,Wholesale,Indore
C00478,Customer_00478,Online,Lucknow
C00479,Customer_00479,Retail,Surat
C00480,Customer_00480,Retail,Bengaluru
C00481,Customer_00481,Online,Guwahati
C00482,Customer_00482,Wholesale,Bhopal
C00483,Customer_00483,Online,Kochi
C00484,Customer_00484,Online,Bhopal
C00485,Customer_00485,Online,Jaipur
C00486,Customer_00486,Corporate,Pune
C00487,Customer_00487,Wholesale,Bengaluru
C00488,Customer_00488,Retail,Kolkata
C00489,Customer_00489,Online,Lucknow
C00490,Customer_00490,Retail,Delhi
C00491,Customer_00491,Online,Raipur
C00492,Customer_00492,Online,Lucknow
C00493,Customer_00493,Online,Chennai
C00494,Customer_00494,Retail,Nagpur
C00495,Customer_00495,Retail,Jaipur
C00496,Customer_00496,Wholesale,Guwahati
C00497,Customer_00497,Retail,Kochi
C00498,Customer_00498,Online,Kolkata
C00499,Customer_00499,Retail,Bhubaneswar
C00500,Customer_00500,Retail,Indore
C00501,Customer_00501,Retail,Ahmedabad
C00502,Customer_00502,Online,Indore
C00503,Customer_00503,Online,Kochi
C00504,Customer_00504,Retail,Kochi
C00505,Customer_00505,Retail,Bhopal
C00506,Customer_00506,Wholesale,Mumbai
C00507,Customer_00507,Retail,Nagpur
C00508,Customer_00508,Online,Hyderabad
C00509,Customer_00509,Online,Pune
C00510,Customer_00510,Retail,Chennai
C00511,Customer_00511,Retail,Surat
C00512,Customer_00512,Corporate,Mumbai
C00513,Customer_00513,Wholesale,Nagpur
C00514,Customer_00514,Online,Bhopal
C00515,Customer_00515,Retail,Raipur
C00516,Customer_00516,Wholesale,Mumbai
C00517,Customer_00517,Retail,Ahmedabad
C00518,Customer_00518,Wholesale,Kochi
C00519,Customer_00519,Corporate,Patna
C00520,Customer_00520,Retail,Indore
C00521,Customer_00521,Retail,Kochi
C00522,Customer_00522,Retail,Kochi
C00523,Customer_00523,Retail,Lucknow
C00524,Customer_00524,Retail,Nagpur
C00525,Customer_00525,Retail,Kochi
C00526,Customer_00526,Online,Chandigarh
C00527,Customer_00527,Wholesale,Raipur
C00528,Customer_00528,Retail,Ahmedabad
C00529,Customer_00529,Corporate,Chandigarh
C00530,Customer_00530,Retail,Mumbai
C00531,Customer_00531,Corporate,Patna
C00532,Customer_00532,Retail,Guwahati
C00533,Customer_00533,Online,Patna
C00534,Customer_00534,Online,Patna
C00535,Customer_00535,Online,Chennai
C00536,Customer_00536,Corporate,Patna
C00537,Customer_00537,Retail,Bengaluru
C00538,Customer_00538,Corporate,Kochi
C00539,Customer_00539,Retail,Nagpur
C00540,Customer_00540,Retail,Kochi
C00541,Customer_00541,Retail,Kochi
C00542,Customer_00542,Wholesale,Patna
C00543,Customer_00543,Retail,Bengaluru
C00544,Customer_00544,Online,Surat
C00545,Customer_00545,Wholesale,Guwahati
C00546,Customer_00546,Online,Jaipur
C00547,Customer_00547,Online,Bhubaneswar
C00548,Customer_00548,Wholesale,Hyderabad
C00549,Customer_00549,Retail,Surat
C00550,Customer_00550,Retail,Bhubaneswar
C00551,Customer_00551,Retail,Surat
C00552,Customer_00552,Retail,Delhi
C00553,Customer_00553,Retail,Jaipur
C00554,Customer_00554,Retail,Raipur
C00555,Customer_00555,Corporate,Raipur
C00556,Customer_00556,Online,Guwahati
C00557,Customer_00557,Retail,Nagpur
C00558,Customer_00558,Online,Surat
C00559,Customer_00559,Retail,Bhopal
C00560,Customer_00560,Wholesale,Ahmedabad
C00561,Customer_00561,Online,Indore
C00562,Customer_00562,Wholesale,Bhopal
C00563,Customer_00563,Wholesale,Raipur
C00564,Customer_00564,Corporate,Chennai
C00565,Customer_00565,Online,
C00566,Customer_00566,Online,Bhopal
C00567,Customer_00567,Online,Ahmedabad
C00568,Customer_00568,Online,Guwahati
C00569,Customer_00569,Retail,Chandigarh
C00570,Customer_00570,Retail,Chennai
C00571,Customer_00571,Retail,Raipur
C00572,Customer_00572,Wholesale,Jaipur
C00573,Customer_00573,Wholesale,Bengaluru
C00574,Customer_00574,Retail,Guwahati
C00575,Customer_00575,Corporate,Mumbai
C00576,Customer_00576,Corporate,Indore
C00577,Customer_00577,Online,Guwahati
C00578,Customer_00578,Wholesale,Bengaluru
C00579,Customer_00579,Online,Raipur
C00580,Customer_00580,Retail,Delhi
C00581,Customer_00581,Online,Mumbai
C00582,Customer_00582,Retail,Hyderabad
C00583,Customer_00583,Online,Pune
C00584,Customer_00584,Retail,Nagpur
C00585,Customer_00585,Online,Kolkata
C00586,Customer_00586,Corporate,Surat
C00587,Customer_00587,Retail,Delhi
C00588,Customer_00588,Wholesale,Chennai
C00589,Customer_00589,Corporate,Lucknow
C00590,Customer_00590,Wholesale,Ahmedabad
C00591,Customer_00591,Online,Patna
C00592,Customer_00592,Online,Kolkata
C00593,Customer_00593,Retail,Delhi
C00594,Customer_00594,Retail,Indore
C00595,Customer_00595,Retail,Bhopal
C00596,Customer_00596,Online,Patna
C00597,Customer_00597,Retail,Jaipur
C00598,Customer_00598,Wholesale,Jaipur
C00599,Customer_00599,Wholesale,Lucknow
C00600,Customer_00600,Online,Ahmedabad
C00601,Customer_00601,Online,Nagpur
C00602,Customer_00602,Corporate,Raipur
C00603,Customer_00603,Wholesale,Ahmedabad
C00604,Customer_00604,Online,Hyderabad
C00605,Customer_00605,Online,Ahmedabad
C00606,Customer_00606,Online,Delhi
C00607,Customer_00607,Corporate,Surat
C00608,Customer_00608,Retail,Chandigarh
C00609,Customer_00609,Retail,Guwahati
C00610,Customer_00610,Online,Chandigarh
C00611,Customer_00611,Wholesale,Nagpur
C00612,Customer_00612,Online,Surat
C00613,Customer_00613,Online,Jaipur
C00614,Customer_00614,Retail,Kochi
C00615,Customer_00615,Online,Patna
C00616,Customer_00616,Wholesale,Chennai
C00617,Customer_00617,Wholesale,Kochi
C00618,Customer_00618,Online,Bengaluru
C00619,Customer_00619,Corporate,Bhubaneswar
C00620,Customer_00620,Retail,Kolkata
C00621,Customer_00621,Wholesale,Guwahati
C00622,Customer_00622,Online,Patna
C00623,Customer_00623,Online,Bengaluru
C00624,Customer_00624,Online,Raipur
C00625,Customer_00625,Retail,Indore
C00626,Customer_00626,Retail,Guwahati
C00627,Customer_00627,Retail,Pune
C00628,Customer_00628,Online,Chandigarh
C00629,Customer_00629,Retail,Surat
C00630,Customer_00630,Retail,Surat
C00631,Customer_00631,Corporate,Mumbai
C00632,Customer_00632,Retail,Nagpur
C00633,Customer_00633,Corporate,Lucknow
C00634,Customer_00634,Online,Pune
C00635,Customer_00635,Online,Patna
C00636,Customer_00636,Retail,Indore
C00637,Customer_00637,Retail,Kolkata
C00638,Customer_00638,Online,Guwahati
C00639,Customer_00639,Online,Pune
C00640,Customer_00640,Online,Kolkata
C00641,Customer_00641,Retail,Delhi
C00642,Customer_00642,Online,Guwahati
C00643,Customer_00643,Online,Pune
C00644,Customer_00644,Online,Bhubaneswar
C00645,Customer_00645,Online,Indore
C00646,Customer_00646,Online,Nagpur
C00647,Customer_00647,Online,Nagpur
C00648,Customer_00648,Retail,Bengaluru
C00649,Customer_00649,Wholesale,Nagpur
C00650,Customer_00650,Retail,Bhopal
C00651,Customer_00651,Wholesale,Chennai
C00652,Customer_00652,Wholesale,Indore
C00653,Customer_00653,Retail,Surat
C00654,Customer_00654,Retail,Bhopal
C00655,Customer_00655,Retail,Indore
C00656,Customer_00656,Online,Hyderabad
C00657,Customer_00657,Corporate,Mumbai
C00658,Customer_00658,Retail,Patna
C00659,Customer_00659,Corporate,Jaipur
C00660,Customer_00660,Wholesale,Surat
C00661,Customer_00661,Retail,Bhubaneswar
C00662,Customer_00662,Retail,Ahmedabad
C00663,Customer_00663,Wholesale,Bhubaneswar
C00664,Customer_00664,Online,Patna
C00665,Customer_00665,Online,Pune
C00666,Customer_00666,Retail,Hyderabad
C00667,Customer_00667,Retail,Pune
C00668,Customer_00668,Wholesale,Surat
C00669,Customer_00669,Retail,Patna
C00670,Customer_00670,Retail,Jaipur
C00671,Customer_00671,Retail,Kolkata
C00672,Customer_00672,Online,Raipur
C00673,Customer_00673,Corporate,Mumbai
C00674,Customer_00674,Wholesale,Ahmedabad
C00675,Customer_00675,Corporate,Hyderabad
C00676,Customer_00676,Retail,Guwahati
C00677,Customer_00677,Wholesale,Bengaluru
C00678,Customer_00678,Retail,Mumbai
C00679,Customer_00679,Online,Guwahati
C00680,Customer_00680,Corporate,Kolkata
C00681,Customer_00681,Online,Indore
C00682,Customer_00682,Retail,Bhopal
C00683,Customer_00683,Online,Lucknow
C00684,Customer_00684,Retail,Indore
C00685,Customer_00685,Online,Patna
C00686,Customer_00686,Wholesale,Raipur
C00687,Customer_00687,Wholesale,Jaipur
C00688,Customer_00688,Online,Mumbai
C00689,Customer_00689,Online,Nagpur
C00690,Customer_00690,Retail,Guwahati
C00691,Customer_00691,Online,Mumbai
C00692,Customer_00692,Retail,Patna
C00693,Customer_00693,Online,Ahmedabad
C00694,Customer_00694,Online,Kolkata
C00695,Customer_00695,Online,Raipur
C00696,Customer_00696,Online,Indore
C00697,Customer_00697,Wholesale,Lucknow
C00698,Customer_00698,Retail,Mumbai
C00699,Customer_00699,Online,Chandigarh
C00700,Customer_00700,Retail,Chennai
C00701,Customer_00701,Wholesale,Bhopal
C00702,Customer_00702,Retail,Pune
C00703,Customer_00703,Retail,Lucknow
C00704,Customer_00704,Online,Delhi
C00705,Customer_00705,Retail,Chennai
C00706,Customer_00706,Online,Chandigarh
C00707,Customer_00707,Retail,Bhubaneswar
C00708,Customer_00708,Retail,Raipur
C00709,Customer_00709,Wholesale,Lucknow
C00710,Customer_00710,Retail,Jaipur
C00711,Customer_00711,Retail,Kochi
C00712,Customer_00712,Online,Bhubaneswar
C00713,Customer_00713,Retail,Lucknow
C00714,Customer_00714,Online,Bhopal
C00715,Customer_00715,Retail,Raipur
C00716,Customer_00716,Retail,Lucknow
C00717,Customer_00717,Online,Patna
C00718,Customer_00718,Retail,Bhopal
C00719,Customer_00719,Retail,Indore
C00720,Customer_00720,Retail,Bhubaneswar
C00721,Customer_00721,Retail,Guwahati
C00722,Customer_00722,Online,Lucknow
C00723,Customer_00723,Retail,Ahmedabad
C00724,Customer_00724,Online,Bengaluru
C00725,Customer_00725,Online,Mumbai
C00726,Customer_00726,Wholesale,Pune
C00727,Customer_00727,Corporate,Indore
C00728,Customer_00728,Retail,Kolkata
C00729,Customer_00729,Corporate,Raipur
C00730,Customer_00730,Retail,Bengaluru
C00731,Customer_00731,Online,Chandigarh
C00732,Customer_00732,Wholesale,Chennai
C00733,Customer_00733,Retail,Raipur
C00734,Customer_00734,Online,Bhopal
C00735,Customer_00735,Online,Nagpur
C00736,Customer_00736,Retail,Bhopal
C00737,Customer_00737,Retail,Mumbai
C00738,Customer_00738,Online,Jaipur
C00739,Customer_00739,Online,Ahmedabad
C00740,Customer_00740,Corporate,Nagpur
C00741,Customer_00741,Online,Bhubaneswar
C00742,Customer_00742,Corporate,Mumbai
C00743,Customer_00743,Online,Nagpur
C00744,Customer_00744,Retail,Nagpur
C00745,Customer_00745,Retail,Chandigarh
C00746,Customer_00746,Online,Bengaluru
C00747,Customer_00747,Online,Ahmedabad
C00748,Customer_00748,Retail,Mumbai
C00749,Customer_00749,Retail,Pune
C00750,Customer_00750,Corporate,Nagpur
C00751,Customer_00751,Wholesale,Chandigarh
C00752,Customer_00752,Wholesale,Indore
C00753,Customer_00753,Wholesale,Nagpur
C00754,Customer_00754,Retail,Kolkata
C00755,Customer_00755,Retail,Delhi
C00756,Customer_00756,Retail,Ahmedabad
C00757,Customer_00757,Retail,Chennai
C00758,Customer_00758,Online,Pune
C00759,Customer_00759,Wholesale,Nagpur
C00760,Customer_00760,Online,Jaipur
C00761,Customer_00761,Online,Delhi
C00762,Customer_00762,Retail,Chandigarh
C00763,Customer_00763,Online,Patna
C00764,Customer_00764,Wholesale,Mumbai
C00765,Customer_00765,Online,Bhubaneswar
C00766,Customer_00766,Retail,Kochi
C00767,Customer_00767,Online,Bhopal
C00768,Customer_00768,Online,Kolkata
C00769,Customer_00769,Retail,Guwahati
C00770,Customer_00770,Retail,Raipur
C00771,Customer_00771,Online,Jaipur
C00772,Customer_00772,Online,Bhopal
C00773,Customer_00773,Retail,Surat
C00774,Customer_00774,Online,Nagpur
C00775,Customer_00775,Retail,Delhi
C00776,Customer_00776,Online,Indore
C00777,Customer_00777,Retail,Guwahati
C00778,Customer_00778,Online,Chennai
C00779,Customer_00779,Retail,Kolkata
C00780,Customer_00780,Retail,Kochi
C00781,Customer_00781,Retail,Raipur
C00782,Customer_00782,Retail,Surat
C00783,Customer_00783,Wholesale,Bhopal
C00784,Customer_00784,Retail,Lucknow
C00785,Customer_00785,Online,Raipur
C00786,Customer_00786,Retail,Chennai
C00787,Customer_00787,Retail,Kolkata
C00788,Customer_00788,Retail,Pune
C00789,Customer_00789,Retail,Nagpur
C00790,Customer_00790,Retail,Bhopal
C00791,Customer_00791,Wholesale,Bhubaneswar
C00792,Customer_00792,Wholesale,Pune
C00793,Customer_00793,Wholesale,Indore
C00794,Customer_00794,Wholesale,Raipur
C00795,Customer_00795,Online,Bengaluru
C00796,Customer_00796,Retail,Kochi
C00797,Customer_00797,Wholesale,Lucknow
C00798,Customer_00798,Corporate,Kolkata
C00799,Customer_00799,Wholesale,Mumbai
C00800,Customer_00800,Online,Nagpur
C00801,Customer_00801,Retail,Raipur
C00802,Customer_00802,Online,Lucknow
C00803,Customer_00803,Online,Nagpur
C00804,Customer_00804,Wholesale,Guwahati
C00805,Customer_00805,Corporate,Jaipur
C00806,Customer_00806,Retail,Guwahati
C00807,Customer_00807,Retail,Lucknow
C00808,Customer_00808,Online,Raipur
C00809,Customer_00809,Online,Delhi
C00810,Customer_00810,Retail,Bengaluru
C00811,Customer_00811,Retail,Surat
C00812,Customer_00812,Retail,Indore
C00813,Customer_00813,Retail,Pune
C00814,Customer_00814,Online,Indore
C00815,Customer_00815,Wholesale,Ahmedabad
C00816,Customer_00816,Retail,Kochi
C00817,Customer_00817,Retail,Mumbai
C00818,Customer_00818,Retail,Delhi
C00819,Customer_00819,Retail,Mumbai
C00820,Customer_00820,Online,Bhopal
C00821,Customer_00821,Corporate,Guwahati
C00822,Customer_00822,Online,Mumbai
C00823,Customer_00823,Retail,Pune
C00824,Customer_00824,Online,Ahmedabad
C00825,Customer_00825,Online,Bhopal
C00826,Customer_00826,Online,Pune
C00827,Customer_00827,Wholesale,Bhopal
C00828,Customer_00828,Retail,Raipur
C00829,Customer_00829,Retail,Patna
C00830,Customer_00830,Retail,Lucknow
C00831,Customer_00831,Retail,Bhopal
C00832,Customer_00832,Retail,Bengaluru
C00833,Customer_00833,Wholesale,Pune
C00834,Customer_00834,Online,Bengaluru
C00835,Customer_00835,Wholesale,Mumbai
C00836,Customer_00836,Retail,Bhubaneswar
C00837,Customer_00837,Corporate,Nagpur
C00838,Customer_00838,Corporate,Lucknow
C00839,Customer_00839,Online,Nagpur
C00840,Customer_00840,Corporate,Mumbai
C00841,Customer_00841,Wholesale,Jaipur
C00842,Customer_00842,Corporate,Indore
C00843,Customer_00843,Retail,Delhi
C00844,Customer_00844,Retail,Pune
C00845,Customer_00845,Retail,Bhubaneswar
C00846,Customer_00846,Retail,Guwahati
C00847,Customer_00847,Retail,Bhopal
C00848,Customer_00848,Online,Bengaluru
C00849,Customer_00849,Online,Mumbai
C00850,Customer_00850,Online,Nagpur
C00851,Customer_00851,Retail,Indore
C00852,Customer_00852,Online,Patna
C00853,Customer_00853,Online,Jaipur
C00854,Customer_00854,Retail,Pune
C00855,Customer_00855,Online,Delhi
C00856,Customer_00856,Retail,Ahmedabad
C00857,Customer_00857,Retail,Hyderabad
C00858,Customer_00858,Corporate,Guwahati
C00859,Customer_00859,Retail,Chennai
C00860,Customer_00860,Wholesale,Nagpur
C00861,Customer_00861,Online,Kolkata
C00862,Customer_00862,Online,Bhopal
C00863,Customer_00863,Retail,Hyderabad
C00864,Customer_00864,Retail,Surat
C00865,Customer_00865,Retail,Raipur
C00866,Customer_00866,Online,Lucknow
C00867,Customer_00867,Wholesale,Pune
C00868,Customer_00868,Retail,Ahmedabad
C00869,Customer_00869,Corporate,Bengaluru
C00870,Customer_00870,Wholesale,Bengaluru
C00871,Customer_00871,Retail,Patna
C00872,Customer_00872,Wholesale,Kolkata
C00873,Customer_00873,Online,Delhi
C00874,Customer_00874,Retail,Ahmedabad
C00875,Customer_00875,Retail,Chandigarh
C00876,Customer_00876,Online,Delhi
C00877,Customer_00877,Wholesale,Chennai
C00878,Customer_00878,Wholesale,Jaipur
C00879,Customer_00879,Wholesale,Lucknow
C00880,Customer_00880,Retail,Raipur
C00881,Customer_00881,Retail,Guwahati
C00882,Customer_00882,Wholesale,Guwahati
C00883,Customer_00883,Retail,Surat
C00884,Customer_00884,Retail,Patna
C00885,Customer_00885,Online,Ahmedabad
C00886,Customer_00886,Corporate,Bhopal
C00887,Customer_00887,Online,Patna
C00888,Customer_00888,Online,Raipur
C00889,Customer_00889,Retail,Kolkata
C00890,Customer_00890,Corporate,Patna
C00891,Customer_00891,Retail,Raipur
C00892,Customer_00892,Corporate,Jaipur
C00893,Customer_00893,Corporate,Delhi
C00894,Customer_00894,Online,Chandigarh
C00895,Customer_00895,Corporate,Lucknow
C00896,Customer_00896,Online,Kolkata
C00897,Customer_00897,Retail,Chennai
C00898,Customer_00898,Wholesale,Nagpur
C00899,Customer_00899,Online,Bengaluru
C00900,Customer_00900,Retail,Hyderabad
C00901,Customer_00901,Online,Ahmedabad
C00902,Customer_00902,Corporate,Jaipur
C00903,Customer_00903,Retail,Patna
C00904,Customer_00904,Online,Jaipur
C00905,Customer_00905,Corporate,Delhi
C00906,Customer_00906,Corporate,Chennai
C00907,Customer_00907,Corporate,Surat
C00908,Customer_00908,Wholesale,Lucknow
C00909,Customer_00909,Corporate,Nagpur
C00910,Customer_00910,Online,Nagpur
C00911,Customer_00911,Retail,Lucknow
C00912,Customer_00912,Wholesale,Hyderabad
C00913,Customer_00913,Online,Bengaluru
C00914,Customer_00914,Retail,Kolkata
C00915,Customer_00915,Online,Surat
C00916,Customer_00916,Online,Chennai
C00917,Customer_00917,Retail,Guwahati
C00918,Customer_00918,Online,Bhopal
C00919,Customer_00919,Online,Raipur
C00920,Customer_00920,Wholesale,Bhopal
C00921,Customer_00921,Retail,Jaipur
C00922,Customer_00922,Retail,Surat
C00923,Customer_00923,Retail,Guwahati
C00924,Customer_00924,Corporate,Surat
C00925,Customer_00925,Retail,Jaipur
C00926,Customer_00926,Online,Kolkata
C00927,Customer_00927,Retail,Guwahati
C00928,Customer_00928,Retail,Chennai
C00929,Customer_00929,Online,Pune
C00930,Customer_00930,Online,Ahmedabad
C00931,Customer_00931,Retail,Kochi
C00932,Customer_00932,Wholesale,Indore
C00933,Customer_00933,Retail,Delhi
C00934,Customer_00934,Wholesale,Surat
C00935,Customer_00935,Online,Chennai
C00936,Customer_00936,Retail,Bhubaneswar
C00937,Customer_00937,Retail,Kochi
C00938,Customer_00938,Retail,Raipur
C00939,Customer_00939,Corporate,Delhi
C00940,Customer_00940,Corporate,Raipur
C00941,Customer_00941,Retail,Patna
C00942,Customer_00942,Online,Patna
C00943,Customer_00943,Retail,Bhubaneswar
C00944,Customer_00944,Retail,Patna
C00945,Customer_00945,Online,Hyderabad
C00946,Customer_00946,Corporate,Kolkata
C00947,Customer_00947,Corporate,Kolkata
C00948,Customer_00948,Online,Hyderabad
C00949,Customer_00949,Retail,Patna
C00950,Customer_00950,Online,Indore
C00951,Customer_00951,Retail,Nagpur
C00952,Customer_00952,Online,Ahmedabad
C00953,Customer_00953,Retail,Bhopal
C00954,Customer_00954,Online,Chandigarh
C00955,Customer_00955,Retail,Jaipur
C00956,Customer_00956,Retail,Chandigarh
C00957,Customer_00957,Corporate,Hyderabad
C00958,Customer_00958,Retail,Nagpur
C00959,Customer_00959,Wholesale,Delhi
C00960,Customer_00960,Retail,Ahmedabad
C00961,Customer_00961,Retail,Kochi
C00962,Customer_00962,Retail,Surat
C00963,Customer_00963,Retail,Raipur
C00964,Customer_00964,Online,Patna
C00965,Customer_00965,Retail,Pune
C00966,Customer_00966,Corporate,Bhubaneswar
C00967,Customer_00967,Online,Kochi
C00968,Customer_00968,Wholesale,Mumbai
C00969,Customer_00969,Online,Surat
C00970,Customer_00970,Wholesale,Kochi
C00971,Customer_00971,Online,Bengaluru
C00972,Customer_00972,Retail,Jaipur
C00973,Customer_00973,Retail,Bhopal
C00974,Customer_00974,Online,Pune
C00975,Customer_00975,Corporate,Mumbai
C00976,Customer_00976,Online,Bengaluru
C00977,Customer_00977,Wholesale,Kochi
C00978,Customer_00978,Online,Raipur
C00979,Customer_00979,Wholesale,Chennai
C00980,Customer_00980,Wholesale,Kolkata
C00981,Customer_00981,Retail,Patna
C00982,Customer_00982,Online,Patna
C00983,Customer_00983,Retail,Kolkata
C00984,Customer_00984,Retail,Bhopal
C00985,Customer_00985,Online,Surat
C00986,Customer_00986,Retail,Guwahati
C00987,Customer_00987,Retail,Chennai
C00988,Customer_00988,Retail,Guwahati
C00989,Customer_00989,Corporate,Nagpur
C00990,Customer_00990,Wholesale,Bengaluru
C00991,Customer_00991,Wholesale,Guwahati
C00992,Customer_00992,Online,Ahmedabad
C00993,Customer_00993,Online,Chennai
C00994,Customer_00994,Retail,Kochi
C00995,Customer_00995,Online,Mumbai
C00996,Customer_00996,Online,Bengaluru
C00997,Customer_00997,Online,Kolkata
C00998,Customer_00998,Retail,Hyderabad
C00999,Customer_00999,Online,Kolkata
C01000,Customer_01000,Wholesale,Ahmedabad
C01001,Customer_01001,Retail,Lucknow
C01002,Customer_01002,Wholesale,Surat
C01003,Customer_01003,Retail,Bhubaneswar
C01004,Customer_01004,Retail,Indore
C01005,Customer_01005,Online,Pune
C01006,Customer_01006,Retail,Indore
C01007,Customer_01007,Wholesale,Raipur
C01008,Customer_01008,Wholesale,Guwahati
C01009,Customer_01009,Retail,Patna
C01010,Customer_01010,Corporate,Delhi
C01011,Customer_01011,Retail,Bengaluru
C01012,Customer_01012,Retail,Mumbai
C01013,Customer_01013,Retail,Patna
C01014,Customer_01014,Retail,Mumbai
C01015,Customer_01015,Retail,Raipur
C01016,Customer_01016,Online,Bengaluru
C01017,Customer_01017,Corporate,Jaipur
C01018,Customer_01018,Retail,Ahmedabad
C01019,Customer_01019,Online,Bengaluru
C01020,Customer_01020,Online,Delhi
C01021,Customer_01021,Online,Ahmedabad
C01022,Customer_01022,Wholesale,Bengaluru
C01023,Customer_01023,Retail,Patna
C01024,Customer_01024,Retail,Surat
C01025,Customer_01025,Online,Hyderabad
C01026,Customer_01026,Online,Delhi
C01027,Customer_01027,Retail,Bengaluru
C01028,Customer_01028,Retail,Guwahati
C01029,Customer_01029,Corporate,Pune
C01030,Customer_01030,Online,Ahmedabad
C01031,Customer_01031,Corporate,Mumbai
C01032,Customer_01032,Online,Guwahati
C01033,Customer_01033,Retail,Jaipur
C01034,Customer_01034,Online,Mumbai
C01035,Customer_01035,Online,Jaipur
C01036,Customer_01036,Retail,Bengaluru
C01037,Customer_01037,Wholesale,Chandigarh
C01038,Customer_01038,Online,Chandigarh
C01039,Customer_01039,Retail,Pune
C01040,Customer_01040,Online,Raipur
C01041,Customer_01041,Online,Nagpur
C01042,Customer_01042,Corporate,Bhubaneswar
C01043,Customer_01043,Retail,Bhubaneswar
C01044,Customer_01044,Retail,Nagpur
C01045,Customer_01045,Online,Chennai
C01046,Customer_01046,Retail,Pune
C01047,Customer_01047,Online,Mumbai
C01048,Customer_01048,Online,Chennai
C01049,Customer_01049,Retail,Bengaluru
C01050,Customer_01050,Wholesale,Nagpur
C01051,Customer_01051,Wholesale,Guwahati
C01052,Customer_01052,Retail,Hyderabad
C01053,Customer_01053,Corporate,Bhubaneswar
C01054,Customer_01054,Online,Chandigarh
C01055,Customer_01055,Online,Ahmedabad
C01056,Customer_01056,Online,Raipur
C01057,Customer_01057,Wholesale,Mumbai
C01058,Customer_01058,Corporate,Raipur
C01059,Customer_01059,Online,Jaipur
C01060,Customer_01060,Online,Ahmedabad
C01061,Customer_01061,Online,Lucknow
C01062,Customer_01062,Retail,Indore
C01063,Customer_01063,Online,Kochi
C01064,Customer_01064,Retail,Ahmedabad
C01065,Customer_01065,Retail,Chandigarh
C01066,Customer_01066,Retail,Pune
C01067,Customer_01067,Corporate,Surat
C01068,Customer_01068,Online,Ahmedabad
C01069,Customer_01069,Online,Patna
C01070,Customer_01070,Online,Lucknow
C01071,Customer_01071,Online,Lucknow
C01072,Customer_01072,Corporate,Pune
C01073,Customer_01073,Wholesale,Kochi
C01074,Customer_01074,Retail,Surat
C01075,Customer_01075,Retail,Bhubaneswar
C01076,Customer_01076,Online,Nagpur
C01077,Customer_01077,Online,Bhubaneswar
C01078,Customer_01078,Retail,Bengaluru
C01079,Customer_01079,Retail,Mumbai
C01080,Customer_01080,Online,Lucknow
C01081,Customer_01081,Retail,Pune
C01082,Customer_01082,Online,Chennai
C01083,Customer_01083,Corporate,Delhi
C01084,Customer_01084,Wholesale,Patna
C01085,Customer_01085,Retail,Bhopal
C01086,Customer_01086,Online,Nagpur
C01087,Customer_01087,Online,Pune
C01088,Customer_01088,Wholesale,Guwahati
C01089,Customer_01089,Corporate,Hyderabad
C01090,Customer_01090,Retail,Raipur
C01091,Customer_01091,Wholesale,Kolkata
C01092,Customer_01092,Online,Ahmedabad
C01093,Customer_01093,Online,Lucknow
C01094,Customer_01094,Retail,Pune
C01095,Customer_01095,Online,Mumbai
C01096,Customer_01096,Online,Guwahati
C01097,Customer_01097,Retail,Bhopal
C01098,Customer_01098,Retail,Guwahati
C01099,Customer_01099,Online,Jaipur
C01100,Customer_01100,Retail,Bhubaneswar
C01101,Customer_01101,Retail,Kochi
C01102,Customer_01102,Retail,Mumbai
C01103,Customer_01103,Online,Indore
C01104,Customer_01104,Online,Chandigarh
C01105,Customer_01105,Online,Mumbai
C01106,Customer_01106,Retail,Patna
C01107,Customer_01107,Online,Chennai
C01108,Customer_01108,Online,Patna
C01109,Customer_01109,Online,Ahmedabad
C01110,Customer_01110,Corporate,Chandigarh
C01111,Customer_01111,Retail,Bhopal
C01112,Customer_01112,Online,Pune
C01113,Customer_01113,Retail,Lucknow
C01114,Customer_01114,Wholesale,Ahmedabad
C01115,Customer_01115,Retail,Kochi
C01116,Customer_01116,Retail,Guwahati
C01117,Customer_01117,Retail,Bhopal
C01118,Customer_01118,Online,Delhi
C01119,Customer_01119,Retail,Bhopal
C01120,Customer_01120,Online,Indore
C01121,Customer_01121,Wholesale,Nagpur
C01122,Customer_01122,Retail,Chandigarh
C01123,Customer_01123,Online,Lucknow
C01124,Customer_01124,Retail,Bhopal
C01125,Customer_01125,Wholesale,Patna
C01126,Customer_01126,Online,Ahmedabad
C01127,Customer_01127,Retail,Indore
C01128,Customer_01128,Retail,Chennai
C01129,Customer_01129,Retail,Bhopal
C01130,Customer_01130,Corporate,Chandigarh
C01131,Customer_01131,Online,Surat
C01132,Customer_01132,Online,Kochi
C01133,Customer_01133,Online,Mumbai
C01134,Customer_01134,Retail,Mumbai
C01135,Customer_01135,Wholesale,Kochi
C01136,Customer_01136,Online,Bhopal
C01137,Customer_01137,Retail,Nagpur
C01138,Customer_01138,Retail,Nagpur
C01139,Customer_01139,Retail,Patna
C01140,Customer_01140,Wholesale,Raipur
C01141,Customer_01141,Corporate,Chennai
C01142,Customer_01142,Retail,Patna
C01143,Customer_01143,Wholesale,Nagpur
C01144,Customer_01144,Retail,Guwahati
C01145,Customer_01145,Corporate,Hyderabad
C01146,Customer_01146,Retail,Bhopal
C01147,Customer_01147,Wholesale,Jaipur
C01148,Customer_01148,Online,Chennai
C01149,Customer_01149,Online,Mumbai
C01150,Customer_01150,Wholesale,Surat
C01151,Customer_01151,Retail,Kochi
C01152,Customer_01152,Retail,Mumbai
C01153,Customer_01153,Retail,Kochi
C01154,Customer_01154,Retail,Jaipur
C01155,Customer_01155,Wholesale,Bengaluru
C01156,Customer_01156,Retail,Bhopal
C01157,Customer_01157,Retail,Indore
C01158,Customer_01158,Online,Kolkata
C01159,Customer_01159,Corporate,Pune
C01160,Customer_01160,Online,Ahmedabad
C01161,Customer_01161,Retail,Chennai
C01162,Customer_01162,Retail,Pune
C01163,Customer_01163,Corporate,Nagpur
C01164,Customer_01164,Retail,Delhi
C01165,Customer_01165,Retail,Bengaluru
C01166,Customer_01166,Online,Pune
C01167,Customer_01167,Online,Nagpur
C01168,Customer_01168,Online,Guwahati
C01169,Customer_01169,Retail,Surat
C01170,Customer_01170,Retail,Chandigarh
C01171,Customer_01171,Corporate,Chandigarh
C01172,Customer_01172,Retail,Mumbai
C01173,Customer_01173,Online,Surat
C01174,Customer_01174,Online,Bhopal
C01175,Customer_01175,Online,Pune
C01176,Customer_01176,Retail,Bhubaneswar
C01177,Customer_01177,Retail,Bhopal
C01178,Customer_01178,Online,Hyderabad
C01179,Customer_01179,Online,Kolkata
C01180,Customer_01180,Corporate,Indore
C01181,Customer_01181,Retail,Indore
C01182,Customer_01182,Retail,Lucknow
C01183,Customer_01183,Corporate,Raipur
C01184,Customer_01184,Online,Patna
C01185,Customer_01185,Online,Mumbai
C01186,Customer_01186,Retail,Bhubaneswar
C01187,Customer_01187,Online,Bengaluru
C01188,Customer_01188,Online,Indore
C01189,Customer_01189,Online,Bhopal
C01190,Customer_01190,Wholesale,Indore
C01191,Customer_01191,Retail,Indore
C01192,Customer_01192,Online,Delhi
C01193,Customer_01193,Retail,Jaipur
C01194,Customer_01194,Wholesale,Surat
C01195,Customer_01195,Corporate,Raipur
C01196,Customer_01196,Retail,Kochi
C01197,Customer_01197,Online,Surat
C01198,Customer_01198,Retail,Indore
C01199,Customer_01199,Online,Chandigarh
C01200,Customer_01200,Corporate,Kochi
C01201,Customer_01201,Retail,Surat
C01202,Customer_01202,Retail,Bengaluru
C01203,Customer_01203,Wholesale,Indore
C01204,Customer_01204,Retail,Kolkata
C01205,Customer_01205,Online,Kochi
C01206,Customer_01206,Corporate,Chennai
C01207,Customer_01207,Wholesale,Lucknow
C01208,Customer_01208,Retail,
C01209,Customer_01209,Wholesale,Bengaluru
C01210,Customer_01210,Online,Indore
C01211,Customer_01211,Retail,Delhi
C01212,Customer_01212,Online,Bhopal
C01213,Customer_01213,Online,Jaipur
C01214,Customer_01214,Online,Jaipur
C01215,Customer_01215,Retail,Pune
C01216,Customer_01216,Online,Raipur
C01217,Customer_01217,Retail,Guwahati
C01218,Customer_01218,Retail,Ahmedabad
C01219,Customer_01219,Online,Lucknow
C01220,Customer_01220,Online,Patna
C01221,Customer_01221,Retail,Kochi
C01222,Customer_01222,Retail,Chennai
C01223,Customer_01223,Retail,Pune
C01224,Customer_01224,Retail,Guwahati
C01225,Customer_01225,Retail,Indore
C01226,Customer_01226,Retail,Kolkata
C01227,Customer_01227,Wholesale,Mumbai
C01228,Customer_01228,Online,Raipur
C01229,Customer_01229,Online,Indore
C01230,Customer_01230,Online,Hyderabad
C01231,Customer_01231,Retail,Kolkata
C01232,Customer_01232,Corporate,Nagpur
C01233,Customer_01233,Online,Surat
C01234,Customer_01234,Online,Chennai
C01235,Customer_01235,Online,Nagpur
C01236,Customer_01236,Corporate,Kolkata
C01237,Customer_01237,Wholesale,Hyderabad
C01238,Customer_01238,Retail,Patna
C01239,Customer_01239,Online,Patna
C01240,Customer_01240,Online,Guwahati
C01241,Customer_01241,Online,Chennai
C01242,Customer_01242,Wholesale,Nagpur
C01243,Customer_01243,Retail,Lucknow
C01244,Customer_01244,Retail,Indore
C01245,Customer_01245,Corporate,Bengaluru
C01246,Customer_01246,Online,Lucknow
C01247,Customer_01247,Wholesale,Delhi
C01248,Customer_01248,Retail,Chandigarh
C01249,Customer_01249,Retail,Pune
C01250,Customer_01250,Online,Kochi
C01251,Customer_01251,Online,Pune
C01252,Customer_01252,Online,Jaipur
C01253,Customer_01253,Wholesale,Ahmedabad
C01254,Customer_01254,Online,Mumbai
C01255,Customer_01255,Retail,Chennai
C01256,Customer_01256,Online,Bhubaneswar
C01257,Customer_01257,Wholesale,Surat
C01258,Customer_01258,Wholesale,Surat
C01259,Customer_01259,Online,Delhi
C01260,Customer_01260,Corporate,Jaipur
C01261,Customer_01261,Retail,Jaipur
C01262,Customer_01262,Online,Raipur
C01263,Customer_01263,Retail,Ahmedabad
C01264,Customer_01264,Wholesale,Jaipur
C01265,Customer_01265,Retail,Kochi
C01266,Customer_01266,Retail,Nagpur
C01267,Customer_01267,Wholesale,Kolkata
C01268,Customer_01268,Retail,Ahmedabad
C01269,Customer_01269,Wholesale,Mumbai
C01270,Customer_01270,Corporate,Kochi
C01271,Customer_01271,Retail,Bhubaneswar
C01272,Customer_01272,Online,Guwahati
C01273,Customer_01273,Wholesale,Bhopal
C01274,Customer_01274,Online,Pune
C01275,Customer_01275,Retail,Jaipur
C01276,Customer_01276,Retail,Chennai
C01277,Customer_01277,Retail,Bengaluru
C01278,Customer_01278,Retail,Bengaluru
C01279,Customer_01279,Retail,Hyderabad
C01280,Customer_01280,Online,Chandigarh
C01281,Customer_01281,Online,Jaipur
C01282,Customer_01282,Online,Nagpur
C01283,Customer_01283,Online,Mumbai
C01284,Customer_01284,Retail,Chandigarh
C01285,Customer_01285,Retail,Nagpur
C01286,Customer_01286,Retail,Bhubaneswar
C01287,Customer_01287,Retail,Surat
C01288,Customer_01288,Wholesale,Delhi
C01289,Customer_01289,Wholesale,Patna
C01290,Customer_01290,Retail,Indore
C01291,Customer_01291,Retail,Lucknow
C01292,Customer_01292,Online,Chandigarh
C01293,Customer_01293,Online,Kolkata
C01294,Customer_01294,Retail,Delhi
C01295,Customer_01295,Corporate,Bengaluru
C01296,Customer_01296,Corporate,Lucknow
C01297,Customer_01297,Retail,Surat
C01298,Customer_01298,Retail,Guwahati
C01299,Customer_01299,Wholesale,Surat
C01300,Customer_01300,Corporate,Bhopal
C01301,Customer_01301,Online,Ahmedabad
C01302,Customer_01302,Retail,Bengaluru
C01303,Customer_01303,Retail,Chennai
C01304,Customer_01304,Online,Surat
C01305,Customer_01305,Wholesale,Raipur
C01306,Customer_01306,Retail,Jaipur
C01307,Customer_01307,Online,Hyderabad
C01308,Customer_01308,Online,Ahmedabad
C01309,Customer_01309,Online,Ahmedabad
C01310,Customer_01310,Online,Surat
C01311,Customer_01311,Online,Delhi
C01312,Customer_01312,Wholesale,Kolkata
C01313,Customer_01313,Online,Nagpur
C01314,Customer_01314,Retail,Patna
C01315,Customer_01315,Online,Nagpur
C01316,Customer_01316,Retail,Nagpur
C01317,Customer_01317,Online,Pune
C01318,Customer_01318,Retail,Hyderabad
C01319,Customer_01319,Retail,Pune
C01320,Customer_01320,Retail,Jaipur
C01321,Customer_01321,Retail,Bhopal
C01322,Customer_01322,Online,Bengaluru
C01323,Customer_01323,Online,Nagpur
C01324,Customer_01324,Wholesale,Indore
C01325,Customer_01325,Retail,Ahmedabad
C01326,Customer_01326,Retail,Bengaluru
C01327,Customer_01327,Retail,Chennai
C01328,Customer_01328,Retail,Nagpur
C01329,Customer_01329,Online,Hyderabad
C01330,Customer_01330,Retail,Hyderabad
C01331,Customer_01331,Retail,Pune
C01332,Customer_01332,Retail,Kolkata
C01333,Customer_01333,Retail,Delhi
C01334,Customer_01334,Wholesale,Kolkata
C01335,Customer_01335,Online,Chennai
C01336,Customer_01336,Retail,Indore
C01337,Customer_01337,Retail,Chandigarh
C01338,Customer_01338,Retail,Lucknow
C01339,Customer_01339,Retail,Bhopal
C01340,Customer_01340,Retail,Lucknow
C01341,Customer_01341,Corporate,Indore
C01342,Customer_01342,Online,Jaipur
C01343,Customer_01343,Online,Guwahati
C01344,Customer_01344,Wholesale,Chandigarh
C01345,Customer_01345,Wholesale,Surat
C01346,Customer_01346,Wholesale,Indore
C01347,Customer_01347,Online,Lucknow
C01348,Customer_01348,Online,Bhopal
C01349,Customer_01349,Retail,Mumbai
C01350,Customer_01350,Wholesale,Chandigarh
C01351,Customer_01351,Wholesale,Lucknow
C01352,Customer_01352,Online,Surat
C01353,Customer_01353,Online,Surat
C01354,Customer_01354,Wholesale,Surat
C01355,Customer_01355,Retail,Nagpur
C01356,Customer_01356,Online,Pune
C01357,Customer_01357,Retail,Nagpur
C01358,Customer_01358,Retail,Patna
C01359,Customer_01359,Retail,Jaipur
C01360,Customer_01360,Online,Jaipur
C01361,Customer_01361,Retail,Kochi
C01362,Customer_01362,Retail,Bhubaneswar
C01363,Customer_01363,Online,Pune
C01364,Customer_01364,Retail,Mumbai
C01365,Customer_01365,Wholesale,Patna
C01366,Customer_01366,Wholesale,Ahmedabad
C01367,Customer_01367,Retail,Kochi
C01368,Customer_01368,Online,Bhopal
C01369,Customer_01369,Retail,Jaipur
C01370,Customer_01370,Wholesale,Guwahati
C01371,Customer_01371,Online,Chandigarh
C01372,Customer_01372,Online,Nagpur
C01373,Customer_01373,Online,Kolkata
C01374,Customer_01374,Retail,Bhopal
C01375,Customer_01375,Retail,Pune
C01376,Customer_01376,Online,Surat
C01377,Customer_01377,Wholesale,Surat
C01378,Customer_01378,Online,Nagpur
C01379,Customer_01379,Online,Nagpur
C01380,Customer_01380,Online,Indore
C01381,Customer_01381,Wholesale,Jaipur
C01382,Customer_01382,Retail,Nagpur
C01383,Customer_01383,Online,Ahmedabad
C01384,Customer_01384,Wholesale,Kochi
C01385,Customer_01385,Retail,Raipur
C01386,Customer_01386,Online,Kochi
C01387,Customer_01387,Online,Pune
C01388,Customer_01388,Wholesale,Raipur
C01389,Customer_01389,Retail,Delhi
C01390,Customer_01390,Retail,Delhi
C01391,Customer_01391,Online,Kochi
C01392,Customer_01392,Corporate,Lucknow
C01393,Customer_01393,Retail,Chandigarh
C01394,Customer_01394,Retail,Chandigarh
C01395,Customer_01395,Online,Pune
C01396,Customer_01396,Retail,Delhi
C01397,Customer_01397,Wholesale,Kolkata
C01398,Customer_01398,Corporate,Indore
C01399,Customer_01399,Retail,Lucknow
C01400,Customer_01400,Online,Lucknow
C01401,Customer_01401,Retail,Jaipur
C01402,Customer_01402,Retail,Kolkata
C01403,Customer_01403,Online,Delhi
C01404,Customer_01404,Wholesale,Lucknow
C01405,Customer_01405,Corporate,Nagpur
C01406,Customer_01406,Online,Patna
C01407,Customer_01407,Retail,Patna
C01408,Customer_01408,Retail,Lucknow
C01409,Customer_01409,Retail,Patna
C01410,Customer_01410,Retail,Chennai
C01411,Customer_01411,Retail,Guwahati
C01412,Customer_01412,Retail,Kolkata
C01413,Customer_01413,Wholesale,Bhubaneswar
C01414,Customer_01414,Online,Pune
C01415,Customer_01415,Online,Pune
C01416,Customer_01416,Online,Mumbai
C01417,Customer_01417,Retail,Guwahati
C01418,Customer_01418,Retail,Kochi
C01419,Customer_01419,Online,Patna
C01420,Customer_01420,Wholesale,Delhi
C01421,Customer_01421,Retail,Hyderabad
C01422,Customer_01422,Online,Mumbai
C01423,Customer_01423,Online,Raipur
C01424,Customer_01424,Wholesale,Bengaluru
C01425,Customer_01425,Retail,Pune
C01426,Customer_01426,Online,Bengaluru
C01427,Customer_01427,Online,Hyderabad
C01428,Customer_01428,Online,Bhubaneswar
C01429,Customer_01429,Online,Lucknow
C01430,Customer_01430,Online,Bhopal
C01431,Customer_01431,Wholesale,Mumbai
C01432,Customer_01432,Retail,Chennai
C01433,Customer_01433,Online,Nagpur
C01434,Customer_01434,Online,Bengaluru
C01435,Customer_01435,Online,Lucknow
C01436,Customer_01436,Retail,Raipur
C01437,Customer_01437,Retail,Ahmedabad
C01438,Customer_01438,Online,Hyderabad
C01439,Customer_01439,Online,Jaipur
C01440,Customer_01440,Corporate,Indore
C01441,Customer_01441,Online,Hyderabad
C01442,Customer_01442,Online,Kochi
C01443,Customer_01443,Online,Pune
C01444,Customer_01444,Online,Jaipur
C01445,Customer_01445,Online,Guwahati
C01446,Customer_01446,Online,Bengaluru
C01447,Customer_01447,Retail,Raipur
C01448,Customer_01448,Wholesale,Mumbai
C01449,Customer_01449,Online,Pune
C01450,Customer_01450,Retail,Bengaluru
C01451,Customer_01451,Retail,Chennai
C01452,Customer_01452,Retail,Kochi
C01453,Customer_01453,Retail,Patna
C01454,Customer_01454,Retail,Chennai
C01455,Customer_01455,Wholesale,Lucknow
C01456,Customer_01456,Corporate,Indore
C01457,Customer_01457,Wholesale,Hyderabad
C01458,Customer_01458,Retail,Kolkata
C01459,Customer_01459,Retail,Raipur
C01460,Customer_01460,Online,Ahmedabad
C01461,Customer_01461,Retail,Kochi
C01462,Customer_01462,Online,Nagpur
C01463,Customer_01463,Online,Ahmedabad
C01464,Customer_01464,Online,Kolkata
C01465,Customer_01465,Retail,Delhi
C01466,Customer_01466,Online,Hyderabad
C01467,Customer_01467,Retail,Delhi
C01468,Customer_01468,Corporate,Guwahati
C01469,Customer_01469,Online,Indore
C01470,Customer_01470,Retail,Raipur
C01471,Customer_01471,Retail,Bhubaneswar
C01472,Customer_01472,Retail,Guwahati
C01473,Customer_01473,Online,Hyderabad
C01474,Customer_01474,Retail,Surat
C01475,Customer_01475,Online,Lucknow
C01476,Customer_01476,Retail,Delhi
C01477,Customer_01477,Online,Nagpur
C01478,Customer_01478,Online,Nagpur
C01479,Customer_01479,Online,Bengaluru
C01480,Customer_01480,Online,Guwahati
C01481,Customer_01481,Retail,Lucknow
C01482,Customer_01482,Retail,Bengaluru
C01483,Customer_01483,Online,Nagpur
C01484,Customer_01484,Retail,Raipur
C01485,Customer_01485,Wholesale,Jaipur
C01486,Customer_01486,Retail,Indore
C01487,Customer_01487,Retail,Indore
C01488,Customer_01488,Retail,Surat
C01489,Customer_01489,Online,Bhubaneswar
C01490,Customer_01490,Retail,Nagpur
C01491,Customer_01491,Online,Pune
C01492,Customer_01492,Retail,Bengaluru
C01493,Customer_01493,Online,Nagpur
C01494,Customer_01494,Retail,Bengaluru
C01495,Customer_01495,Online,Indore
C01496,Customer_01496,Online,Chandigarh
C01497,Customer_01497,Retail,Surat
C01498,Customer_01498,Corporate,Pune
C01499,Customer_01499,Corporate,Lucknow
C01500,Customer_01500,Online,Patna
C01501,Customer_01501,Online,Pune
C01502,Customer_01502,Retail,Bengaluru
C01503,Customer_01503,Online,Mumbai
C01504,Customer_01504,Retail,Guwahati
C01505,Customer_01505,Retail,Kochi
C01506,Customer_01506,Corporate,Bengaluru
C01507,Customer_01507,Retail,Chandigarh
C01508,Customer_01508,Online,Indore
C01509,Customer_01509,Online,Delhi
C01510,Customer_01510,Online,Indore
C01511,Customer_01511,Corporate,Delhi
C01512,Customer_01512,Retail,Indore
C01513,Customer_01513,Retail,Surat
C01514,Customer_01514,Wholesale,Bengaluru
C01515,Customer_01515,Retail,Raipur
C01516,Customer_01516,Retail,Ahmedabad
C01517,Customer_01517,Retail,Bhubaneswar
C01518,Customer_01518,Online,Jaipur
C01519,Customer_01519,Online,Patna
C01520,Customer_01520,Retail,Ahmedabad
C01521,Customer_01521,Online,Kolkata
C01522,Customer_01522,Retail,Bhubaneswar
C01523,Customer_01523,Retail,Ahmedabad
C01524,Customer_01524,Online,Chennai
C01525,Customer_01525,Online,Nagpur
C01526,Customer_01526,Online,Chandigarh
C01527,Customer_01527,Retail,Bhopal
C01528,Customer_01528,Online,Delhi
C01529,Customer_01529,Online,Raipur
C01530,Customer_01530,Online,Patna
C01531,Customer_01531,Online,Kochi
C01532,Customer_01532,Online,Kolkata
C01533,Customer_01533,Online,Hyderabad
C01534,Customer_01534,Online,Mumbai
C01535,Customer_01535,Corporate,Chandigarh
C01536,Customer_01536,Online,Lucknow
C01537,Customer_01537,Wholesale,Surat
C01538,Customer_01538,Online,Raipur
C01539,Customer_01539,Retail,Ahmedabad
C01540,Customer_01540,Retail,Pune
C01541,Customer_01541,Online,Bengaluru
C01542,Customer_01542,Corporate,Pune
C01543,Customer_01543,Corporate,Delhi
C01544,Customer_01544,Retail,Kolkata
C01545,Customer_01545,Wholesale,Hyderabad
C01546,Customer_01546,Retail,Chennai
C01547,Customer_01547,Corporate,Nagpur
C01548,Customer_01548,Corporate,Guwahati
C01549,Customer_01549,Online,Hyderabad
C01550,Customer_01550,Online,Mumbai
C01551,Customer_01551,Online,Kochi
C01552,Customer_01552,Online,Kochi
C01553,Customer_01553,Retail,Hyderabad
C01554,Customer_01554,Wholesale,Indore
C01555,Customer_01555,Online,Chennai
C01556,Customer_01556,Online,Chennai
C01557,Customer_01557,Retail,Indore
C01558,Customer_01558,Corporate,Kolkata
C01559,Customer_01559,Retail,Jaipur
C01560,Customer_01560,Wholesale,Indore
C01561,Customer_01561,Online,Raipur
C01562,Customer_01562,Online,Kochi
C01563,Customer_01563,Online,Hyderabad
C01564,Customer_01564,Retail,Lucknow
C01565,Customer_01565,Retail,Bengaluru
C01566,Customer_01566,Online,Ahmedabad
C01567,Customer_01567,Online,Chennai
C01568,Customer_01568,Retail,Bengaluru
C01569,Customer_01569,Online,Ahmedabad
C01570,Customer_01570,Wholesale,Lucknow
C01571,Customer_01571,Online,Pune
C01572,Customer_01572,Online,Nagpur
C01573,Customer_01573,Retail,Mumbai
C01574,Customer_01574,Retail,Patna
C01575,Customer_01575,Online,Indore
C01576,Customer_01576,Online,Hyderabad
C01577,Customer_01577,Online,Nagpur
C01578,Customer_01578,Online,Lucknow
C01579,Customer_01579,Online,Lucknow
C01580,Customer_01580,Corporate,Pune
C01581,Customer_01581,Wholesale,Bhopal
C01582,Customer_01582,Wholesale,Kochi
C01583,Customer_01583,Wholesale,Delhi
C01584,Customer_01584,Retail,Hyderabad
C01585,Customer_01585,Online,Bhubaneswar
C01586,Customer_01586,Retail,Lucknow
C01587,Customer_01587,Corporate,Pune
C01588,Customer_01588,Online,Bhubaneswar
C01589,Customer_01589,Online,Bhopal
C01590,Customer_01590,Retail,Bengaluru
C01591,Customer_01591,Retail,Lucknow
C01592,Customer_01592,Retail,Bhubaneswar
C01593,Customer_01593,Wholesale,Guwahati
C01594,Customer_01594,Retail,Jaipur
C01595,Customer_01595,Online,Indore
C01596,Customer_01596,Online,Indore
C01597,Customer_01597,Online,Mumbai
C01598,Customer_01598,Online,Indore
C01599,Customer_01599,Retail,Pune
C01600,Customer_01600,Online,Bhubaneswar
C01601,Customer_01601,Online,Delhi
C01602,Customer_01602,Retail,Bhopal
C01603,Customer_01603,Online,Surat
C01604,Customer_01604,Retail,Patna
C01605,Customer_01605,Online,Nagpur
C01606,Customer_01606,Corporate,Kochi
C01607,Customer_01607,Retail,Patna
C01608,Customer_01608,Online,Bhopal
C01609,Customer_01609,Online,Patna
C01610,Customer_01610,Corporate,Jaipur
C01611,Customer_01611,Wholesale,Chandigarh
C01612,Customer_01612,Online,Chandigarh
C01613,Customer_01613,Retail,Hyderabad
C01614,Customer_01614,Retail,Lucknow
C01615,Customer_01615,Retail,Hyderabad
C01616,Customer_01616,Corporate,Lucknow
C01617,Customer_01617,Online,Patna
C01618,Customer_01618,Online,Raipur
C01619,Customer_01619,Corporate,Raipur
C01620,Customer_01620,Retail,Chandigarh
C01621,Customer_01621,Retail,Nagpur
C01622,Customer_01622,Retail,Delhi
C01623,Customer_01623,Retail,Lucknow
C01624,Customer_01624,Retail,Pune
C01625,Customer_01625,Wholesale,Mumbai
C01626,Customer_01626,Retail,Mumbai
C01627,Customer_01627,Retail,Chennai
C01628,Customer_01628,Retail,Ahmedabad
C01629,Customer_01629,Retail,Chandigarh
C01630,Customer_01630,Corporate,Bhubaneswar
C01631,Customer_01631,Online,Pune
C01632,Customer_01632,Corporate,Surat
C01633,Customer_01633,Wholesale,Kolkata
C01634,Customer_01634,Retail,Chandigarh
C01635,Customer_01635,Online,Kochi
C01636,Customer_01636,Retail,Mumbai
C01637,Customer_01637,Retail,Guwahati
C01638,Customer_01638,Retail,Delhi
C01639,Customer_01639,Retail,Raipur
C01640,Customer_01640,Retail,Hyderabad
C01641,Customer_01641,Retail,Guwahati
C01642,Customer_01642,Online,Guwahati
C01643,Customer_01643,Retail,Kolkata
C01644,Customer_01644,Retail,Surat
C01645,Customer_01645,Online,Indore
C01646,Customer_01646,Retail,Chennai
C01647,Customer_01647,Retail,Lucknow
C01648,Customer_01648,Online,Jaipur
C01649,Customer_01649,Retail,Bhopal
C01650,Customer_01650,Retail,Bhubaneswar
C01651,Customer_01651,Wholesale,Kolkata
C01652,Customer_01652,Retail,Kolkata
C01653,Customer_01653,Online,Guwahati
C01654,Customer_01654,Online,Patna
C01655,Customer_01655,Retail,Bhopal
C01656,Customer_01656,Online,Mumbai
C01657,Customer_01657,Wholesale,Chennai
C01658,Customer_01658,Retail,Guwahati
C01659,Customer_01659,Online,Mumbai
C01660,Customer_01660,Retail,Jaipur
C01661,Customer_01661,Wholesale,Raipur
C01662,Customer_01662,Retail,Ahmedabad
C01663,Customer_01663,Wholesale,Bhubaneswar
C01664,Customer_01664,Retail,Guwahati
C01665,Customer_01665,Online,Patna
C01666,Customer_01666,Retail,Surat
C01667,Customer_01667,Wholesale,Guwahati
C01668,Customer_01668,Wholesale,Surat
C01669,Customer_01669,Online,Guwahati
C01670,Customer_01670,Online,Delhi
C01671,Customer_01671,Online,Chandigarh
C01672,Customer_01672,Online,Bengaluru
C01673,Customer_01673,Online,Kolkata
C01674,Customer_01674,Retail,Bhubaneswar
C01675,Customer_01675,Wholesale,Surat
C01676,Customer_01676,Online,Ahmedabad
C01677,Customer_01677,Corporate,Bhubaneswar
C01678,Customer_01678,Online,Chennai
C01679,Customer_01679,Retail,Kolkata
C01680,Customer_01680,Retail,Pune
C01681,Customer_01681,Wholesale,Guwahati
C01682,Customer_01682,Online,Surat
C01683,Customer_01683,Wholesale,Guwahati
C01684,Customer_01684,Wholesale,Nagpur
C01685,Customer_01685,Online,Ahmedabad
C01686,Customer_01686,Retail,Kochi
C01687,Customer_01687,Online,Indore
C01688,Customer_01688,Wholesale,Bhubaneswar
C01689,Customer_01689,Retail,Pune
C01690,Customer_01690,Wholesale,Nagpur
C01691,Customer_01691,Online,Chennai
C01692,Customer_01692,Retail,Mumbai
C01693,Customer_01693,Retail,Raipur
C01694,Customer_01694,Corporate,Bhopal
C01695,Customer_01695,Retail,Nagpur
C01696,Customer_01696,Online,Chandigarh
C01697,Customer_01697,Online,Kolkata
C01698,Customer_01698,Wholesale,Mumbai
C01699,Customer_01699,Online,Mumbai
C01700,Customer_01700,Retail,Surat
C01701,Customer_01701,Online,Bhopal
C01702,Customer_01702,Retail,Bhubaneswar
C01703,Customer_01703,Online,Chennai
C01704,Customer_01704,Retail,Surat
C01705,Customer_01705,Online,Guwahati
C01706,Customer_01706,Retail,Bhubaneswar
C01707,Customer_01707,Retail,Chandigarh
C01708,Customer_01708,Retail,Mumbai
C01709,Customer_01709,Retail,Nagpur
C01710,Customer_01710,Online,Patna
C01711,Customer_01711,Retail,Bhubaneswar
C01712,Customer_01712,Corporate,Bengaluru
C01713,Customer_01713,Corporate,Jaipur
C01714,Customer_01714,Online,Bhubaneswar
C01715,Customer_01715,Retail,Patna
C01716,Customer_01716,Retail,Nagpur
C01717,Customer_01717,Online,Nagpur
C01718,Customer_01718,Retail,Kochi
C01719,Customer_01719,Retail,Bengaluru
C01720,Customer_01720,Online,Bengaluru
C01721,Customer_01721,Online,Bhopal
C01722,Customer_01722,Online,Nagpur
C01723,Customer_01723,Retail,Lucknow
C01724,Customer_01724,Online,Surat
C01725,Customer_01725,Retail,Mumbai
C01726,Customer_01726,Retail,Jaipur
C01727,Customer_01727,Online,Surat
C01728,Customer_01728,Retail,Indore
C01729,Customer_01729,Retail,Surat
C01730,Customer_01730,Retail,Raipur
C01731,Customer_01731,Online,Chandigarh
C01732,Customer_01732,Online,Bengaluru
C01733,Customer_01733,Online,Lucknow
C01734,Customer_01734,Online,Ahmedabad
C01735,Customer_01735,Retail,Raipur
C01736,Customer_01736,Wholesale,Ahmedabad
C01737,Customer_01737,Retail,Ahmedabad
C01738,Customer_01738,Retail,Bengaluru
C01739,Customer_01739,Wholesale,Ahmedabad
C01740,Customer_01740,Corporate,Kochi
C01741,Customer_01741,Retail,Bhopal
C01742,Customer_01742,Retail,Raipur
C01743,Customer_01743,Retail,Kochi
C01744,Customer_01744,Retail,Chandigarh
C01745,Customer_01745,Corporate,Raipur
C01746,Customer_01746,Wholesale,Chandigarh
C01747,Customer_01747,Wholesale,Indore
C01748,Customer_01748,Online,Nagpur
C01749,Customer_01749,Retail,Patna
C01750,Customer_01750,Wholesale,Mumbai
C01751,Customer_01751,Wholesale,Surat
C01752,Customer_01752,Online,Jaipur
C01753,Customer_01753,Corporate,Mumbai
C01754,Customer_01754,Online,Chandigarh
C01755,Customer_01755,Retail,Bhopal
C01756,Customer_01756,Online,Patna
C01757,Customer_01757,Retail,Guwahati
C01758,Customer_01758,Retail,Bhopal
C01759,Customer_01759,Retail,Chennai
C01760,Customer_01760,Retail,Hyderabad
C01761,Customer_01761,Wholesale,Ahmedabad
C01762,Customer_01762,Online,Lucknow
C01763,Customer_01763,Corporate,Bhubaneswar
C01764,Customer_01764,Wholesale,Pune
C01765,Customer_01765,Wholesale,Indore
C01766,Customer_01766,Retail,Kolkata
C01767,Customer_01767,Retail,Chandigarh
C01768,Customer_01768,Online,Chandigarh
C01769,Customer_01769,Wholesale,Chennai
C01770,Customer_01770,Online,Surat
C01771,Customer_01771,Retail,Nagpur
C01772,Customer_01772,Retail,Bhubaneswar
C01773,Customer_01773,Wholesale,Lucknow
C01774,Customer_01774,Retail,Bhubaneswar
C01775,Customer_01775,Retail,Indore
C01776,Customer_01776,Online,Patna
C01777,Customer_01777,Retail,Surat
C01778,Customer_01778,Online,Kochi
C01779,Customer_01779,Retail,Patna
C01780,Customer_01780,Retail,Bengaluru
C01781,Customer_01781,Retail,Indore
C01782,Customer_01782,Online,Bengaluru
C01783,Customer_01783,Retail,Guwahati
C01784,Customer_01784,Online,Guwahati
C01785,Customer_01785,Retail,Delhi
C01786,Customer_01786,Online,Guwahati
C01787,Customer_01787,Retail,Bengaluru
C01788,Customer_01788,Online,Chandigarh
C01789,Customer_01789,Online,Patna
C01790,Customer_01790,Corporate,Patna
C01791,Customer_01791,Retail,Raipur
C01792,Customer_01792,Retail,Delhi
C01793,Customer_01793,Retail,Nagpur
C01794,Customer_01794,Online,Nagpur
C01795,Customer_01795,Wholesale,Bhopal
C01796,Customer_01796,Online,Pune
C01797,Customer_01797,Retail,Raipur
C01798,Customer_01798,Retail,Bengaluru
C01799,Customer_01799,Retail,Bhubaneswar
C01800,Customer_01800,Corporate,Ahmedabad
C01801,Customer_01801,Online,Indore
C01802,Customer_01802,Corporate,Bhubaneswar
C01803,Customer_01803,Retail,Lucknow
C01804,Customer_01804,Online,Chandigarh
C01805,Customer_01805,Online,Guwahati
C01806,Customer_01806,Retail,Bengaluru
C01807,Customer_01807,Online,Patna
C01808,Customer_01808,Corporate,Guwahati
C01809,Customer_01809,Online,Surat
C01810,Customer_01810,Online,Lucknow
C01811,Customer_01811,Retail,Chandigarh
C01812,Customer_01812,Retail,Indore
C01813,Customer_01813,Corporate,Bhubaneswar
C01814,Customer_01814,Retail,Bhubaneswar
C01815,Customer_01815,Online,Kochi
C01816,Customer_01816,Online,Chandigarh
C01817,Customer_01817,Online,Chennai
C01818,Customer_01818,Corporate,Mumbai
C01819,Customer_01819,Retail,Bhopal
C01820,Customer_01820,Retail,Chennai
C01821,Customer_01821,Retail,Delhi
C01822,Customer_01822,Wholesale,Surat
C01823,Customer_01823,Retail,Bhubaneswar
C01824,Customer_01824,Retail,Ahmedabad
C01825,Customer_01825,Online,Chennai
C01826,Customer_01826,Corporate,Chandigarh
C01827,Customer_01827,Retail,Chennai
C01828,Customer_01828,Retail,Bhubaneswar
C01829,Customer_01829,Corporate,Guwahati
C01830,Customer_01830,Retail,Jaipur
C01831,Customer_01831,Retail,Bhopal
C01832,Customer_01832,Retail,Surat
C01833,Customer_01833,Online,Surat
C01834,Customer_01834,Retail,Kolkata
C01835,Customer_01835,Corporate,Chennai
C01836,Customer_01836,Wholesale,Kochi
C01837,Customer_01837,Wholesale,Bhopal
C01838,Customer_01838,Retail,Chennai
C01839,Customer_01839,Wholesale,Pune
C01840,Customer_01840,Online,Bengaluru
C01841,Customer_01841,Online,Bhopal
C01842,Customer_01842,Online,Surat
C01843,Customer_01843,Online,Hyderabad
C01844,Customer_01844,Corporate,Mumbai
C01845,Customer_01845,Online,Kolkata
C01846,Customer_01846,Online,Bhubaneswar
C01847,Customer_01847,Retail,Bhubaneswar
C01848,Customer_01848,Retail,Hyderabad
C01849,Customer_01849,Retail,Indore
C01850,Customer_01850,Online,Pune
C01851,Customer_01851,Wholesale,Jaipur
C01852,Customer_01852,Wholesale,Guwahati
C01853,Customer_01853,Online,Kolkata
C01854,Customer_01854,Online,Jaipur
C01855,Customer_01855,Corporate,Lucknow
C01856,Customer_01856,Retail,Kochi
C01857,Customer_01857,Online,Ahmedabad
C01858,Customer_01858,Retail,Bhubaneswar
C01859,Customer_01859,Retail,Indore
C01860,Customer_01860,Retail,Chennai
C01861,Customer_01861,Retail,Chennai
C01862,Customer_01862,Wholesale,Bhopal
C01863,Customer_01863,Online,Raipur
C01864,Customer_01864,Retail,Raipur
C01865,Customer_01865,Online,Lucknow
C01866,Customer_01866,Wholesale,Guwahati
C01867,Customer_01867,Retail,Delhi
C01868,Customer_01868,Wholesale,Kolkata
C01869,Customer_01869,Retail,Chandigarh
C01870,Customer_01870,Online,Mumbai
C01871,Customer_01871,Wholesale,Guwahati
C01872,Customer_01872,Retail,Kochi
C01873,Customer_01873,Retail,Patna
C01874,Customer_01874,Wholesale,Kolkata
C01875,Customer_01875,Corporate,Kolkata
C01876,Customer_01876,Retail,Ahmedabad
C01877,Customer_01877,Online,Chandigarh
C01878,Customer_01878,Online,Kochi
C01879,Customer_01879,Corporate,Jaipur
C01880,Customer_01880,Online,Delhi
C01881,Customer_01881,Online,Bhopal
C01882,Customer_01882,Online,Pune
C01883,Customer_01883,Online,Bhopal
C01884,Customer_01884,Retail,Ahmedabad
C01885,Customer_01885,Retail,Jaipur
C01886,Customer_01886,Retail,Delhi
C01887,Customer_01887,Online,Ahmedabad
C01888,Customer_01888,Online,Chandigarh
C01889,Customer_01889,Retail,Lucknow
C01890,Customer_01890,Online,Chennai
C01891,Customer_01891,Wholesale,Indore
C01892,Customer_01892,Retail,Nagpur
C01893,Customer_01893,Corporate,Nagpur
C01894,Customer_01894,Retail,Guwahati
C01895,Customer_01895,Retail,Bengaluru
C01896,Customer_01896,Online,Raipur
C01897,Customer_01897,Online,Nagpur
C01898,Customer_01898,Retail,Chennai
C01899,Customer_01899,Online,Jaipur
C01900,Customer_01900,Wholesale,Bhopal
C01901,Customer_01901,Retail,Delhi
C01902,Customer_01902,Retail,Raipur
C01903,Customer_01903,Online,Ahmedabad
C01904,Customer_01904,Retail,Kolkata
C01905,Customer_01905,Corporate,Indore
C01906,Customer_01906,Online,Surat
C01907,Customer_01907,Corporate,Bengaluru
C01908,Customer_01908,Retail,Mumbai
C01909,Customer_01909,Corporate,Bengaluru
C01910,Customer_01910,Wholesale,Raipur
C01911,Customer_01911,Retail,Kochi
C01912,Customer_01912,Retail,Ahmedabad
C01913,Customer_01913,Retail,Patna
C01914,Customer_01914,Online,Lucknow
C01915,Customer_01915,Wholesale,Lucknow
C01916,Customer_01916,Retail,Bhubaneswar
C01917,Customer_01917,Online,Lucknow
C01918,Customer_01918,Retail,Bhopal
C01919,Customer_01919,Online,Indore
C01920,Customer_01920,Retail,Ahmedabad
C01921,Customer_01921,Online,Mumbai
C01922,Customer_01922,Online,Chennai
C01923,Customer_01923,Wholesale,Pune
C01924,Customer_01924,Retail,Nagpur
C01925,Customer_01925,Retail,Surat
C01926,Customer_01926,Online,Chandigarh
C01927,Customer_01927,Retail,Kochi
C01928,Customer_01928,Retail,Bengaluru
C01929,Customer_01929,Retail,Indore
C01930,Customer_01930,Wholesale,Mumbai
C01931,Customer_01931,Wholesale,Delhi
C01932,Customer_01932,Online,Mumbai
C01933,Customer_01933,Retail,Patna
C01934,Customer_01934,Retail,Surat
C01935,Customer_01935,Online,Indore
C01936,Customer_01936,Online,Pune
C01937,Customer_01937,Retail,Chennai
C01938,Customer_01938,Wholesale,Chandigarh
C01939,Customer_01939,Retail,Bhopal
C01940,Customer_01940,Corporate,Bhubaneswar
C01941,Customer_01941,Retail,Lucknow
C01942,Customer_01942,Corporate,Lucknow
C01943,Customer_01943,Online,Kochi
C01944,Customer_01944,Wholesale,Chennai
C01945,Customer_01945,Retail,Chennai
C01946,Customer_01946,Wholesale,Bhopal
C01947,Customer_01947,Wholesale,Pune
C01948,Customer_01948,Retail,Delhi
C01949,Customer_01949,Online,Pune
C01950,Customer_01950,Corporate,Surat
C01951,Customer_01951,Online,Chennai
C01952,Customer_01952,Online,Pune
C01953,Customer_01953,Retail,Lucknow
C01954,Customer_01954,Wholesale,Lucknow
C01955,Customer_01955,Retail,Kolkata
C01956,Customer_01956,Online,Nagpur
C01957,Customer_01957,Corporate,Ahmedabad
C01958,Customer_01958,Online,Raipur
C01959,Customer_01959,Retail,Nagpur
C01960,Customer_01960,Retail,Nagpur
C01961,Customer_01961,Online,Indore
C01962,Customer_01962,Wholesale,Jaipur
C01963,Customer_01963,Online,Pune
C01964,Customer_01964,Online,Guwahati
C01965,Customer_01965,Online,Nagpur
C01966,Customer_01966,Retail,Kolkata
C01967,Customer_01967,Retail,Chandigarh
C01968,Customer_01968,Retail,Lucknow
C01969,Customer_01969,Retail,Bengaluru
C01970,Customer_01970,Wholesale,Raipur
C01971,Customer_01971,Online,Bengaluru
C01972,Customer_01972,Online,Guwahati
C01973,Customer_01973,Retail,Mumbai
C01974,Customer_01974,Retail,Bengaluru
C01975,Customer_01975,Retail,Jaipur
C01976,Customer_01976,Retail,Nagpur
C01977,Customer_01977,Online,Guwahati
C01978,Customer_01978,Retail,Chandigarh
C01979,Customer_01979,Wholesale,Surat
C01980,Customer_01980,Retail,Bhopal
C01981,Customer_01981,Online,Ahmedabad
C01982,Customer_01982,Online,Pune
C01983,Customer_01983,Retail,Bhopal
C01984,Customer_01984,Wholesale,Raipur
C01985,Customer_01985,Online,Pune
C01986,Customer_01986,Corporate,Guwahati
C01987,Customer_01987,Retail,Indore
C01988,Customer_01988,Online,Lucknow
C01989,Customer_01989,Corporate,Bengaluru
C01990,Customer_01990,Corporate,Guwahati
C01991,Customer_01991,Online,Nagpur
C01992,Customer_01992,Online,Indore
C01993,Customer_01993,Wholesale,Patna
C01994,Customer_01994,Online,Hyderabad
C01995,Customer_01995,Wholesale,Surat
C01996,Customer_01996,Online,Jaipur
C01997,Customer_01997,Wholesale,Nagpur
C01998,Customer_01998,Online,Kochi
C01999,Customer_01999,Online,Jaipur
C02000,Customer_02000,Retail,Patna
C02001,Customer_02001,Online,Raipur
C02002,Customer_02002,Wholesale,Ahmedabad
C02003,Customer_02003,Online,Patna
C02004,Customer_02004,Wholesale,Raipur
C02005,Customer_02005,Retail,Bengaluru
C02006,Customer_02006,Corporate,Lucknow
C02007,Customer_02007,Retail,Jaipur
C02008,Customer_02008,Online,Bhopal
C02009,Customer_02009,Wholesale,Bhubaneswar
C02010,Customer_02010,Wholesale,Ahmedabad
C02011,Customer_02011,Retail,Chennai
C02012,Customer_02012,Online,Raipur
C02013,Customer_02013,Retail,Hyderabad
C02014,Customer_02014,Retail,Lucknow
C02015,Customer_02015,Retail,Pune
C02016,Customer_02016,Retail,Chennai
C02017,Customer_02017,Corporate,Raipur
C02018,Customer_02018,Corporate,Surat
C02019,Customer_02019,Retail,Bhubaneswar
C02020,Customer_02020,Online,Indore
C02021,Customer_02021,Retail,Hyderabad
C02022,Customer_02022,Online,Pune
C02023,Customer_02023,Online,Nagpur
C02024,Customer_02024,Corporate,Surat
C02025,Customer_02025,Wholesale,Surat
C02026,Customer_02026,Online,Mumbai
C02027,Customer_02027,Retail,Kochi
C02028,Customer_02028,Corporate,Raipur
C02029,Customer_02029,Retail,Lucknow
C02030,Customer_02030,Online,Lucknow
C02031,Customer_02031,Online,Chennai
C02032,Customer_02032,Online,Bengaluru
C02033,Customer_02033,Retail,Mumbai
C02034,Customer_02034,Corporate,Bhopal
C02035,Customer_02035,Retail,Nagpur
C02036,Customer_02036,Online,Patna
C02037,Customer_02037,Retail,Bhubaneswar
C02038,Customer_02038,Retail,Delhi
C02039,Customer_02039,Wholesale,Guwahati
C02040,Customer_02040,Wholesale,Patna
C02041,Customer_02041,Retail,Lucknow
C02042,Customer_02042,Retail,Delhi
C02043,Customer_02043,Wholesale,Kolkata
C02044,Customer_02044,Online,Bhopal
C02045,Customer_02045,Online,Patna
C02046,Customer_02046,Retail,Ahmedabad
C02047,Customer_02047,Retail,Ahmedabad
C02048,Customer_02048,Retail,Surat
C02049,Customer_02049,Retail,Bengaluru
C02050,Customer_02050,Online,Surat
C02051,Customer_02051,Online,Raipur
C02052,Customer_02052,Retail,Hyderabad
C02053,Customer_02053,Retail,Bengaluru
C02054,Customer_02054,Retail,Mumbai
C02055,Customer_02055,Online,Guwahati
C02056,Customer_02056,Corporate,Delhi
C02057,Customer_02057,Retail,Patna
C02058,Customer_02058,Retail,Guwahati
C02059,Customer_02059,Online,Chennai
C02060,Customer_02060,Corporate,Chennai
C02061,Customer_02061,Wholesale,Hyderabad
C02062,Customer_02062,Retail,Indore
C02063,Customer_02063,Retail,Indore
C02064,Customer_02064,Online,Jaipur
C02065,Customer_02065,Retail,Kochi
C02066,Customer_02066,Retail,Ahmedabad
C02067,Customer_02067,Online,Kochi
C02068,Customer_02068,Retail,Indore
C02069,Customer_02069,Online,Kochi
C02070,Customer_02070,Retail,Bhopal
C02071,Customer_02071,Retail,Kochi
C02072,Customer_02072,Online,Surat
C02073,Customer_02073,Retail,Jaipur
C02074,Customer_02074,Corporate,Mumbai
C02075,Customer_02075,Wholesale,Indore
C02076,Customer_02076,Retail,Kolkata
C02077,Customer_02077,Online,Mumbai
C02078,Customer_02078,Retail,Chennai
C02079,Customer_02079,Corporate,Jaipur
C02080,Customer_02080,Retail,Chennai
C02081,Customer_02081,Wholesale,Hyderabad
C02082,Customer_02082,Retail,Ahmedabad
C02083,Customer_02083,Wholesale,Chandigarh
C02084,Customer_02084,Online,Bhubaneswar
C02085,Customer_02085,Online,Bengaluru
C02086,Customer_02086,Retail,Lucknow
C02087,Customer_02087,Retail,Guwahati
C02088,Customer_02088,Online,Hyderabad
C02089,Customer_02089,Corporate,Lucknow
C02090,Customer_02090,Retail,Ahmedabad
C02091,Customer_02091,Wholesale,Hyderabad
C02092,Customer_02092,Retail,Kochi
C02093,Customer_02093,Online,Lucknow
C02094,Customer_02094,Retail,Chennai
C02095,Customer_02095,Retail,Bhubaneswar
C02096,Customer_02096,Online,Kochi
C02097,Customer_02097,Retail,Raipur
C02098,Customer_02098,Wholesale,Guwahati
C02099,Customer_02099,Wholesale,Delhi
C02100,Customer_02100,Retail,Bhubaneswar
C02101,Customer_02101,Retail,Nagpur
C02102,Customer_02102,Wholesale,Indore
C02103,Customer_02103,Retail,Chennai
C02104,Customer_02104,Online,Chennai
C02105,Customer_02105,Online,Ahmedabad
C02106,Customer_02106,Online,Patna
C02107,Customer_02107,Retail,Pune
C02108,Customer_02108,Retail,Nagpur
C02109,Customer_02109,Retail,Kochi
C02110,Customer_02110,Retail,Chennai
C02111,Customer_02111,Wholesale,Bengaluru
C02112,Customer_02112,Online,Lucknow
C02113,Customer_02113,Retail,Indore
C02114,Customer_02114,Retail,Kochi
C02115,Customer_02115,Retail,Raipur
C02116,Customer_02116,Online,Chennai
C02117,Customer_02117,Retail,Patna
C02118,Customer_02118,Online,Indore
C02119,Customer_02119,Retail,Surat
C02120,Customer_02120,Online,Chandigarh
C02121,Customer_02121,Online,Pune
C02122,Customer_02122,Retail,Bhopal
C02123,Customer_02123,Retail,Hyderabad
C02124,Customer_02124,Wholesale,Indore
C02125,Customer_02125,Retail,Delhi
C02126,Customer_02126,Online,Nagpur
C02127,Customer_02127,Online,Bengaluru
C02128,Customer_02128,Online,Mumbai
C02129,Customer_02129,Online,Bhubaneswar
C02130,Customer_02130,Retail,Pune
C02131,Customer_02131,Retail,Hyderabad
C02132,Customer_02132,Online,Kochi
C02133,Customer_02133,Retail,Lucknow
C02134,Customer_02134,Online,Nagpur
C02135,Customer_02135,Retail,Raipur
C02136,Customer_02136,Retail,Surat
C02137,Customer_02137,Corporate,Bhubaneswar
C02138,Customer_02138,Retail,Guwahati
C02139,Customer_02139,Corporate,Chandigarh
C02140,Customer_02140,Corporate,Hyderabad
C02141,Customer_02141,Online,Lucknow
C02142,Customer_02142,Online,Indore
C02143,Customer_02143,Online,Hyderabad
C02144,Customer_02144,Online,Chandigarh
C02145,Customer_02145,Retail,Pune
C02146,Customer_02146,Wholesale,Raipur
C02147,Customer_02147,Online,Kolkata
C02148,Customer_02148,Wholesale,Jaipur
C02149,Customer_02149,Wholesale,Bhopal
C02150,Customer_02150,Retail,Raipur
C02151,Customer_02151,Online,Bhubaneswar
C02152,Customer_02152,Online,Bhubaneswar
C02153,Customer_02153,Retail,Guwahati
C02154,Customer_02154,Corporate,Lucknow
C02155,Customer_02155,Online,Guwahati
C02156,Customer_02156,Online,Surat
C02157,Customer_02157,Online,Raipur
C02158,Customer_02158,Online,Guwahati
C02159,Customer_02159,Retail,Raipur
C02160,Customer_02160,Online,Hyderabad
C02161,Customer_02161,Retail,Chennai
C02162,Customer_02162,Online,Kolkata
C02163,Customer_02163,Corporate,Nagpur
C02164,Customer_02164,Retail,Bengaluru
C02165,Customer_02165,Retail,Kolkata
C02166,Customer_02166,Online,Indore
C02167,Customer_02167,Retail,Bhubaneswar
C02168,Customer_02168,Online,Indore
C02169,Customer_02169,Retail,Hyderabad
C02170,Customer_02170,Retail,Guwahati
C02171,Customer_02171,Corporate,Kochi
C02172,Customer_02172,Online,Kolkata
C02173,Customer_02173,Online,Delhi
C02174,Customer_02174,Retail,Bengaluru
C02175,Customer_02175,Online,Bengaluru
C02176,Customer_02176,Online,Mumbai
C02177,Customer_02177,Online,Kochi
C02178,Customer_02178,Online,Nagpur
C02179,Customer_02179,Online,Guwahati
C02180,Customer_02180,Wholesale,Delhi
C02181,Customer_02181,Retail,Nagpur
C02182,Customer_02182,Online,Indore
C02183,Customer_02183,Retail,Bhopal
C02184,Customer_02184,Online,Raipur
C02185,Customer_02185,Retail,Jaipur
C02186,Customer_02186,Online,Pune
C02187,Customer_02187,Online,Chennai
C02188,Customer_02188,Retail,Raipur
C02189,Customer_02189,Retail,Chennai
C02190,Customer_02190,Retail,Hyderabad
C02191,Customer_02191,Online,Nagpur
C02192,Customer_02192,Online,Pune
C02193,Customer_02193,Retail,Kochi
C02194,Customer_02194,Online,Bhubaneswar
C02195,Customer_02195,Retail,Hyderabad
C02196,Customer_02196,Wholesale,Nagpur
C02197,Customer_02197,Corporate,Chandigarh
C02198,Customer_02198,Retail,Chennai
C02199,Customer_02199,Wholesale,Pune
C02200,Customer_02200,Retail,Patna
C02201,Customer_02201,Retail,Bhubaneswar
C02202,Customer_02202,Retail,Jaipur
C02203,Customer_02203,Retail,Jaipur
C02204,Customer_02204,Online,Bengaluru
C02205,Customer_02205,Wholesale,Indore
C02206,Customer_02206,Wholesale,Mumbai
C02207,Customer_02207,Retail,Bhubaneswar
C02208,Customer_02208,Retail,Lucknow
C02209,Customer_02209,Online,Mumbai
C02210,Customer_02210,Corporate,Indore
C02211,Customer_02211,Retail,Bhubaneswar
C02212,Customer_02212,Online,Bhubaneswar
C02213,Customer_02213,Online,Nagpur
C02214,Customer_02214,Online,Bhubaneswar
C02215,Customer_02215,Wholesale,Indore
C02216,Customer_02216,Retail,Bhubaneswar
C02217,Customer_02217,Retail,Kochi
C02218,Customer_02218,Online,Raipur
C02219,Customer_02219,Retail,Ahmedabad
C02220,Customer_02220,Corporate,Bengaluru
C02221,Customer_02221,Wholesale,Surat
C02222,Customer_02222,Retail,Guwahati
C02223,Customer_02223,Online,Surat
C02224,Customer_02224,Retail,Chennai
C02225,Customer_02225,Wholesale,Bhopal
C02226,Customer_02226,Online,Lucknow
C02227,Customer_02227,Corporate,Pune
C02228,Customer_02228,Online,Jaipur
C02229,Customer_02229,Online,Surat
C02230,Customer_02230,Online,Surat
C02231,Customer_02231,Corporate,Indore
C02232,Customer_02232,Retail,Kolkata
C02233,Customer_02233,Retail,Chennai
C02234,Customer_02234,Retail,Kochi
C02235,Customer_02235,Retail,Bengaluru
C02236,Customer_02236,Online,Kolkata
C02237,Customer_02237,Online,Lucknow
C02238,Customer_02238,Online,Hyderabad
C02239,Customer_02239,Retail,Lucknow
C02240,Customer_02240,Online,Bhubaneswar
C02241,Customer_02241,Retail,Guwahati
C02242,Customer_02242,Online,Indore
C02243,Customer_02243,Online,Bengaluru
C02244,Customer_02244,Retail,Indore
C02245,Customer_02245,Retail,Bengaluru
C02246,Customer_02246,Retail,Bhubaneswar
C02247,Customer_02247,Online,Guwahati
C02248,Customer_02248,Corporate,Pune
C02249,Customer_02249,Online,Mumbai
C02250,Customer_02250,Retail,Kolkata
C02251,Customer_02251,Wholesale,Kolkata
C02252,Customer_02252,Online,Lucknow
C02253,Customer_02253,Online,Delhi
C02254,Customer_02254,Retail,Bhopal
C02255,Customer_02255,Retail,Ahmedabad
C02256,Customer_02256,Online,Surat
C02257,Customer_02257,Retail,Guwahati
C02258,Customer_02258,Retail,Kolkata
C02259,Customer_02259,Retail,Raipur
C02260,Customer_02260,Wholesale,Ahmedabad
C02261,Customer_02261,Online,Chandigarh
C02262,Customer_02262,Corporate,Bengaluru
C02263,Customer_02263,Online,Nagpur
C02264,Customer_02264,Wholesale,Bengaluru
C02265,Customer_02265,Retail,Delhi
C02266,Customer_02266,Wholesale,Jaipur
C02267,Customer_02267,Retail,Bengaluru
C02268,Customer_02268,Online,Bhopal
C02269,Customer_02269,Retail,Bengaluru
C02270,Customer_02270,Retail,Nagpur
C02271,Customer_02271,Retail,Bhopal
C02272,Customer_02272,Retail,Guwahati
C02273,Customer_02273,Retail,Pune
C02274,Customer_02274,Retail,Ahmedabad
C02275,Customer_02275,Corporate,Lucknow
C02276,Customer_02276,Wholesale,Kolkata
C02277,Customer_02277,Wholesale,Mumbai
C02278,Customer_02278,Online,Bhopal
C02279,Customer_02279,Corporate,Nagpur
C02280,Customer_02280,Online,Kochi
C02281,Customer_02281,Online,Chennai
C02282,Customer_02282,Retail,Nagpur
C02283,Customer_02283,Retail,Nagpur
C02284,Customer_02284,Wholesale,Kochi
C02285,Customer_02285,Online,Mumbai
C02286,Customer_02286,Online,Delhi
C02287,Customer_02287,Retail,Bengaluru
C02288,Customer_02288,Retail,Mumbai
C02289,Customer_02289,Online,Surat
C02290,Customer_02290,Retail,Ahmedabad
C02291,Customer_02291,Online,Guwahati
C02292,Customer_02292,Online,Kolkata
C02293,Customer_02293,Online,Ahmedabad
C02294,Customer_02294,Online,Raipur
C02295,Customer_02295,Online,Kolkata
C02296,Customer_02296,Wholesale,Chennai
C02297,Customer_02297,Online,Kolkata
C02298,Customer_02298,Online,Indore
C02299,Customer_02299,Retail,Jaipur
C02300,Customer_02300,Retail,Patna
C02301,Customer_02301,Retail,Ahmedabad
C02302,Customer_02302,Wholesale,Surat
C02303,Customer_02303,Online,Ahmedabad
C02304,Customer_02304,Online,Chandigarh
C02305,Customer_02305,Retail,Bhopal
C02306,Customer_02306,Retail,Chennai
C02307,Customer_02307,Corporate,Nagpur
C02308,Customer_02308,Retail,Lucknow
C02309,Customer_02309,Wholesale,Pune
C02310,Customer_02310,Online,Nagpur
C02311,Customer_02311,Wholesale,Hyderabad
C02312,Customer_02312,Retail,Surat
C02313,Customer_02313,Retail,Kochi
C02314,Customer_02314,Retail,Bhubaneswar
C02315,Customer_02315,Online,Chennai
C02316,Customer_02316,Wholesale,Mumbai
C02317,Customer_02317,Retail,Bhubaneswar
C02318,Customer_02318,Online,Mumbai
C02319,Customer_02319,Online,Surat
C02320,Customer_02320,Retail,Patna
C02321,Customer_02321,Wholesale,Kochi
C02322,Customer_02322,Online,Jaipur
C02323,Customer_02323,Retail,Chandigarh
C02324,Customer_02324,Retail,Chandigarh
C02325,Customer_02325,Online,Jaipur
C02326,Customer_02326,Online,Bhopal
C02327,Customer_02327,Online,Chandigarh
C02328,Customer_02328,Online,Patna
C02329,Customer_02329,Online,Delhi
C02330,Customer_02330,Retail,Pune
C02331,Customer_02331,Online,Chandigarh
C02332,Customer_02332,Wholesale,Hyderabad
C02333,Customer_02333,Retail,Guwahati
C02334,Customer_02334,Online,Patna
C02335,Customer_02335,Online,Bhopal
C02336,Customer_02336,Retail,Ahmedabad
C02337,Customer_02337,Corporate,Guwahati
C02338,Customer_02338,Retail,Kochi
C02339,Customer_02339,Retail,Delhi
C02340,Customer_02340,Retail,Bhubaneswar
C02341,Customer_02341,Online,Kochi
C02342,Customer_02342,Online,Delhi
C02343,Customer_02343,Retail,Bhopal
C02344,Customer_02344,Online,Patna
C02345,Customer_02345,Retail,Patna
C02346,Customer_02346,Online,Hyderabad
C02347,Customer_02347,Wholesale,Surat
C02348,Customer_02348,Wholesale,Raipur
C02349,Customer_02349,Corporate,Pune
C02350,Customer_02350,Retail,Bhubaneswar
C02351,Customer_02351,Retail,Surat
C02352,Customer_02352,Online,Delhi
C02353,Customer_02353,Corporate,Bhopal
C02354,Customer_02354,Retail,Mumbai
C02355,Customer_02355,Retail,Delhi
C02356,Customer_02356,Retail,Bengaluru
C02357,Customer_02357,Wholesale,Ahmedabad
C02358,Customer_02358,Retail,Bhopal
C02359,Customer_02359,Online,Delhi
C02360,Customer_02360,Corporate,Surat
C02361,Customer_02361,Wholesale,Bengaluru
C02362,Customer_02362,Retail,Surat
C02363,Customer_02363,Wholesale,Lucknow
C02364,Customer_02364,Retail,Surat
C02365,Customer_02365,Online,Bhopal
C02366,Customer_02366,Wholesale,Bhubaneswar
C02367,Customer_02367,Retail,Jaipur
C02368,Customer_02368,Online,Delhi
C02369,Customer_02369,Wholesale,Jaipur
C02370,Customer_02370,Online,Delhi
C02371,Customer_02371,Retail,Ahmedabad
C02372,Customer_02372,Online,Nagpur
C02373,Customer_02373,Corporate,Bengaluru
C02374,Customer_02374,Online,Raipur
C02375,Customer_02375,Corporate,Delhi
C02376,Customer_02376,Retail,Pune
C02377,Customer_02377,Wholesale,Surat
C02378,Customer_02378,Online,Chandigarh
C02379,Customer_02379,Online,Mumbai
C02380,Customer_02380,Wholesale,Chandigarh
C02381,Customer_02381,Retail,Bhopal
C02382,Customer_02382,Retail,Guwahati
C02383,Customer_02383,Retail,Mumbai
C02384,Customer_02384,Retail,Lucknow
C02385,Customer_02385,Online,Delhi
C02386,Customer_02386,Retail,Pune
C02387,Customer_02387,Retail,Hyderabad
C02388,Customer_02388,Online,Delhi
C02389,Customer_02389,Online,Mumbai
C02390,Customer_02390,Online,Chandigarh
C02391,Customer_02391,Online,Chennai
C02392,Customer_02392,Retail,Bhubaneswar
C02393,Customer_02393,Online,Kochi
C02394,Customer_02394,Wholesale,Indore
C02395,Customer_02395,Retail,Pune
C02396,Customer_02396,Online,Hyderabad
C02397,Customer_02397,Corporate,Patna
C02398,Customer_02398,Retail,Chandigarh
C02399,Customer_02399,Retail,Pune
C02400,Customer_02400,Retail,Chennai
C02401,Customer_02401,Retail,Kolkata
C02402,Customer_02402,Wholesale,Bengaluru
C02403,Customer_02403,Online,Raipur
C02404,Customer_02404,Retail,Pune
C02405,Customer_02405,Corporate,Delhi
C02406,Customer_02406,Online,Patna
C02407,Customer_02407,Online,Chennai
C02408,Customer_02408,Online,Surat
C02409,Customer_02409,Retail,Kochi
C02410,Customer_02410,Wholesale,Pune
C02411,Customer_02411,Online,Bhopal
C02412,Customer_02412,Online,Kochi
C02413,Customer_02413,Online,Nagpur
C02414,Customer_02414,Retail,Patna
C02415,Customer_02415,Corporate,Nagpur
C02416,Customer_02416,Retail,Pune
C02417,Customer_02417,Online,Kolkata
C02418,Customer_02418,Corporate,Chennai
C02419,Customer_02419,Retail,Hyderabad
C02420,Customer_02420,Online,Mumbai
C02421,Customer_02421,Retail,Delhi
C02422,Customer_02422,Wholesale,Delhi
C02423,Customer_02423,Wholesale,Hyderabad
C02424,Customer_02424,Online,Mumbai
C02425,Customer_02425,Corporate,Lucknow
C02426,Customer_02426,Online,Indore
C02427,Customer_02427,Wholesale,Kochi
C02428,Customer_02428,Online,Nagpur
C02429,Customer_02429,Corporate,Ahmedabad
C02430,Customer_02430,Retail,Bhopal
C02431,Customer_02431,Corporate,Lucknow
C02432,Customer_02432,Retail,Chandigarh
C02433,Customer_02433,Online,Patna
C02434,Customer_02434,Retail,Hyderabad
C02435,Customer_02435,Retail,Surat
C02436,Customer_02436,Wholesale,Bengaluru
C02437,Customer_02437,Online,Indore
C02438,Customer_02438,Retail,Mumbai
C02439,Customer_02439,Retail,Pune
C02440,Customer_02440,Online,Delhi
C02441,Customer_02441,Corporate,Bhopal
C02442,Customer_02442,Retail,Chandigarh
C02443,Customer_02443,Retail,Chandigarh
C02444,Customer_02444,Wholesale,Kolkata
C02445,Customer_02445,Retail,Lucknow
C02446,Customer_02446,Online,Chennai
C02447,Customer_02447,Online,Surat
C02448,Customer_02448,Online,Jaipur
C02449,Customer_02449,Retail,Bengaluru
C02450,Customer_02450,Online,Indore
C02451,Customer_02451,Online,Mumbai
C02452,Customer_02452,Online,Raipur
C02453,Customer_02453,Online,Chennai
C02454,Customer_02454,Online,Indore
C02455,Customer_02455,Online,Nagpur
C02456,Customer_02456,Wholesale,Indore
C02457,Customer_02457,Corporate,Jaipur
C02458,Customer_02458,Wholesale,Chandigarh
C02459,Customer_02459,Online,Lucknow
C02460,Customer_02460,Retail,Pune
C02461,Customer_02461,Online,Kochi
C02462,Customer_02462,Online,Chandigarh
C02463,Customer_02463,Retail,Nagpur
C02464,Customer_02464,Retail,Nagpur
C02465,Customer_02465,Online,Bhopal
C02466,Customer_02466,Online,Raipur
C02467,Customer_02467,Wholesale,Kolkata
C02468,Customer_02468,Retail,Ahmedabad
C02469,Customer_02469,Online,Bengaluru
C02470,Customer_02470,Retail,Chennai
C02471,Customer_02471,Wholesale,Jaipur
C02472,Customer_02472,Retail,Kolkata
C02473,Customer_02473,Retail,Kochi
C02474,Customer_02474,Retail,Pune
C02475,Customer_02475,Retail,Bhopal
C02476,Customer_02476,Retail,Chandigarh
C02477,Customer_02477,Retail,Ahmedabad
C02478,Customer_02478,Wholesale,Kochi
C02479,Customer_02479,Wholesale,Guwahati
C02480,Customer_02480,Retail,Delhi
C02481,Customer_02481,Online,Hyderabad
C02482,Customer_02482,Retail,Jaipur
C02483,Customer_02483,Wholesale,Chennai
C02484,Customer_02484,Retail,Bhopal
C02485,Customer_02485,Retail,Bhubaneswar
C02486,Customer_02486,Online,Raipur
C02487,Customer_02487,Online,Bengaluru
C02488,Customer_02488,Online,Surat
C02489,Customer_02489,Online,Bhopal
C02490,Customer_02490,Corporate,Mumbai
C02491,Customer_02491,Retail,Hyderabad
C02492,Customer_02492,Retail,Guwahati
C02493,Customer_02493,Retail,Mumbai
C02494,Customer_02494,Retail,Chennai
C02495,Customer_02495,Wholesale,Surat
C02496,Customer_02496,Online,Nagpur
C02497,Customer_02497,Retail,Hyderabad
C02498,Customer_02498,Corporate,Indore
C02499,Customer_02499,Online,Jaipur
C02500,Customer_02500,Retail,Bengaluru
C02501,Customer_02501,Retail,Surat
C02502,Customer_02502,Retail,Jaipur
C02503,Customer_02503,Retail,Indore
C02504,Customer_02504,Retail,Raipur
C02505,Customer_02505,Wholesale,Pune
C02506,Customer_02506,Retail,Chandigarh
C02507,Customer_02507,Retail,Kolkata
C02508,Customer_02508,Corporate,Ahmedabad
C02509,Customer_02509,Online,Nagpur
C02510,Customer_02510,Corporate,Chennai
C02511,Customer_02511,Retail,Chandigarh
C02512,Customer_02512,Retail,Kolkata
C02513,Customer_02513,Online,Hyderabad
C02514,Customer_02514,Retail,Lucknow
C02515,Customer_02515,Retail,Surat
C02516,Customer_02516,Online,Pune
C02517,Customer_02517,Online,Lucknow
C02518,Customer_02518,Wholesale,Kolkata
C02519,Customer_02519,Wholesale,Jaipur
C02520,Customer_02520,Wholesale,Hyderabad
C02521,Customer_02521,Retail,Kochi
C02522,Customer_02522,Retail,Pune
C02523,Customer_02523,Retail,Lucknow
C02524,Customer_02524,Retail,Pune
C02525,Customer_02525,Corporate,Kolkata
C02526,Customer_02526,Online,Chennai
C02527,Customer_02527,Online,Nagpur
C02528,Customer_02528,Retail,Indore
C02529,Customer_02529,Retail,Delhi
C02530,Customer_02530,Retail,Chandigarh
C02531,Customer_02531,Retail,Indore
C02532,Customer_02532,Retail,Chandigarh
C02533,Customer_02533,Online,Chennai
C02534,Customer_02534,Online,Bhubaneswar
C02535,Customer_02535,Wholesale,Patna
C02536,Customer_02536,Wholesale,Surat
C02537,Customer_02537,Corporate,Chennai
C02538,Customer_02538,Retail,Jaipur
C02539,Customer_02539,Retail,Jaipur
C02540,Customer_02540,Retail,Ahmedabad
C02541,Customer_02541,Online,Mumbai
C02542,Customer_02542,Corporate,Lucknow
C02543,Customer_02543,Retail,Lucknow
C02544,Customer_02544,Online,Hyderabad
C02545,Customer_02545,Online,Mumbai
C02546,Customer_02546,Retail,Kochi
C02547,Customer_02547,Retail,Delhi
C02548,Customer_02548,Wholesale,Nagpur
C02549,Customer_02549,Corporate,Bhopal
C02550,Customer_02550,Retail,Delhi
C02551,Customer_02551,Online,Mumbai
C02552,Customer_02552,Retail,Nagpur
C02553,Customer_02553,Online,Ahmedabad
C02554,Customer_02554,Wholesale,Nagpur
C02555,Customer_02555,Online,Surat
C02556,Customer_02556,Online,Indore
C02557,Customer_02557,Online,Mumbai
C02558,Customer_02558,Online,Bengaluru
C02559,Customer_02559,Retail,Mumbai
C02560,Customer_02560,Online,Chennai
C02561,Customer_02561,Retail,Chennai
C02562,Customer_02562,Wholesale,Chandigarh
C02563,Customer_02563,Wholesale,Kochi
C02564,Customer_02564,Wholesale,Bhubaneswar
C02565,Customer_02565,Wholesale,Chennai
C02566,Customer_02566,Corporate,Pune
C02567,Customer_02567,Retail,Chennai
C02568,Customer_02568,Online,Mumbai
C02569,Customer_02569,Retail,Surat
C02570,Customer_02570,Retail,Kolkata
C02571,Customer_02571,Retail,Hyderabad
C02572,Customer_02572,Corporate,Kochi
C02573,Customer_02573,Online,Raipur
C02574,Customer_02574,Corporate,Raipur
C02575,Customer_02575,Corporate,Delhi
C02576,Customer_02576,Retail,Surat
C02577,Customer_02577,Retail,Guwahati
C02578,Customer_02578,Online,Nagpur
C02579,Customer_02579,Wholesale,Bengaluru
C02580,Customer_02580,Wholesale,Chandigarh
C02581,Customer_02581,Retail,Bhubaneswar
C02582,Customer_02582,Online,Bengaluru
C02583,Customer_02583,Online,Bengaluru
C02584,Customer_02584,Retail,Surat
C02585,Customer_02585,Wholesale,Ahmedabad
C02586,Customer_02586,Online,Bhopal
C02587,Customer_02587,Online,Nagpur
C02588,Customer_02588,Retail,Bengaluru
C02589,Customer_02589,Online,Kochi
C02590,Customer_02590,Retail,Raipur
C02591,Customer_02591,Retail,Raipur
C02592,Customer_02592,Online,Chennai
C02593,Customer_02593,Online,Kolkata
C02594,Customer_02594,Retail,Bengaluru
C02595,Customer_02595,Online,Guwahati
C02596,Customer_02596,Online,Bhubaneswar
C02597,Customer_02597,Online,Kochi
C02598,Customer_02598,Online,Chandigarh
C02599,Customer_02599,Online,Nagpur
C02600,Customer_02600,Wholesale,Mumbai
C02601,Customer_02601,Retail,Kochi
C02602,Customer_02602,Retail,Patna
C02603,Customer_02603,Wholesale,Kochi
C02604,Customer_02604,Online,Raipur
C02605,Customer_02605,Wholesale,Patna
C02606,Customer_02606,Retail,Pune
C02607,Customer_02607,Retail,Surat
C02608,Customer_02608,Wholesale,Pune
C02609,Customer_02609,Retail,Chandigarh
C02610,Customer_02610,Online,Kolkata
C02611,Customer_02611,Retail,Patna
C02612,Customer_02612,Online,Chandigarh
C02613,Customer_02613,Corporate,Kolkata
C02614,Customer_02614,Retail,Jaipur
C02615,Customer_02615,Wholesale,Chennai
C02616,Customer_02616,Retail,Raipur
C02617,Customer_02617,Online,Pune
C02618,Customer_02618,Online,Chandigarh
C02619,Customer_02619,Wholesale,Chandigarh
C02620,Customer_02620,Wholesale,Delhi
C02621,Customer_02621,Online,Hyderabad
C02622,Customer_02622,Retail,Chandigarh
C02623,Customer_02623,Retail,Indore
C02624,Customer_02624,Online,Bhopal
C02625,Customer_02625,Online,Ahmedabad
C02626,Customer_02626,Online,Kochi
C02627,Customer_02627,Online,Indore
C02628,Customer_02628,Online,Bhubaneswar
C02629,Customer_02629,Wholesale,Bhubaneswar
C02630,Customer_02630,Online,Bhubaneswar
C02631,Customer_02631,Corporate,Jaipur
C02632,Customer_02632,Online,Jaipur
C02633,Customer_02633,Retail,Kolkata
C02634,Customer_02634,Retail,Pune
C02635,Customer_02635,Retail,Ahmedabad
C02636,Customer_02636,Retail,Chandigarh
C02637,Customer_02637,Retail,Guwahati
C02638,Customer_02638,Online,Pune
C02639,Customer_02639,Online,Chandigarh
C02640,Customer_02640,Wholesale,Guwahati
C02641,Customer_02641,Online,Chennai
C02642,Customer_02642,Retail,Kolkata
C02643,Customer_02643,Retail,Kolkata
C02644,Customer_02644,Retail,Nagpur
C02645,Customer_02645,Wholesale,Nagpur
C02646,Customer_02646,Retail,Chennai
C02647,Customer_02647,Retail,Kochi
C02648,Customer_02648,Wholesale,Kolkata
C02649,Customer_02649,Online,Pune
C02650,Customer_02650,Retail,Hyderabad
C02651,Customer_02651,Online,Bhubaneswar
C02652,Customer_02652,Online,Jaipur
C02653,Customer_02653,Online,Nagpur
C02654,Customer_02654,Corporate,Pune
C02655,Customer_02655,Retail,Kolkata
C02656,Customer_02656,Retail,Delhi
C02657,Customer_02657,Online,Nagpur
C02658,Customer_02658,Wholesale,Chandigarh
C02659,Customer_02659,Online,Kolkata
C02660,Customer_02660,Online,Bengaluru
C02661,Customer_02661,Online,Bhopal
C02662,Customer_02662,Corporate,Jaipur
C02663,Customer_02663,Corporate,Kochi
C02664,Customer_02664,Online,Mumbai
C02665,Customer_02665,Retail,Patna
C02666,Customer_02666,Online,Patna
C02667,Customer_02667,Retail,Indore
C02668,Customer_02668,Retail,Chandigarh
C02669,Customer_02669,Online,Ahmedabad
C02670,Customer_02670,Retail,Raipur
C02671,Customer_02671,Retail,Raipur
C02672,Customer_02672,Retail,Jaipur
C02673,Customer_02673,Online,Ahmedabad
C02674,Customer_02674,Wholesale,Jaipur
C02675,Customer_02675,Online,Bhubaneswar
C02676,Customer_02676,Retail,Hyderabad
C02677,Customer_02677,Online,Guwahati
C02678,Customer_02678,Online,Patna
C02679,Customer_02679,Retail,Indore
C02680,Customer_02680,Wholesale,Bhubaneswar
C02681,Customer_02681,Retail,Ahmedabad
C02682,Customer_02682,Corporate,Kolkata
C02683,Customer_02683,Online,Surat
C02684,Customer_02684,Corporate,Delhi
C02685,Customer_02685,Retail,Nagpur
C02686,Customer_02686,Online,Pune
C02687,Customer_02687,Online,Bhubaneswar
C02688,Customer_02688,Online,Bhopal
C02689,Customer_02689,Corporate,Raipur
C02690,Customer_02690,Retail,Ahmedabad
C02691,Customer_02691,Retail,Pune
C02692,Customer_02692,Online,Chennai
C02693,Customer_02693,Online,Hyderabad
C02694,Customer_02694,Online,Indore
C02695,Customer_02695,Retail,Bengaluru
C02696,Customer_02696,Wholesale,Bhubaneswar
C02697,Customer_02697,Retail,Delhi
C02698,Customer_02698,Wholesale,Indore
C02699,Customer_02699,Online,Lucknow
C02700,Customer_02700,Online,Chennai
C02701,Customer_02701,Retail,Pune
C02702,Customer_02702,Wholesale,Nagpur
C02703,Customer_02703,Retail,Hyderabad
C02704,Customer_02704,Retail,Kolkata
C02705,Customer_02705,Online,Indore
C02706,Customer_02706,Corporate,Indore
C02707,Customer_02707,Retail,Mumbai
C02708,Customer_02708,Online,Bhopal
C02709,Customer_02709,Online,Mumbai
C02710,Customer_02710,Online,Kochi
C02711,Customer_02711,Retail,Guwahati
C02712,Customer_02712,Corporate,Guwahati
C02713,Customer_02713,Retail,Nagpur
C02714,Customer_02714,Retail,Raipur
C02715,Customer_02715,Retail,Kochi
C02716,Customer_02716,Wholesale,Surat
C02717,Customer_02717,Retail,Patna
C02718,Customer_02718,Retail,Surat
C02719,Customer_02719,Retail,Chennai
C02720,Customer_02720,Online,Guwahati
C02721,Customer_02721,Online,Bhubaneswar
C02722,Customer_02722,Retail,Chandigarh
C02723,Customer_02723,Online,Kochi
C02724,Customer_02724,Online,Chennai
C02725,Customer_02725,Online,Delhi
C02726,Customer_02726,Retail,Pune
C02727,Customer_02727,Online,Delhi
C02728,Customer_02728,Corporate,Bengaluru
C02729,Customer_02729,Online,Pune
C02730,Customer_02730,Retail,Kolkata
C02731,Customer_02731,Wholesale,Delhi
C02732,Customer_02732,Online,Pune
C02733,Customer_02733,Wholesale,Ahmedabad
C02734,Customer_02734,Retail,Surat
C02735,Customer_02735,Retail,Chandigarh
C02736,Customer_02736,Online,Kolkata
C02737,Customer_02737,Online,Mumbai
C02738,Customer_02738,Retail,Jaipur
C02739,Customer_02739,Corporate,Kochi
C02740,Customer_02740,Retail,Delhi
C02741,Customer_02741,Online,Lucknow
C02742,Customer_02742,Online,Chandigarh
C02743,Customer_02743,Online,Surat
C02744,Customer_02744,Corporate,Chandigarh
C02745,Customer_02745,Retail,Chennai
C02746,Customer_02746,Online,Mumbai
C02747,Customer_02747,Retail,Bengaluru
C02748,Customer_02748,Online,Nagpur
C02749,Customer_02749,Online,Chandigarh
C02750,Customer_02750,Online,Surat
C02751,Customer_02751,Retail,Pune
C02752,Customer_02752,Online,Jaipur
C02753,Customer_02753,Retail,Patna
C02754,Customer_02754,Retail,Bhubaneswar
C02755,Customer_02755,Online,Chennai
C02756,Customer_02756,Wholesale,Delhi
C02757,Customer_02757,Online,Lucknow
C02758,Customer_02758,Retail,Raipur
C02759,Customer_02759,Retail,Bhubaneswar
C02760,Customer_02760,Online,Kolkata
C02761,Customer_02761,Wholesale,Jaipur
C02762,Customer_02762,Retail,Chennai
C02763,Customer_02763,Online,Lucknow
C02764,Customer_02764,Wholesale,Chennai
C02765,Customer_02765,Online,Patna
C02766,Customer_02766,Wholesale,Raipur
C02767,Customer_02767,Online,Ahmedabad
C02768,Customer_02768,Online,Kolkata
C02769,Customer_02769,Online,Chennai
C02770,Customer_02770,Retail,Chandigarh
C02771,Customer_02771,Online,Bhubaneswar
C02772,Customer_02772,Online,Indore
C02773,Customer_02773,Online,Chennai
C02774,Customer_02774,Retail,Lucknow
C02775,Customer_02775,Online,Mumbai
C02776,Customer_02776,Online,Bengaluru
C02777,Customer_02777,Retail,Lucknow
C02778,Customer_02778,Wholesale,Surat
C02779,Customer_02779,Online,Lucknow
C02780,Customer_02780,Retail,Pune
C02781,Customer_02781,Corporate,Mumbai
C02782,Customer_02782,Online,Surat
C02783,Customer_02783,Online,Chandigarh
C02784,Customer_02784,Retail,Pune
C02785,Customer_02785,Retail,Kochi
C02786,Customer_02786,Corporate,Indore
C02787,Customer_02787,Retail,Nagpur
C02788,Customer_02788,Online,Surat
C02789,Customer_02789,Retail,Bhopal
C02790,Customer_02790,Retail,Indore
C02791,Customer_02791,Retail,Surat
C02792,Customer_02792,Wholesale,Surat
C02793,Customer_02793,Corporate,Bengaluru
C02794,Customer_02794,Retail,Bhubaneswar
C02795,Customer_02795,Retail,Jaipur
C02796,Customer_02796,Retail,Mumbai
C02797,Customer_02797,Wholesale,Ahmedabad
C02798,Customer_02798,Wholesale,Bhopal
C02799,Customer_02799,Online,Chennai
C02800,Customer_02800,Wholesale,Indore
C02801,Customer_02801,Wholesale,Surat
C02802,Customer_02802,Retail,Ahmedabad
C02803,Customer_02803,Corporate,Bhopal
C02804,Customer_02804,Retail,Surat
C02805,Customer_02805,Retail,Guwahati
C02806,Customer_02806,Online,Lucknow
C02807,Customer_02807,Online,Chandigarh
C02808,Customer_02808,Wholesale,Lucknow
C02809,Customer_02809,Wholesale,Patna
C02810,Customer_02810,Online,Mumbai
C02811,Customer_02811,Retail,Raipur
C02812,Customer_02812,Online,Chennai
C02813,Customer_02813,Online,Ahmedabad
C02814,Customer_02814,Wholesale,Kolkata
C02815,Customer_02815,Wholesale,Guwahati
C02816,Customer_02816,Retail,Chandigarh
C02817,Customer_02817,Online,Ahmedabad
C02818,Customer_02818,Wholesale,Chandigarh
C02819,Customer_02819,Retail,Hyderabad
C02820,Customer_02820,Online,Chandigarh
C02821,Customer_02821,Corporate,Chennai
C02822,Customer_02822,Wholesale,Guwahati
C02823,Customer_02823,Corporate,Delhi
C02824,Customer_02824,Retail,Lucknow
C02825,Customer_02825,Retail,Nagpur
C02826,Customer_02826,Retail,Bhubaneswar
C02827,Customer_02827,Wholesale,Indore
C02828,Customer_02828,Retail,Bengaluru
C02829,Customer_02829,Retail,Chennai
C02830,Customer_02830,Corporate,Kolkata
C02831,Customer_02831,Online,Kochi
C02832,Customer_02832,Online,Guwahati
C02833,Customer_02833,Retail,Bengaluru
C02834,Customer_02834,Retail,Pune
C02835,Customer_02835,Retail,Lucknow
C02836,Customer_02836,Online,Mumbai
C02837,Customer_02837,Corporate,Guwahati
C02838,Customer_02838,Wholesale,Kolkata
C02839,Customer_02839,Retail,Surat
C02840,Customer_02840,Wholesale,Chandigarh
C02841,Customer_02841,Retail,Chandigarh
C02842,Customer_02842,Retail,Bhopal
C02843,Customer_02843,Online,Chennai
C02844,Customer_02844,Online,Bhopal
C02845,Customer_02845,Retail,Jaipur
C02846,Customer_02846,Retail,Pune
C02847,Customer_02847,Corporate,Kochi
C02848,Customer_02848,Retail,Pune
C02849,Customer_02849,Retail,Raipur
C02850,Customer_02850,Retail,Guwahati
C02851,Customer_02851,Retail,Surat
C02852,Customer_02852,Retail,Bhopal
C02853,Customer_02853,Online,Nagpur
C02854,Customer_02854,Retail,Indore
C02855,Customer_02855,Wholesale,Guwahati
C02856,Customer_02856,Online,Bhubaneswar
C02857,Customer_02857,Wholesale,Guwahati
C02858,Customer_02858,Online,Chennai
C02859,Customer_02859,Online,Guwahati
C02860,Customer_02860,Retail,Patna
C02861,Customer_02861,Online,Bhubaneswar
C02862,Customer_02862,Wholesale,Mumbai
C02863,Customer_02863,Corporate,Guwahati
C02864,Customer_02864,Wholesale,Bengaluru
C02865,Customer_02865,Corporate,Indore
C02866,Customer_02866,Online,Mumbai
C02867,Customer_02867,Retail,Jaipur
C02868,Customer_02868,Wholesale,Patna
C02869,Customer_02869,Corporate,Indore
C02870,Customer_02870,Online,Indore
C02871,Customer_02871,Retail,Surat
C02872,Customer_02872,Online,Delhi
C02873,Customer_02873,Retail,Hyderabad
C02874,Customer_02874,Retail,Nagpur
C02875,Customer_02875,Wholesale,Indore
C02876,Customer_02876,Retail,Raipur
C02877,Customer_02877,Online,Indore
C02878,Customer_02878,Retail,Pune
C02879,Customer_02879,Online,Lucknow
C02880,Customer_02880,Retail,Bhopal
C02881,Customer_02881,Retail,Hyderabad
C02882,Customer_02882,Retail,Kochi
C02883,Customer_02883,Retail,Bhubaneswar
C02884,Customer_02884,Retail,Raipur
C02885,Customer_02885,Retail,Raipur
C02886,Customer_02886,Online,Indore
C02887,Customer_02887,Retail,Bhopal
C02888,Customer_02888,Wholesale,Nagpur
C02889,Customer_02889,Retail,Chennai
C02890,Customer_02890,Online,Jaipur
C02891,Customer_02891,Corporate,Lucknow
C02892,Customer_02892,Wholesale,Bhubaneswar
C02893,Customer_02893,Retail,Chennai
C02894,Customer_02894,Retail,Nagpur
C02895,Customer_02895,Corporate,Chandigarh
C02896,Customer_02896,Retail,Ahmedabad
C02897,Customer_02897,Retail,Mumbai
C02898,Customer_02898,Retail,Ahmedabad
C02899,Customer_02899,Retail,Bhopal
C02900,Customer_02900,Retail,Raipur
C02901,Customer_02901,Online,Kolkata
C02902,Customer_02902,Retail,Patna
C02903,Customer_02903,Online,Bhubaneswar
C02904,Customer_02904,Retail,Pune
C02905,Customer_02905,Retail,Indore
C02906,Customer_02906,Corporate,Surat
C02907,Customer_02907,Retail,Guwahati
C02908,Customer_02908,Online,Bhopal
C02909,Customer_02909,Wholesale,Chennai
C02910,Customer_02910,Retail,Chandigarh
C02911,Customer_02911,Corporate,Jaipur
C02912,Customer_02912,Retail,Guwahati
C02913,Customer_02913,Online,Surat
C02914,Customer_02914,Retail,Hyderabad
C02915,Customer_02915,Online,Raipur
C02916,Customer_02916,Retail,Pune
C02917,Customer_02917,Wholesale,Patna
C02918,Customer_02918,Online,Ahmedabad
C02919,Customer_02919,Corporate,Patna
C02920,Customer_02920,Corporate,Delhi
C02921,Customer_02921,Online,Jaipur
C02922,Customer_02922,Online,Mumbai
C02923,Customer_02923,Retail,Kochi
C02924,Customer_02924,Retail,Bhopal
C02925,Customer_02925,Retail,Bhubaneswar
C02926,Customer_02926,Retail,Nagpur
C02927,Customer_02927,Retail,Chandigarh
C02928,Customer_02928,Wholesale,Hyderabad
C02929,Customer_02929,Retail,Hyderabad
C02930,Customer_02930,Online,Indore
C02931,Customer_02931,Retail,Lucknow
C02932,Customer_02932,Retail,Bhopal
C02933,Customer_02933,Wholesale,Mumbai
C02934,Customer_02934,Online,Kochi
C02935,Customer_02935,Online,Hyderabad
C02936,Customer_02936,Online,Ahmedabad
C02937,Customer_02937,Retail,Delhi
C02938,Customer_02938,Wholesale,Hyderabad
C02939,Customer_02939,Retail,Patna
C02940,Customer_02940,Retail,Patna
C02941,Customer_02941,Wholesale,Jaipur
C02942,Customer_02942,Retail,Surat
C02943,Customer_02943,Retail,Raipur
C02944,Customer_02944,Corporate,Jaipur
C02945,Customer_02945,Corporate,Raipur
C02946,Customer_02946,Retail,Jaipur
C02947,Customer_02947,Retail,Bhubaneswar
C02948,Customer_02948,Retail,Surat
C02949,Customer_02949,Retail,Patna
C02950,Customer_02950,Corporate,Surat
C02951,Customer_02951,Retail,Bhopal
C02952,Customer_02952,Online,Delhi
C02953,Customer_02953,Retail,Bengaluru
C02954,Customer_02954,Corporate,Bengaluru
C02955,Customer_02955,Retail,Pune
C02956,Customer_02956,Online,Mumbai
C02957,Customer_02957,Retail,Guwahati
C02958,Customer_02958,Online,Chennai
C02959,Customer_02959,Retail,Patna
C02960,Customer_02960,Retail,Indore
C02961,Customer_02961,Corporate,Bengaluru
C02962,Customer_02962,Corporate,Indore
C02963,Customer_02963,Online,Jaipur
C02964,Customer_02964,Online,Patna
C02965,Customer_02965,Online,Ahmedabad
C02966,Customer_02966,Retail,Hyderabad
C02967,Customer_02967,Retail,Bhubaneswar
C02968,Customer_02968,Retail,Mumbai
C02969,Customer_02969,Online,Lucknow
C02970,Customer_02970,Retail,Bengaluru
C02971,Customer_02971,Retail,Nagpur
C02972,Customer_02972,Online,Delhi
C02973,Customer_02973,Online,Surat
C02974,Customer_02974,Retail,Bengaluru
C02975,Customer_02975,Retail,Bengaluru
C02976,Customer_02976,Retail,Lucknow
C02977,Customer_02977,Retail,Kochi
C02978,Customer_02978,Retail,Surat
C02979,Customer_02979,Online,Delhi
C02980,Customer_02980,Online,Nagpur
C02981,Customer_02981,Online,Jaipur
C02982,Customer_02982,Retail,Chandigarh
C02983,Customer_02983,Online,Raipur
C02984,Customer_02984,Retail,Pune
C02985,Customer_02985,Wholesale,Patna
C02986,Customer_02986,Online,Bhubaneswar
C02987,Customer_02987,Retail,Nagpur
C02988,Customer_02988,Retail,Pune
C02989,Customer_02989,Online,Chennai
C02990,Customer_02990,Retail,Raipur
C02991,Customer_02991,Online,Bhubaneswar
C02992,Customer_02992,Retail,Pune
C02993,Customer_02993,Online,Chandigarh
C02994,Customer_02994,Retail,Pune
C02995,Customer_02995,Retail,Mumbai
C02996,Customer_02996,Online,Bhubaneswar
C02997,Customer_02997,Retail,Patna
C02998,Customer_02998,Retail,Hyderabad
C02999,Customer_02999,Retail,Bengaluru
C03000,Customer_03000,Retail,Raipur
C03001,Customer_03001,Retail,Jaipur
C03002,Customer_03002,Retail,Bengaluru
C03003,Customer_03003,Corporate,Patna
C03004,Customer_03004,Retail,Pune
C03005,Customer_03005,Wholesale,Raipur
C03006,Customer_03006,Retail,Chennai
C03007,Customer_03007,Retail,Surat
C03008,Customer_03008,Corporate,Mumbai
C03009,Customer_03009,Retail,Chennai
C03010,Customer_03010,Corporate,Lucknow
C03011,Customer_03011,Retail,Chandigarh
C03012,Customer_03012,Online,Bhopal
C03013,Customer_03013,Wholesale,Lucknow
C03014,Customer_03014,Online,Indore
C03015,Customer_03015,Online,Guwahati
C03016,Customer_03016,Wholesale,Chennai
C03017,Customer_03017,Retail,Ahmedabad
C03018,Customer_03018,Retail,Nagpur
C03019,Customer_03019,Corporate,Chandigarh
C03020,Customer_03020,Retail,Indore
C03021,Customer_03021,Retail,Raipur
C03022,Customer_03022,Online,Lucknow
C03023,Customer_03023,Retail,Chandigarh
C03024,Customer_03024,Corporate,Bengaluru
C03025,Customer_03025,Online,Ahmedabad
C03026,Customer_03026,Online,Chennai
C03027,Customer_03027,Online,Kochi
C03028,Customer_03028,Retail,Jaipur
C03029,Customer_03029,Retail,Chandigarh
C03030,Customer_03030,Wholesale,Pune
C03031,Customer_03031,Retail,Bhopal
C03032,Customer_03032,Online,Chennai
C03033,Customer_03033,Corporate,Surat
C03034,Customer_03034,Wholesale,Bengaluru
C03035,Customer_03035,Retail,Nagpur
C03036,Customer_03036,Corporate,Hyderabad
C03037,Customer_03037,Wholesale,Bhubaneswar
C03038,Customer_03038,Wholesale,Surat
C03039,Customer_03039,Retail,Delhi
C03040,Customer_03040,Corporate,Hyderabad
C03041,Customer_03041,Online,Surat
C03042,Customer_03042,Online,Surat
C03043,Customer_03043,Online,Kochi
C03044,Customer_03044,Retail,Lucknow
C03045,Customer_03045,Wholesale,Lucknow
C03046,Customer_03046,Online,Kochi
C03047,Customer_03047,Retail,Mumbai
C03048,Customer_03048,Online,Delhi
C03049,Customer_03049,Corporate,Hyderabad
C03050,Customer_03050,Online,Bengaluru
C03051,Customer_03051,Online,Chennai
C03052,Customer_03052,Online,Pune
C03053,Customer_03053,Online,Chandigarh
C03054,Customer_03054,Retail,Mumbai
C03055,Customer_03055,Retail,Kolkata
C03056,Customer_03056,Wholesale,Chandigarh
C03057,Customer_03057,Online,Ahmedabad
C03058,Customer_03058,Wholesale,Jaipur
C03059,Customer_03059,Online,Patna
C03060,Customer_03060,Retail,Nagpur
C03061,Customer_03061,Online,Chennai
C03062,Customer_03062,Retail,Surat
C03063,Customer_03063,Online,Patna
C03064,Customer_03064,Wholesale,Bhubaneswar
C03065,Customer_03065,Retail,Delhi
C03066,Customer_03066,Retail,Delhi
C03067,Customer_03067,Online,Bengaluru
C03068,Customer_03068,Wholesale,Jaipur
C03069,Customer_03069,Retail,Surat
C03070,Customer_03070,Corporate,Pune
C03071,Customer_03071,Online,Surat
C03072,Customer_03072,Corporate,Nagpur
C03073,Customer_03073,Wholesale,Pune
C03074,Customer_03074,Wholesale,Lucknow
C03075,Customer_03075,Online,Jaipur
C03076,Customer_03076,Wholesale,Ahmedabad
C03077,Customer_03077,Online,Bhubaneswar
C03078,Customer_03078,Retail,Guwahati
C03079,Customer_03079,Wholesale,Kolkata
C03080,Customer_03080,Retail,Hyderabad
C03081,Customer_03081,Retail,Nagpur
C03082,Customer_03082,Retail,Ahmedabad
C03083,Customer_03083,Retail,Hyderabad
C03084,Customer_03084,Corporate,Kolkata
C03085,Customer_03085,Retail,Ahmedabad
C03086,Customer_03086,Online,Chennai
C03087,Customer_03087,Online,Jaipur
C03088,Customer_03088,Online,Kolkata
C03089,Customer_03089,Retail,Kochi
C03090,Customer_03090,Online,Jaipur
C03091,Customer_03091,Online,Kolkata
C03092,Customer_03092,Online,Bhopal
C03093,Customer_03093,Online,Kolkata
C03094,Customer_03094,Corporate,Bhopal
C03095,Customer_03095,Online,Bhopal
C03096,Customer_03096,Retail,Bhopal
C03097,Customer_03097,Online,Surat
C03098,Customer_03098,Retail,Surat
C03099,Customer_03099,Online,Raipur
C03100,Customer_03100,Retail,Delhi
C03101,Customer_03101,Retail,Indore
C03102,Customer_03102,Online,Kochi
C03103,Customer_03103,Online,Nagpur
C03104,Customer_03104,Retail,Ahmedabad
C03105,Customer_03105,Wholesale,Mumbai
C03106,Customer_03106,Online,Bengaluru
C03107,Customer_03107,Retail,Kochi
C03108,Customer_03108,Online,Kolkata
C03109,Customer_03109,Retail,Jaipur
C03110,Customer_03110,Online,Chandigarh
C03111,Customer_03111,Online,Lucknow
C03112,Customer_03112,Retail,Mumbai
C03113,Customer_03113,Wholesale,Delhi
C03114,Customer_03114,Retail,Patna
C03115,Customer_03115,Online,Kolkata
C03116,Customer_03116,Wholesale,Delhi
C03117,Customer_03117,Online,Kochi
C03118,Customer_03118,Retail,Bhubaneswar
C03119,Customer_03119,Retail,Hyderabad
C03120,Customer_03120,Retail,Pune
C03121,Customer_03121,Retail,Bhubaneswar
C03122,Customer_03122,Online,Bengaluru
C03123,Customer_03123,Online,Lucknow
C03124,Customer_03124,Online,Pune
C03125,Customer_03125,Wholesale,Nagpur
C03126,Customer_03126,Corporate,Bhopal
C03127,Customer_03127,Online,Lucknow
C03128,Customer_03128,Corporate,Ahmedabad
C03129,Customer_03129,Wholesale,Surat
C03130,Customer_03130,Retail,Pune
C03131,Customer_03131,Retail,Ahmedabad
C03132,Customer_03132,Online,Bhopal
C03133,Customer_03133,Retail,Chennai
C03134,Customer_03134,Retail,Mumbai
C03135,Customer_03135,Wholesale,Chennai
C03136,Customer_03136,Online,Surat
C03137,Customer_03137,Online,Bhubaneswar
C03138,Customer_03138,Retail,Kolkata
C03139,Customer_03139,Retail,Kolkata
C03140,Customer_03140,Online,Mumbai
C03141,Customer_03141,Corporate,Bengaluru
C03142,Customer_03142,Online,Nagpur
C03143,Customer_03143,Corporate,Lucknow
C03144,Customer_03144,Online,Indore
C03145,Customer_03145,Online,Pune
C03146,Customer_03146,Retail,Guwahati
C03147,Customer_03147,Online,Kolkata
C03148,Customer_03148,Online,Chennai
C03149,Customer_03149,Online,Ahmedabad
C03150,Customer_03150,Wholesale,Bhopal
C03151,Customer_03151,Wholesale,Pune
C03152,Customer_03152,Retail,Pune
C03153,Customer_03153,Wholesale,Patna
C03154,Customer_03154,Retail,Raipur
C03155,Customer_03155,Online,Delhi
C03156,Customer_03156,Retail,Kolkata
C03157,Customer_03157,Retail,Bhopal
C03158,Customer_03158,Wholesale,
C03159,Customer_03159,Online,Bhubaneswar
C03160,Customer_03160,Wholesale,Hyderabad
C03161,Customer_03161,Retail,Patna
C03162,Customer_03162,Online,Pune
C03163,Customer_03163,Retail,Raipur
C03164,Customer_03164,Corporate,Bengaluru
C03165,Customer_03165,Corporate,Kolkata
C03166,Customer_03166,Wholesale,Bengaluru
C03167,Customer_03167,Retail,Patna
C03168,Customer_03168,Online,Bhubaneswar
C03169,Customer_03169,Retail,Delhi
C03170,Customer_03170,Wholesale,Lucknow
C03171,Customer_03171,Retail,Lucknow
C03172,Customer_03172,Corporate,Kochi
C03173,Customer_03173,Retail,Pune
C03174,Customer_03174,Online,Guwahati
C03175,Customer_03175,Online,Raipur
C03176,Customer_03176,Wholesale,Lucknow
C03177,Customer_03177,Retail,Hyderabad
C03178,Customer_03178,Corporate,Chennai
C03179,Customer_03179,Wholesale,Hyderabad
C03180,Customer_03180,Online,Bhopal
C03181,Customer_03181,Retail,Nagpur
C03182,Customer_03182,Wholesale,Delhi
C03183,Customer_03183,Wholesale,Raipur
C03184,Customer_03184,Retail,Lucknow
C03185,Customer_03185,Retail,Raipur
C03186,Customer_03186,Online,Nagpur
C03187,Customer_03187,Retail,Raipur
C03188,Customer_03188,Retail,Jaipur
C03189,Customer_03189,Wholesale,Kolkata
C03190,Customer_03190,Online,Chandigarh
C03191,Customer_03191,Retail,Guwahati
C03192,Customer_03192,Online,Kochi
C03193,Customer_03193,Retail,Chennai
C03194,Customer_03194,Retail,Lucknow
C03195,Customer_03195,Retail,Guwahati
C03196,Customer_03196,Online,Kolkata
C03197,Customer_03197,Retail,Kolkata
C03198,Customer_03198,Retail,Bengaluru
C03199,Customer_03199,Wholesale,Jaipur
C03200,Customer_03200,Online,Mumbai
C03201,Customer_03201,Retail,Bhubaneswar
C03202,Customer_03202,Wholesale,Patna
C03203,Customer_03203,Retail,Mumbai
C03204,Customer_03204,Wholesale,Lucknow
C03205,Customer_03205,Online,Bhubaneswar
C03206,Customer_03206,Online,Lucknow
C03207,Customer_03207,Retail,Patna
C03208,Customer_03208,Retail,Raipur
C03209,Customer_03209,Retail,Bhubaneswar
C03210,Customer_03210,Retail,Bhopal
C03211,Customer_03211,Retail,Delhi
C03212,Customer_03212,Online,Bhubaneswar
C03213,Customer_03213,Corporate,Kochi
C03214,Customer_03214,Corporate,Kochi
C03215,Customer_03215,Online,Ahmedabad
C03216,Customer_03216,Online,Chennai
C03217,Customer_03217,Online,Raipur
C03218,Customer_03218,Retail,Bengaluru
C03219,Customer_03219,Online,Hyderabad
C03220,Customer_03220,Wholesale,Bengaluru
C03221,Customer_03221,Wholesale,Patna
C03222,Customer_03222,Online,Mumbai
C03223,Customer_03223,Retail,Chandigarh
C03224,Customer_03224,Retail,Surat
C03225,Customer_03225,Corporate,Raipur
C03226,Customer_03226,Retail,Bhubaneswar
C03227,Customer_03227,Wholesale,Kolkata
C03228,Customer_03228,Corporate,Kochi
C03229,Customer_03229,Online,Kochi
C03230,Customer_03230,Wholesale,Raipur
C03231,Customer_03231,Retail,Kolkata
C03232,Customer_03232,Retail,Lucknow
C03233,Customer_03233,Online,Surat
C03234,Customer_03234,Online,Patna
C03235,Customer_03235,Wholesale,Delhi
C03236,Customer_03236,Retail,Lucknow
C03237,Customer_03237,Retail,Mumbai
C03238,Customer_03238,Corporate,Delhi
C03239,Customer_03239,Retail,Raipur
C03240,Customer_03240,Online,Lucknow
C03241,Customer_03241,Retail,Bhopal
C03242,Customer_03242,Online,Delhi
C03243,Customer_03243,Corporate,Chennai
C03244,Customer_03244,Online,Jaipur
C03245,Customer_03245,Retail,Nagpur
C03246,Customer_03246,Online,Lucknow
C03247,Customer_03247,Online,Jaipur
C03248,Customer_03248,Wholesale,Jaipur
C03249,Customer_03249,Online,Bhopal
C03250,Customer_03250,Online,Chandigarh
C03251,Customer_03251,Online,Surat
C03252,Customer_03252,Online,Pune
C03253,Customer_03253,Retail,Raipur
C03254,Customer_03254,Retail,Bengaluru
C03255,Customer_03255,Retail,Surat
C03256,Customer_03256,Corporate,Kolkata
C03257,Customer_03257,Online,Mumbai
C03258,Customer_03258,Online,Bhubaneswar
C03259,Customer_03259,Retail,Bhopal
C03260,Customer_03260,Retail,Bengaluru
C03261,Customer_03261,Online,Patna
C03262,Customer_03262,Wholesale,Patna
C03263,Customer_03263,Retail,Pune
C03264,Customer_03264,Online,Kolkata
C03265,Customer_03265,Retail,Bhopal
C03266,Customer_03266,Retail,Nagpur
C03267,Customer_03267,Wholesale,Raipur
C03268,Customer_03268,Retail,Ahmedabad
C03269,Customer_03269,Corporate,Kochi
C03270,Customer_03270,Retail,Mumbai
C03271,Customer_03271,Retail,Indore
C03272,Customer_03272,Retail,Ahmedabad
C03273,Customer_03273,Online,Nagpur
C03274,Customer_03274,Wholesale,Delhi
C03275,Customer_03275,Online,Lucknow
C03276,Customer_03276,Retail,Bhubaneswar
C03277,Customer_03277,Retail,Kochi
C03278,Customer_03278,Wholesale,Chandigarh
C03279,Customer_03279,Online,Indore
C03280,Customer_03280,Online,Mumbai
C03281,Customer_03281,Retail,Surat
C03282,Customer_03282,Wholesale,Kolkata
C03283,Customer_03283,Corporate,Mumbai
C03284,Customer_03284,Retail,Lucknow
C03285,Customer_03285,Online,Surat
C03286,Customer_03286,Retail,Chandigarh
C03287,Customer_03287,Corporate,Lucknow
C03288,Customer_03288,Online,Chennai
C03289,Customer_03289,Corporate,Kolkata
C03290,Customer_03290,Online,Raipur
C03291,Customer_03291,Retail,Lucknow
C03292,Customer_03292,Corporate,Bhubaneswar
C03293,Customer_03293,Retail,Nagpur
C03294,Customer_03294,Retail,Ahmedabad
C03295,Customer_03295,Online,Kolkata
C03296,Customer_03296,Online,Guwahati
C03297,Customer_03297,Corporate,Patna
C03298,Customer_03298,Retail,Surat
C03299,Customer_03299,Online,Surat
C03300,Customer_03300,Online,Bhubaneswar
C03301,Customer_03301,Retail,Bengaluru
C03302,Customer_03302,Retail,Lucknow
C03303,Customer_03303,Retail,Pune
C03304,Customer_03304,Retail,Bengaluru
C03305,Customer_03305,Corporate,Surat
C03306,Customer_03306,Online,Bhubaneswar
C03307,Customer_03307,Online,Hyderabad
C03308,Customer_03308,Corporate,Raipur
C03309,Customer_03309,Retail,Jaipur
C03310,Customer_03310,Online,Jaipur
C03311,Customer_03311,Wholesale,Ahmedabad
C03312,Customer_03312,Online,Chandigarh
C03313,Customer_03313,Retail,Nagpur
C03314,Customer_03314,Corporate,Bengaluru
C03315,Customer_03315,Retail,Bengaluru
C03316,Customer_03316,Retail,Bhubaneswar
C03317,Customer_03317,Online,Hyderabad
C03318,Customer_03318,Retail,Pune
C03319,Customer_03319,Online,Bhopal
C03320,Customer_03320,Wholesale,Patna
C03321,Customer_03321,Online,Surat
C03322,Customer_03322,Retail,Surat
C03323,Customer_03323,Retail,Pune
C03324,Customer_03324,Retail,Lucknow
C03325,Customer_03325,Wholesale,Mumbai
C03326,Customer_03326,Retail,Delhi
C03327,Customer_03327,Retail,Chennai
C03328,Customer_03328,Retail,Lucknow
C03329,Customer_03329,Retail,Ahmedabad
C03330,Customer_03330,Online,Bhopal
C03331,Customer_03331,Online,Bhopal
C03332,Customer_03332,Retail,Hyderabad
C03333,Customer_03333,Online,Pune
C03334,Customer_03334,Online,Chandigarh
C03335,Customer_03335,Wholesale,Indore
C03336,Customer_03336,Online,Patna
C03337,Customer_03337,Wholesale,Ahmedabad
C03338,Customer_03338,Wholesale,Mumbai
C03339,Customer_03339,Retail,Patna
C03340,Customer_03340,Online,Nagpur
C03341,Customer_03341,Online,Kolkata
C03342,Customer_03342,Retail,Bengaluru
C03343,Customer_03343,Retail,Lucknow
C03344,Customer_03344,Corporate,Delhi
C03345,Customer_03345,Wholesale,Nagpur
C03346,Customer_03346,Wholesale,Guwahati
C03347,Customer_03347,Corporate,Ahmedabad
C03348,Customer_03348,Online,Pune
C03349,Customer_03349,Online,Mumbai
C03350,Customer_03350,Online,Kochi
C03351,Customer_03351,Online,Kochi
C03352,Customer_03352,Wholesale,Surat
C03353,Customer_03353,Wholesale,Indore
C03354,Customer_03354,Retail,Chennai
C03355,Customer_03355,Corporate,Chennai
C03356,Customer_03356,Online,Jaipur
C03357,Customer_03357,Retail,Chandigarh
C03358,Customer_03358,Online,Raipur
C03359,Customer_03359,Wholesale,Hyderabad
C03360,Customer_03360,Retail,Bengaluru
C03361,Customer_03361,Wholesale,Bhubaneswar
C03362,Customer_03362,Wholesale,Nagpur
C03363,Customer_03363,Online,Indore
C03364,Customer_03364,Retail,Guwahati
C03365,Customer_03365,Online,Bhubaneswar
C03366,Customer_03366,Online,Delhi
C03367,Customer_03367,Retail,Nagpur
C03368,Customer_03368,Corporate,Nagpur
C03369,Customer_03369,Wholesale,Kolkata
C03370,Customer_03370,Retail,Surat
C03371,Customer_03371,Wholesale,Mumbai
C03372,Customer_03372,Online,Lucknow
C03373,Customer_03373,Retail,Pune
C03374,Customer_03374,Retail,Pune
C03375,Customer_03375,Retail,Ahmedabad
C03376,Customer_03376,Retail,Hyderabad
C03377,Customer_03377,Online,Jaipur
C03378,Customer_03378,Wholesale,Kolkata
C03379,Customer_03379,Retail,Pune
C03380,Customer_03380,Retail,Kochi
C03381,Customer_03381,Retail,Ahmedabad
C03382,Customer_03382,Corporate,Chennai
C03383,Customer_03383,Retail,Chandigarh
C03384,Customer_03384,Corporate,Pune
C03385,Customer_03385,Wholesale,Chennai
C03386,Customer_03386,Retail,Indore
C03387,Customer_03387,Online,Raipur
C03388,Customer_03388,Wholesale,Bengaluru
C03389,Customer_03389,Online,Mumbai
C03390,Customer_03390,Corporate,Pune
C03391,Customer_03391,Retail,Chandigarh
C03392,Customer_03392,Retail,Chandigarh
C03393,Customer_03393,Online,Kolkata
C03394,Customer_03394,Retail,Chandigarh
C03395,Customer_03395,Retail,Surat
C03396,Customer_03396,Retail,Guwahati
C03397,Customer_03397,Retail,Delhi
C03398,Customer_03398,Online,Bengaluru
C03399,Customer_03399,Retail,Nagpur
C03400,Customer_03400,Wholesale,Chandigarh
C03401,Customer_03401,Online,Jaipur
C03402,Customer_03402,Wholesale,Bengaluru
C03403,Customer_03403,Retail,Pune
C03404,Customer_03404,Online,Bengaluru
C03405,Customer_03405,Retail,Chandigarh
C03406,Customer_03406,Online,Surat
C03407,Customer_03407,Online,Kolkata
C03408,Customer_03408,Wholesale,Delhi
C03409,Customer_03409,Wholesale,Bengaluru
C03410,Customer_03410,Wholesale,Guwahati
C03411,Customer_03411,Retail,Nagpur
C03412,Customer_03412,Online,Bhubaneswar
C03413,Customer_03413,Online,Chennai
C03414,Customer_03414,Retail,Patna
C03415,Customer_03415,Online,Kochi
C03416,Customer_03416,Corporate,Delhi
C03417,Customer_03417,Corporate,Surat
C03418,Customer_03418,Wholesale,Indore
C03419,Customer_03419,Wholesale,Pune
C03420,Customer_03420,Retail,Mumbai
C03421,Customer_03421,Corporate,Pune
C03422,Customer_03422,Retail,Kochi
C03423,Customer_03423,Online,Kochi
C03424,Customer_03424,Retail,Bhopal
C03425,Customer_03425,Retail,Bengaluru
C03426,Customer_03426,Wholesale,Hyderabad
C03427,Customer_03427,Corporate,Bengaluru
C03428,Customer_03428,Retail,Chennai
C03429,Customer_03429,Online,Delhi
C03430,Customer_03430,Retail,Nagpur
C03431,Customer_03431,Retail,Chennai
C03432,Customer_03432,Wholesale,Bhopal
C03433,Customer_03433,Wholesale,Bhubaneswar
C03434,Customer_03434,Retail,Chandigarh
C03435,Customer_03435,Retail,Kochi
C03436,Customer_03436,Retail,Delhi
C03437,Customer_03437,Retail,Chandigarh
C03438,Customer_03438,Corporate,Guwahati
C03439,Customer_03439,Corporate,Bhopal
C03440,Customer_03440,Retail,Chandigarh
C03441,Customer_03441,Online,Mumbai
C03442,Customer_03442,Corporate,Guwahati
C03443,Customer_03443,Retail,Pune
C03444,Customer_03444,Online,Kolkata
C03445,Customer_03445,Corporate,Mumbai
C03446,Customer_03446,Retail,Mumbai
C03447,Customer_03447,Retail,Delhi
C03448,Customer_03448,Corporate,Chandigarh
C03449,Customer_03449,Wholesale,Patna
C03450,Customer_03450,Retail,Bhopal
C03451,Customer_03451,Retail,Chandigarh
C03452,Customer_03452,Wholesale,Jaipur
C03453,Customer_03453,Online,Kochi
C03454,Customer_03454,Online,Lucknow
C03455,Customer_03455,Corporate,Raipur
C03456,Customer_03456,Retail,Kochi
C03457,Customer_03457,Wholesale,Surat
C03458,Customer_03458,Wholesale,Pune
C03459,Customer_03459,Wholesale,Chennai
C03460,Customer_03460,Retail,Kochi
C03461,Customer_03461,Corporate,Chennai
C03462,Customer_03462,Online,Kolkata
C03463,Customer_03463,Wholesale,Bhopal
C03464,Customer_03464,Online,Bhopal
C03465,Customer_03465,Retail,Mumbai
C03466,Customer_03466,Wholesale,Pune
C03467,Customer_03467,Online,Mumbai
C03468,Customer_03468,Wholesale,Jaipur
C03469,Customer_03469,Corporate,Pune
C03470,Customer_03470,Online,Chennai
C03471,Customer_03471,Retail,Pune
C03472,Customer_03472,Online,Kochi
C03473,Customer_03473,Retail,Guwahati
C03474,Customer_03474,Retail,Lucknow
C03475,Customer_03475,Retail,Delhi
C03476,Customer_03476,Wholesale,Raipur
C03477,Customer_03477,Online,Bhubaneswar
C03478,Customer_03478,Wholesale,Hyderabad
C03479,Customer_03479,Online,Bhubaneswar
C03480,Customer_03480,Online,Lucknow
C03481,Customer_03481,Retail,Bengaluru
C03482,Customer_03482,Online,Bhubaneswar
C03483,Customer_03483,Retail,Jaipur
C03484,Customer_03484,Retail,Bengaluru
C03485,Customer_03485,Wholesale,Chennai
C03486,Customer_03486,Retail,Chandigarh
C03487,Customer_03487,Retail,Chennai
C03488,Customer_03488,Online,Delhi
C03489,Customer_03489,Wholesale,Mumbai
C03490,Customer_03490,Wholesale,Surat
C03491,Customer_03491,Corporate,Chennai
C03492,Customer_03492,Online,Bengaluru
C03493,Customer_03493,Online,Chandigarh
C03494,Customer_03494,Retail,Bengaluru
C03495,Customer_03495,Online,Nagpur
C03496,Customer_03496,Online,Surat
C03497,Customer_03497,Online,Hyderabad
C03498,Customer_03498,Online,Hyderabad
C03499,Customer_03499,Retail,Bhubaneswar
C03500,Customer_03500,Retail,Hyderabad
C03501,Customer_03501,Wholesale,Indore
C03502,Customer_03502,Retail,Ahmedabad
C03503,Customer_03503,Online,Kolkata
C03504,Customer_03504,Retail,Chandigarh
C03505,Customer_03505,Corporate,Delhi
C03506,Customer_03506,Corporate,Surat
C03507,Customer_03507,Retail,Delhi
C03508,Customer_03508,Retail,Indore
C03509,Customer_03509,Online,Chennai
C03510,Customer_03510,Corporate,Pune
C03511,Customer_03511,Wholesale,Kolkata
C03512,Customer_03512,Retail,Hyderabad
C03513,Customer_03513,Wholesale,Lucknow
C03514,Customer_03514,Online,Jaipur
C03515,Customer_03515,Retail,Patna
C03516,Customer_03516,Online,Nagpur
C03517,Customer_03517,Retail,Bhubaneswar
C03518,Customer_03518,Retail,Mumbai
C03519,Customer_03519,Retail,Patna
C03520,Customer_03520,Retail,Delhi
C03521,Customer_03521,Retail,Nagpur
C03522,Customer_03522,Wholesale,Indore
C03523,Customer_03523,Retail,Guwahati
C03524,Customer_03524,Retail,Surat
C03525,Customer_03525,Retail,Jaipur
C03526,Customer_03526,Corporate,Bengaluru
C03527,Customer_03527,Wholesale,Nagpur
C03528,Customer_03528,Wholesale,Patna
C03529,Customer_03529,Online,Pune
C03530,Customer_03530,Corporate,Surat
C03531,Customer_03531,Retail,Chandigarh
C03532,Customer_03532,Online,Bhopal
C03533,Customer_03533,Online,Jaipur
C03534,Customer_03534,Online,Hyderabad
C03535,Customer_03535,Retail,Hyderabad
C03536,Customer_03536,Online,Kochi
C03537,Customer_03537,Retail,Pune
C03538,Customer_03538,Online,Indore
C03539,Customer_03539,Online,Chandigarh
C03540,Customer_03540,Retail,Jaipur
C03541,Customer_03541,Online,Kochi
C03542,Customer_03542,Retail,Raipur
C03543,Customer_03543,Online,Raipur
C03544,Customer_03544,Wholesale,Patna
C03545,Customer_03545,Retail,Indore
C03546,Customer_03546,Retail,Raipur
C03547,Customer_03547,Corporate,Delhi
C03548,Customer_03548,Retail,Nagpur
C03549,Customer_03549,Retail,Bhopal
C03550,Customer_03550,Retail,Jaipur
C03551,Customer_03551,Online,Nagpur
C03552,Customer_03552,Wholesale,Chandigarh
C03553,Customer_03553,Retail,Patna
C03554,Customer_03554,Retail,Mumbai
C03555,Customer_03555,Retail,Delhi
C03556,Customer_03556,Retail,Delhi
C03557,Customer_03557,Wholesale,Bhopal
C03558,Customer_03558,Online,Lucknow
C03559,Customer_03559,Retail,Hyderabad
C03560,Customer_03560,Retail,Chennai
C03561,Customer_03561,Retail,Patna
C03562,Customer_03562,Corporate,Lucknow
C03563,Customer_03563,Corporate,Nagpur
C03564,Customer_03564,Online,Indore
C03565,Customer_03565,Retail,Surat
C03566,Customer_03566,Retail,Bhubaneswar
C03567,Customer_03567,Retail,Indore
C03568,Customer_03568,Retail,Ahmedabad
C03569,Customer_03569,Wholesale,Raipur
C03570,Customer_03570,Online,Mumbai
C03571,Customer_03571,Online,Kochi
C03572,Customer_03572,Online,Bengaluru
C03573,Customer_03573,Retail,Bhopal
C03574,Customer_03574,Online,Bhubaneswar
C03575,Customer_03575,Retail,Chandigarh
C03576,Customer_03576,Retail,Bhubaneswar
C03577,Customer_03577,Online,Guwahati
C03578,Customer_03578,Retail,Chandigarh
C03579,Customer_03579,Wholesale,Hyderabad
C03580,Customer_03580,Retail,Hyderabad
C03581,Customer_03581,Online,Lucknow
C03582,Customer_03582,Online,Pune
C03583,Customer_03583,Retail,Kolkata
C03584,Customer_03584,Online,Nagpur
C03585,Customer_03585,Retail,Kochi
C03586,Customer_03586,Wholesale,Nagpur
C03587,Customer_03587,Online,Delhi
C03588,Customer_03588,Online,Indore
C03589,Customer_03589,Corporate,Indore
C03590,Customer_03590,Retail,Bhubaneswar
C03591,Customer_03591,Online,Delhi
C03592,Customer_03592,Online,Nagpur
C03593,Customer_03593,Corporate,Bengaluru
C03594,Customer_03594,Retail,Lucknow
C03595,Customer_03595,Online,Kochi
C03596,Customer_03596,Online,Surat
C03597,Customer_03597,Retail,Bhopal
C03598,Customer_03598,Wholesale,Delhi
C03599,Customer_03599,Retail,Bengaluru
C03600,Customer_03600,Online,Bhopal
C03601,Customer_03601,Online,Patna
C03602,Customer_03602,Online,Bengaluru
C03603,Customer_03603,Online,Hyderabad
C03604,Customer_03604,Wholesale,Surat
C03605,Customer_03605,Retail,Guwahati
C03606,Customer_03606,Retail,Pune
C03607,Customer_03607,Wholesale,Kolkata
C03608,Customer_03608,Retail,Bengaluru
C03609,Customer_03609,Retail,Surat
C03610,Customer_03610,Wholesale,Nagpur
C03611,Customer_03611,Retail,Guwahati
C03612,Customer_03612,Retail,Bengaluru
C03613,Customer_03613,Wholesale,Jaipur
C03614,Customer_03614,Retail,Guwahati
C03615,Customer_03615,Corporate,Guwahati
C03616,Customer_03616,Online,Bhopal
C03617,Customer_03617,Online,Bhubaneswar
C03618,Customer_03618,Retail,Guwahati
C03619,Customer_03619,Online,Nagpur
C03620,Customer_03620,Online,Nagpur
C03621,Customer_03621,Online,Mumbai
C03622,Customer_03622,Retail,Bengaluru
C03623,Customer_03623,Online,Hyderabad
C03624,Customer_03624,Online,Ahmedabad
C03625,Customer_03625,Online,Hyderabad
C03626,Customer_03626,Online,Bhubaneswar
C03627,Customer_03627,Wholesale,Pune
C03628,Customer_03628,Wholesale,Mumbai
C03629,Customer_03629,Retail,Hyderabad
C03630,Customer_03630,Online,Lucknow
C03631,Customer_03631,Retail,Bengaluru
C03632,Customer_03632,Wholesale,Delhi
C03633,Customer_03633,Retail,Surat
C03634,Customer_03634,Wholesale,Lucknow
C03635,Customer_03635,Retail,Guwahati
C03636,Customer_03636,Online,Nagpur
C03637,Customer_03637,Online,Chandigarh
C03638,Customer_03638,Retail,Raipur
C03639,Customer_03639,Retail,Kolkata
C03640,Customer_03640,Retail,Nagpur
C03641,Customer_03641,Online,Kolkata
C03642,Customer_03642,Wholesale,Nagpur
C03643,Customer_03643,Wholesale,Nagpur
C03644,Customer_03644,Retail,Hyderabad
C03645,Customer_03645,Online,Delhi
C03646,Customer_03646,Online,Nagpur
C03647,Customer_03647,Online,Mumbai
C03648,Customer_03648,Online,Hyderabad
C03649,Customer_03649,Retail,Jaipur
C03650,Customer_03650,Retail,Hyderabad
C03651,Customer_03651,Retail,Lucknow
C03652,Customer_03652,Retail,Kolkata
C03653,Customer_03653,Retail,Indore
C03654,Customer_03654,Retail,Mumbai
C03655,Customer_03655,Retail,Hyderabad
C03656,Customer_03656,Corporate,Kochi
C03657,Customer_03657,Online,Kochi
C03658,Customer_03658,Online,Kochi
C03659,Customer_03659,Online,Nagpur
C03660,Customer_03660,Retail,Chandigarh
C03661,Customer_03661,Online,Raipur
C03662,Customer_03662,Retail,Bhubaneswar
C03663,Customer_03663,Online,Nagpur
C03664,Customer_03664,Retail,Indore
C03665,Customer_03665,Corporate,Bhubaneswar
C03666,Customer_03666,Retail,Indore
C03667,Customer_03667,Retail,Lucknow
C03668,Customer_03668,Corporate,Mumbai
C03669,Customer_03669,Retail,Bhubaneswar
C03670,Customer_03670,Online,Kochi
C03671,Customer_03671,Online,Lucknow
C03672,Customer_03672,Online,Ahmedabad
C03673,Customer_03673,Corporate,Delhi
C03674,Customer_03674,Corporate,Delhi
C03675,Customer_03675,Retail,Hyderabad
C03676,Customer_03676,Online,Surat
C03677,Customer_03677,Online,Chandigarh
C03678,Customer_03678,Online,Chennai
C03679,Customer_03679,Retail,Bhubaneswar
C03680,Customer_03680,Online,Kochi
C03681,Customer_03681,Corporate,Bhopal
C03682,Customer_03682,Corporate,Chennai
C03683,Customer_03683,Wholesale,Chennai
C03684,Customer_03684,Retail,Kochi
C03685,Customer_03685,Retail,Chandigarh
C03686,Customer_03686,Online,Mumbai
C03687,Customer_03687,Online,Kochi
C03688,Customer_03688,Wholesale,Kochi
C03689,Customer_03689,Retail,Indore
C03690,Customer_03690,Wholesale,Bhopal
C03691,Customer_03691,Wholesale,Guwahati
C03692,Customer_03692,Corporate,Bhubaneswar
C03693,Customer_03693,Online,Raipur
C03694,Customer_03694,Retail,Surat
C03695,Customer_03695,Wholesale,Patna
C03696,Customer_03696,Retail,Mumbai
C03697,Customer_03697,Corporate,Raipur
C03698,Customer_03698,Retail,Bhubaneswar
C03699,Customer_03699,Wholesale,Bengaluru
C03700,Customer_03700,Retail,Raipur
C03701,Customer_03701,Online,Bhubaneswar
C03702,Customer_03702,Online,Mumbai
C03703,Customer_03703,Online,Pune
C03704,Customer_03704,Retail,Guwahati
C03705,Customer_03705,Retail,Pune
C03706,Customer_03706,Retail,Bhubaneswar
C03707,Customer_03707,Online,Kolkata
C03708,Customer_03708,Retail,Mumbai
C03709,Customer_03709,Online,Delhi
C03710,Customer_03710,Online,Chennai
C03711,Customer_03711,Online,Raipur
C03712,Customer_03712,Wholesale,Hyderabad
C03713,Customer_03713,Wholesale,Indore
C03714,Customer_03714,Retail,Raipur
C03715,Customer_03715,Online,Bengaluru
C03716,Customer_03716,Online,Kolkata
C03717,Customer_03717,Retail,Ahmedabad
C03718,Customer_03718,Wholesale,Lucknow
C03719,Customer_03719,Online,Jaipur
C03720,Customer_03720,Online,Jaipur
C03721,Customer_03721,Retail,Kochi
C03722,Customer_03722,Online,Bengaluru
C03723,Customer_03723,Retail,Patna
C03724,Customer_03724,Retail,Lucknow
C03725,Customer_03725,Corporate,Bhubaneswar
C03726,Customer_03726,Online,Lucknow
C03727,Customer_03727,Online,Kochi
C03728,Customer_03728,Retail,Ahmedabad
C03729,Customer_03729,Online,Pune
C03730,Customer_03730,Wholesale,Surat
C03731,Customer_03731,Retail,Pune
C03732,Customer_03732,Wholesale,Indore
C03733,Customer_03733,Retail,Jaipur
C03734,Customer_03734,Online,Surat
C03735,Customer_03735,Online,Nagpur
C03736,Customer_03736,Retail,Bhopal
C03737,Customer_03737,Retail,Nagpur
C03738,Customer_03738,Retail,Guwahati
C03739,Customer_03739,Retail,Bhubaneswar
C03740,Customer_03740,Online,Bhopal
C03741,Customer_03741,Online,Ahmedabad
C03742,Customer_03742,Retail,Lucknow
C03743,Customer_03743,Retail,Bengaluru
C03744,Customer_03744,Online,Kolkata
C03745,Customer_03745,Online,Ahmedabad
C03746,Customer_03746,Retail,Surat
C03747,Customer_03747,Retail,Chennai
C03748,Customer_03748,Online,Chennai
C03749,Customer_03749,Retail,Ahmedabad
C03750,Customer_03750,Retail,Kochi
C03751,Customer_03751,Online,Surat
C03752,Customer_03752,Online,Chennai
C03753,Customer_03753,Online,Chennai
C03754,Customer_03754,Online,Pune
C03755,Customer_03755,Online,Nagpur
C03756,Customer_03756,Retail,Pune
C03757,Customer_03757,Retail,Delhi
C03758,Customer_03758,Retail,Chennai
C03759,Customer_03759,Retail,Guwahati
C03760,Customer_03760,Online,Kochi
C03761,Customer_03761,Online,Jaipur
C03762,Customer_03762,Corporate,Kolkata
C03763,Customer_03763,Online,Bhubaneswar
C03764,Customer_03764,Retail,Surat
C03765,Customer_03765,Retail,Raipur
C03766,Customer_03766,Online,Mumbai
C03767,Customer_03767,Online,Bhubaneswar
C03768,Customer_03768,Online,Patna
C03769,Customer_03769,Online,Nagpur
C03770,Customer_03770,Online,Chennai
C03771,Customer_03771,Online,Nagpur
C03772,Customer_03772,Retail,Ahmedabad
C03773,Customer_03773,Online,Chennai
C03774,Customer_03774,Online,Pune
C03775,Customer_03775,Retail,Nagpur
C03776,Customer_03776,Online,Chennai
C03777,Customer_03777,Retail,Nagpur
C03778,Customer_03778,Corporate,Delhi
C03779,Customer_03779,Retail,Patna
C03780,Customer_03780,Online,Kochi
C03781,Customer_03781,Retail,Patna
C03782,Customer_03782,Online,Lucknow
C03783,Customer_03783,Retail,Kochi
C03784,Customer_03784,Retail,Bhubaneswar
C03785,Customer_03785,Wholesale,Kolkata
C03786,Customer_03786,Corporate,Chennai
C03787,Customer_03787,Retail,Kolkata
C03788,Customer_03788,Retail,Patna
C03789,Customer_03789,Online,Bengaluru
C03790,Customer_03790,Wholesale,Patna
C03791,Customer_03791,Corporate,Patna
C03792,Customer_03792,Retail,Ahmedabad
C03793,Customer_03793,Online,Ahmedabad
C03794,Customer_03794,Retail,Lucknow
C03795,Customer_03795,Retail,Surat
C03796,Customer_03796,Online,Mumbai
C03797,Customer_03797,Online,Jaipur
C03798,Customer_03798,Online,Bhubaneswar
C03799,Customer_03799,Retail,Guwahati
C03800,Customer_03800,Wholesale,Mumbai
C03801,Customer_03801,Wholesale,Delhi
C03802,Customer_03802,Corporate,Patna
C03803,Customer_03803,Retail,Indore
C03804,Customer_03804,Retail,Chennai
C03805,Customer_03805,Retail,Bengaluru
C03806,Customer_03806,Online,Bengaluru
C03807,Customer_03807,Retail,Surat
C03808,Customer_03808,Corporate,Kochi
C03809,Customer_03809,Retail,Kochi
C03810,Customer_03810,Online,Nagpur
C03811,Customer_03811,Retail,Patna
C03812,Customer_03812,Online,Raipur
C03813,Customer_03813,Corporate,Surat
C03814,Customer_03814,Retail,Chennai
C03815,Customer_03815,Corporate,Guwahati
C03816,Customer_03816,Wholesale,Chennai
C03817,Customer_03817,Corporate,Bengaluru
C03818,Customer_03818,Online,Mumbai
C03819,Customer_03819,Retail,Kochi
C03820,Customer_03820,Retail,Chandigarh
C03821,Customer_03821,Retail,Bhubaneswar
C03822,Customer_03822,Retail,Patna
C03823,Customer_03823,Retail,Lucknow
C03824,Customer_03824,Retail,Pune
C03825,Customer_03825,Wholesale,Chennai
C03826,Customer_03826,Online,Bengaluru
C03827,Customer_03827,Retail,Bhubaneswar
C03828,Customer_03828,Retail,Pune
C03829,Customer_03829,Online,Mumbai
C03830,Customer_03830,Retail,Surat
C03831,Customer_03831,Retail,Bengaluru
C03832,Customer_03832,Retail,Mumbai
C03833,Customer_03833,Corporate,Chandigarh
C03834,Customer_03834,Online,Raipur
C03835,Customer_03835,Retail,Pune
C03836,Customer_03836,Online,Indore
C03837,Customer_03837,Wholesale,Hyderabad
C03838,Customer_03838,Online,Pune
C03839,Customer_03839,Online,Bhubaneswar
C03840,Customer_03840,Online,Hyderabad
C03841,Customer_03841,Retail,Lucknow
C03842,Customer_03842,Retail,Chandigarh
C03843,Customer_03843,Wholesale,Nagpur
C03844,Customer_03844,Online,Nagpur
C03845,Customer_03845,Online,Patna
C03846,Customer_03846,Online,Bhubaneswar
C03847,Customer_03847,Corporate,Chandigarh
C03848,Customer_03848,Retail,Ahmedabad
C03849,Customer_03849,Online,Chandigarh
C03850,Customer_03850,Online,Jaipur
C03851,Customer_03851,Corporate,Bhubaneswar
C03852,Customer_03852,Corporate,Bhopal
C03853,Customer_03853,Online,Kolkata
C03854,Customer_03854,Retail,Kolkata
C03855,Customer_03855,Online,Guwahati
C03856,Customer_03856,Retail,Delhi
C03857,Customer_03857,Online,Mumbai
C03858,Customer_03858,Corporate,Lucknow
C03859,Customer_03859,Retail,Bengaluru
C03860,Customer_03860,Online,Patna
C03861,Customer_03861,Wholesale,Guwahati
C03862,Customer_03862,Wholesale,Bengaluru
C03863,Customer_03863,Retail,Guwahati
C03864,Customer_03864,Online,Bhubaneswar
C03865,Customer_03865,Corporate,Patna
C03866,Customer_03866,Corporate,Kochi
C03867,Customer_03867,Retail,Chandigarh
C03868,Customer_03868,Online,Bhubaneswar
C03869,Customer_03869,Online,Mumbai
C03870,Customer_03870,Retail,Kochi
C03871,Customer_03871,Retail,Raipur
C03872,Customer_03872,Retail,Chennai
C03873,Customer_03873,Corporate,Jaipur
C03874,Customer_03874,Online,Kochi
C03875,Customer_03875,Online,Nagpur
C03876,Customer_03876,Retail,Surat
C03877,Customer_03877,Online,Bhopal
C03878,Customer_03878,Retail,Kochi
C03879,Customer_03879,Retail,Indore
C03880,Customer_03880,Online,Chennai
C03881,Customer_03881,Retail,Mumbai
C03882,Customer_03882,Online,Ahmedabad
C03883,Customer_03883,Retail,Lucknow
C03884,Customer_03884,Online,Mumbai
C03885,Customer_03885,Wholesale,Patna
C03886,Customer_03886,Online,Indore
C03887,Customer_03887,Retail,Indore
C03888,Customer_03888,Retail,Hyderabad
C03889,Customer_03889,Corporate,Pune
C03890,Customer_03890,Retail,Chandigarh
C03891,Customer_03891,Online,Jaipur
C03892,Customer_03892,Corporate,Lucknow
C03893,Customer_03893,Retail,Patna
C03894,Customer_03894,Retail,Pune
C03895,Customer_03895,Online,Chandigarh
C03896,Customer_03896,Corporate,Guwahati
C03897,Customer_03897,Corporate,Raipur
C03898,Customer_03898,Wholesale,Hyderabad
C03899,Customer_03899,Online,Surat
C03900,Customer_03900,Retail,Pune
C03901,Customer_03901,Corporate,Indore
C03902,Customer_03902,Corporate,Surat
C03903,Customer_03903,Retail,Pune
C03904,Customer_03904,Retail,Surat
C03905,Customer_03905,Retail,Ahmedabad
C03906,Customer_03906,Retail,Bhubaneswar
C03907,Customer_03907,Online,Bhubaneswar
C03908,Customer_03908,Retail,Chennai
C03909,Customer_03909,Retail,Pune
C03910,Customer_03910,Retail,Nagpur
C03911,Customer_03911,Corporate,Lucknow
C03912,Customer_03912,Online,Kochi
C03913,Customer_03913,Wholesale,Chandigarh
C03914,Customer_03914,Retail,Chandigarh
C03915,Customer_03915,Corporate,Ahmedabad
C03916,Customer_03916,Online,Raipur
C03917,Customer_03917,Retail,Delhi
C03918,Customer_03918,Retail,Chandigarh
C03919,Customer_03919,Retail,Kochi
C03920,Customer_03920,Retail,Raipur
C03921,Customer_03921,Online,Nagpur
C03922,Customer_03922,Corporate,Jaipur
C03923,Customer_03923,Wholesale,Raipur
C03924,Customer_03924,Online,Bengaluru
C03925,Customer_03925,Wholesale,Bengaluru
C03926,Customer_03926,Online,Chennai
C03927,Customer_03927,Online,Surat
C03928,Customer_03928,Retail,Delhi
C03929,Customer_03929,Retail,Nagpur
C03930,Customer_03930,Online,Chennai
C03931,Customer_03931,Retail,Chandigarh
C03932,Customer_03932,Retail,Jaipur
C03933,Customer_03933,Wholesale,Surat
C03934,Customer_03934,Corporate,Bhopal
C03935,Customer_03935,Wholesale,Raipur
C03936,Customer_03936,Online,Bengaluru
C03937,Customer_03937,Wholesale,Bengaluru
C03938,Customer_03938,Online,Jaipur
C03939,Customer_03939,Online,Indore
C03940,Customer_03940,Online,Indore
C03941,Customer_03941,Wholesale,Bengaluru
C03942,Customer_03942,Online,Kolkata
C03943,Customer_03943,Online,Lucknow
C03944,Customer_03944,Wholesale,Bhopal
C03945,Customer_03945,Retail,Pune
C03946,Customer_03946,Retail,Ahmedabad
C03947,Customer_03947,Retail,Bhubaneswar
C03948,Customer_03948,Online,Bengaluru
C03949,Customer_03949,Retail,Bengaluru
C03950,Customer_03950,Retail,Bengaluru
C03951,Customer_03951,Online,Surat
C03952,Customer_03952,Retail,Kochi
C03953,Customer_03953,Wholesale,Mumbai
C03954,Customer_03954,Retail,Guwahati
C03955,Customer_03955,Corporate,Jaipur
C03956,Customer_03956,Online,Raipur
C03957,Customer_03957,Online,Bhubaneswar
C03958,Customer_03958,Wholesale,Ahmedabad
C03959,Customer_03959,Online,Patna
C03960,Customer_03960,Retail,Raipur
C03961,Customer_03961,Retail,Lucknow
C03962,Customer_03962,Retail,Bhopal
C03963,Customer_03963,Online,Mumbai
C03964,Customer_03964,Wholesale,Nagpur
C03965,Customer_03965,Wholesale,Patna
C03966,Customer_03966,Retail,Hyderabad
C03967,Customer_03967,Wholesale,Patna
C03968,Customer_03968,Online,Pune
C03969,Customer_03969,Wholesale,Jaipur
C03970,Customer_03970,Online,Indore
C03971,Customer_03971,Retail,Lucknow
C03972,Customer_03972,Online,Pune
C03973,Customer_03973,Online,Raipur
C03974,Customer_03974,Retail,Patna
C03975,Customer_03975,Retail,Guwahati
C03976,Customer_03976,Online,Surat
C03977,Customer_03977,Online,Nagpur
C03978,Customer_03978,Wholesale,Bhubaneswar
C03979,Customer_03979,Retail,Mumbai
C03980,Customer_03980,Online,Ahmedabad
C03981,Customer_03981,Online,Chandigarh
C03982,Customer_03982,Wholesale,Patna
C03983,Customer_03983,Wholesale,Bhopal
C03984,Customer_03984,Retail,Bhubaneswar
C03985,Customer_03985,Online,Bhubaneswar
C03986,Customer_03986,Retail,Guwahati
C03987,Customer_03987,Corporate,Mumbai
C03988,Customer_03988,Wholesale,Chennai
C03989,Customer_03989,Wholesale,Chennai
C03990,Customer_03990,Online,Lucknow
C03991,Customer_03991,Corporate,Kolkata
C03992,Customer_03992,Online,Chennai
C03993,Customer_03993,Wholesale,Lucknow
C03994,Customer_03994,Online,Mumbai
C03995,Customer_03995,Online,Kolkata
C03996,Customer_03996,Wholesale,Indore
C03997,Customer_03997,Retail,Ahmedabad
C03998,Customer_03998,Wholesale,Delhi
C03999,Customer_03999,Retail,Surat
C04000,Customer_04000,Corporate,Indore
C04001,Customer_04001,Retail,Ahmedabad
C04002,Customer_04002,Corporate,Chandigarh
C04003,Customer_04003,Wholesale,Indore
C04004,Customer_04004,Online,Raipur
C04005,Customer_04005,Wholesale,Ahmedabad
C04006,Customer_04006,Retail,Nagpur
C04007,Customer_04007,Retail,Ahmedabad
C04008,Customer_04008,Retail,Kolkata
C04009,Customer_04009,Online,Bhopal
C04010,Customer_04010,Wholesale,Pune
C04011,Customer_04011,Online,Patna
C04012,Customer_04012,Retail,Raipur
C04013,Customer_04013,Retail,Guwahati
C04014,Customer_04014,Wholesale,Indore
C04015,Customer_04015,Corporate,Lucknow
C04016,Customer_04016,Online,Chandigarh
C04017,Customer_04017,Wholesale,Ahmedabad
C04018,Customer_04018,Wholesale,Kochi
C04019,Customer_04019,Retail,Lucknow
C04020,Customer_04020,Corporate,Bengaluru
C04021,Customer_04021,Online,Patna
C04022,Customer_04022,Retail,Guwahati
C04023,Customer_04023,Online,Hyderabad
C04024,Customer_04024,Retail,Mumbai
C04025,Customer_04025,Corporate,Raipur
C04026,Customer_04026,Retail,Bengaluru
C04027,Customer_04027,Online,Bengaluru
C04028,Customer_04028,Retail,Kochi
C04029,Customer_04029,Online,Bengaluru
C04030,Customer_04030,Online,Hyderabad
C04031,Customer_04031,Online,Pune
C04032,Customer_04032,Online,Delhi
C04033,Customer_04033,Online,Bhopal
C04034,Customer_04034,Retail,Chandigarh
C04035,Customer_04035,Retail,Bengaluru
C04036,Customer_04036,Retail,Jaipur
C04037,Customer_04037,Corporate,Surat
C04038,Customer_04038,Retail,Kolkata
C04039,Customer_04039,Online,Lucknow
C04040,Customer_04040,Online,Raipur
C04041,Customer_04041,Retail,Pune
C04042,Customer_04042,Retail,Kolkata
C04043,Customer_04043,Retail,Surat
C04044,Customer_04044,Wholesale,Bengaluru
C04045,Customer_04045,Retail,Bhubaneswar
C04046,Customer_04046,Retail,Bhopal
C04047,Customer_04047,Online,Patna
C04048,Customer_04048,Corporate,Nagpur
C04049,Customer_04049,Retail,Kochi
C04050,Customer_04050,Retail,Raipur
C04051,Customer_04051,Retail,Surat
C04052,Customer_04052,Online,Chandigarh
C04053,Customer_04053,Online,Ahmedabad
C04054,Customer_04054,Retail,Surat
C04055,Customer_04055,Retail,Guwahati
C04056,Customer_04056,Online,Hyderabad
C04057,Customer_04057,Online,Jaipur
C04058,Customer_04058,Retail,Bhopal
C04059,Customer_04059,Online,Guwahati
C04060,Customer_04060,Retail,Hyderabad
C04061,Customer_04061,Retail,Jaipur
C04062,Customer_04062,Online,Pune
C04063,Customer_04063,Online,Bengaluru
C04064,Customer_04064,Wholesale,Kochi
C04065,Customer_04065,Corporate,Hyderabad
C04066,Customer_04066,Wholesale,Mumbai
C04067,Customer_04067,Online,Nagpur
C04068,Customer_04068,Wholesale,Bhubaneswar
C04069,Customer_04069,Online,Indore
C04070,Customer_04070,Corporate,Delhi
C04071,Customer_04071,Retail,Guwahati
C04072,Customer_04072,Corporate,Lucknow
C04073,Customer_04073,Online,Pune
C04074,Customer_04074,Online,Raipur
C04075,Customer_04075,Retail,Hyderabad
C04076,Customer_04076,Online,Patna
C04077,Customer_04077,Online,Chennai
C04078,Customer_04078,Retail,Chandigarh
C04079,Customer_04079,Corporate,Chennai
C04080,Customer_04080,Retail,Chennai
C04081,Customer_04081,Retail,Ahmedabad
C04082,Customer_04082,Wholesale,Mumbai
C04083,Customer_04083,Online,Indore
C04084,Customer_04084,Online,Jaipur
C04085,Customer_04085,Retail,Ahmedabad
C04086,Customer_04086,Corporate,Surat
C04087,Customer_04087,Retail,Bhopal
C04088,Customer_04088,Retail,Bhubaneswar
C04089,Customer_04089,Retail,Bhopal
C04090,Customer_04090,Online,Hyderabad
C04091,Customer_04091,Corporate,Chennai
C04092,Customer_04092,Online,Surat
C04093,Customer_04093,Online,Ahmedabad
C04094,Customer_04094,Retail,Indore
C04095,Customer_04095,Wholesale,Raipur
C04096,Customer_04096,Wholesale,Jaipur
C04097,Customer_04097,Wholesale,Kochi
C04098,Customer_04098,Retail,Indore
C04099,Customer_04099,Online,Guwahati
C04100,Customer_04100,Wholesale,Delhi
C04101,Customer_04101,Online,Indore
C04102,Customer_04102,Wholesale,Mumbai
C04103,Customer_04103,Retail,Nagpur
C04104,Customer_04104,Online,Mumbai
C04105,Customer_04105,Retail,Pune
C04106,Customer_04106,Online,Kochi
C04107,Customer_04107,Online,Chennai
C04108,Customer_04108,Retail,Raipur
C04109,Customer_04109,Corporate,Nagpur
C04110,Customer_04110,Wholesale,Bhubaneswar
C04111,Customer_04111,Retail,Jaipur
C04112,Customer_04112,Online,Lucknow
C04113,Customer_04113,Retail,Bhopal
C04114,Customer_04114,Online,Chennai
C04115,Customer_04115,Online,Bhubaneswar
C04116,Customer_04116,Corporate,Lucknow
C04117,Customer_04117,Wholesale,Raipur
C04118,Customer_04118,Wholesale,Hyderabad
C04119,Customer_04119,Online,Chennai
C04120,Customer_04120,Retail,Hyderabad
C04121,Customer_04121,Wholesale,Surat
C04122,Customer_04122,Wholesale,Chennai
C04123,Customer_04123,Retail,Nagpur
C04124,Customer_04124,Wholesale,Guwahati
C04125,Customer_04125,Online,Raipur
C04126,Customer_04126,Online,Bengaluru
C04127,Customer_04127,Retail,Patna
C04128,Customer_04128,Retail,Chandigarh
C04129,Customer_04129,Retail,Delhi
C04130,Customer_04130,Online,Bhopal
C04131,Customer_04131,Retail,Patna
C04132,Customer_04132,Online,Raipur
C04133,Customer_04133,Retail,Patna
C04134,Customer_04134,Online,Bhubaneswar
C04135,Customer_04135,Retail,Indore
C04136,Customer_04136,Online,Kolkata
C04137,Customer_04137,Retail,Hyderabad
C04138,Customer_04138,Online,Kolkata
C04139,Customer_04139,Retail,Bhubaneswar
C04140,Customer_04140,Online,Raipur
C04141,Customer_04141,Online,Jaipur
C04142,Customer_04142,Retail,Mumbai
C04143,Customer_04143,Online,Bhubaneswar
C04144,Customer_04144,Online,Pune
C04145,Customer_04145,Retail,Kolkata
C04146,Customer_04146,Wholesale,Raipur
C04147,Customer_04147,Retail,Nagpur
C04148,Customer_04148,Online,Kolkata
C04149,Customer_04149,Online,Bhopal
C04150,Customer_04150,Retail,Raipur
C04151,Customer_04151,Wholesale,Bhubaneswar
C04152,Customer_04152,Online,Jaipur
C04153,Customer_04153,Corporate,Kolkata
C04154,Customer_04154,Wholesale,Chandigarh
C04155,Customer_04155,Corporate,Nagpur
C04156,Customer_04156,Wholesale,Lucknow
C04157,Customer_04157,Retail,Bhopal
C04158,Customer_04158,Online,Jaipur
C04159,Customer_04159,Wholesale,Delhi
C04160,Customer_04160,Wholesale,Kolkata
C04161,Customer_04161,Wholesale,Jaipur
C04162,Customer_04162,Online,Nagpur
C04163,Customer_04163,Online,Kolkata
C04164,Customer_04164,Wholesale,Chandigarh
C04165,Customer_04165,Retail,Guwahati
C04166,Customer_04166,Wholesale,Ahmedabad
C04167,Customer_04167,Online,Patna
C04168,Customer_04168,Retail,Pune
C04169,Customer_04169,Online,Surat
C04170,Customer_04170,Wholesale,Bhubaneswar
C04171,Customer_04171,Retail,Bhopal
C04172,Customer_04172,Retail,Raipur
C04173,Customer_04173,Retail,Indore
C04174,Customer_04174,Corporate,Hyderabad
C04175,Customer_04175,Retail,Pune
C04176,Customer_04176,Retail,Kolkata
C04177,Customer_04177,Wholesale,Raipur
C04178,Customer_04178,Retail,Raipur
C04179,Customer_04179,Retail,Patna
C04180,Customer_04180,Retail,Surat
C04181,Customer_04181,Wholesale,Bhubaneswar
C04182,Customer_04182,Online,Hyderabad
C04183,Customer_04183,Retail,Bengaluru
C04184,Customer_04184,Wholesale,Patna
C04185,Customer_04185,Corporate,Surat
C04186,Customer_04186,Retail,Indore
C04187,Customer_04187,Retail,Hyderabad
C04188,Customer_04188,Retail,Chennai
C04189,Customer_04189,Wholesale,Ahmedabad
C04190,Customer_04190,Online,Kochi
C04191,Customer_04191,Retail,Bengaluru
C04192,Customer_04192,Online,Pune
C04193,Customer_04193,Retail,Patna
C04194,Customer_04194,Wholesale,Raipur
C04195,Customer_04195,Online,Bhopal
C04196,Customer_04196,Retail,Kochi
C04197,Customer_04197,Online,Nagpur
C04198,Customer_04198,Retail,Kolkata
C04199,Customer_04199,Online,Bengaluru
C04200,Customer_04200,Retail,Nagpur
C04201,Customer_04201,Online,Jaipur
C04202,Customer_04202,Retail,Delhi
C04203,Customer_04203,Online,Lucknow
C04204,Customer_04204,Retail,Chandigarh
C04205,Customer_04205,Online,Lucknow
C04206,Customer_04206,Retail,Hyderabad
C04207,Customer_04207,Corporate,Pune
C04208,Customer_04208,Retail,Pune
C04209,Customer_04209,Retail,Kochi
C04210,Customer_04210,Wholesale,Bengaluru
C04211,Customer_04211,Retail,Kolkata
C04212,Customer_04212,Retail,Mumbai
C04213,Customer_04213,Corporate,Delhi
C04214,Customer_04214,Corporate,Chennai
C04215,Customer_04215,Retail,Chandigarh
C04216,Customer_04216,Corporate,Ahmedabad
C04217,Customer_04217,Wholesale,Bhopal
C04218,Customer_04218,Retail,Nagpur
C04219,Customer_04219,Online,Chennai
C04220,Customer_04220,Online,Guwahati
C04221,Customer_04221,Corporate,Chandigarh
C04222,Customer_04222,Retail,Chennai
C04223,Customer_04223,Online,Kolkata
C04224,Customer_04224,Retail,Lucknow
C04225,Customer_04225,Retail,Surat
C04226,Customer_04226,Retail,Indore
C04227,Customer_04227,Corporate,Kolkata
C04228,Customer_04228,Online,Jaipur
C04229,Customer_04229,Online,Hyderabad
C04230,Customer_04230,Wholesale,Delhi
C04231,Customer_04231,Retail,Chennai
C04232,Customer_04232,Retail,Nagpur
C04233,Customer_04233,Retail,Raipur
C04234,Customer_04234,Retail,Delhi
C04235,Customer_04235,Online,Lucknow
C04236,Customer_04236,Wholesale,Chennai
C04237,Customer_04237,Retail,Bengaluru
C04238,Customer_04238,Retail,Guwahati
C04239,Customer_04239,Retail,Patna
C04240,Customer_04240,Wholesale,Kolkata
C04241,Customer_04241,Corporate,Jaipur
C04242,Customer_04242,Online,Kolkata
C04243,Customer_04243,Online,Delhi
C04244,Customer_04244,Wholesale,Indore
C04245,Customer_04245,Retail,Mumbai
C04246,Customer_04246,Retail,Nagpur
C04247,Customer_04247,Online,Delhi
C04248,Customer_04248,Online,Delhi
C04249,Customer_04249,Retail,Ahmedabad
C04250,Customer_04250,Wholesale,Kochi
C04251,Customer_04251,Wholesale,Hyderabad
C04252,Customer_04252,Online,Hyderabad
C04253,Customer_04253,Corporate,Bhubaneswar
C04254,Customer_04254,Online,Hyderabad
C04255,Customer_04255,Wholesale,Guwahati
C04256,Customer_04256,Retail,Kolkata
C04257,Customer_04257,Retail,Bengaluru
C04258,Customer_04258,Retail,Kochi
C04259,Customer_04259,Retail,Surat
C04260,Customer_04260,Online,Mumbai
C04261,Customer_04261,Online,Bhubaneswar
C04262,Customer_04262,Retail,Ahmedabad
C04263,Customer_04263,Online,Guwahati
C04264,Customer_04264,Retail,Jaipur
C04265,Customer_04265,Retail,Bhubaneswar
C04266,Customer_04266,Retail,Guwahati
C04267,Customer_04267,Retail,Pune
C04268,Customer_04268,Retail,Jaipur
C04269,Customer_04269,Wholesale,Indore
C04270,Customer_04270,Wholesale,Indore
C04271,Customer_04271,Corporate,Raipur
C04272,Customer_04272,Retail,Lucknow
C04273,Customer_04273,Retail,Bengaluru
C04274,Customer_04274,Retail,Chandigarh
C04275,Customer_04275,Online,Ahmedabad
C04276,Customer_04276,Retail,Guwahati
C04277,Customer_04277,Online,Patna
C04278,Customer_04278,Wholesale,Pune
C04279,Customer_04279,Wholesale,Surat
C04280,Customer_04280,Online,Guwahati
C04281,Customer_04281,Retail,Kochi
C04282,Customer_04282,Retail,Chennai
C04283,Customer_04283,Retail,Chennai
C04284,Customer_04284,Online,Pune
C04285,Customer_04285,Retail,Kolkata
C04286,Customer_04286,Retail,Bhubaneswar
C04287,Customer_04287,Corporate,Patna
C04288,Customer_04288,Retail,Delhi
C04289,Customer_04289,Online,Jaipur
C04290,Customer_04290,Online,Nagpur
C04291,Customer_04291,Retail,Chandigarh
C04292,Customer_04292,Retail,Bengaluru
C04293,Customer_04293,Retail,Chennai
C04294,Customer_04294,Online,Bengaluru
C04295,Customer_04295,Online,Hyderabad
C04296,Customer_04296,Online,Bhopal
C04297,Customer_04297,Corporate,Chennai
C04298,Customer_04298,Online,Surat
C04299,Customer_04299,Retail,Pune
C04300,Customer_04300,Retail,Ahmedabad
C04301,Customer_04301,Online,Chandigarh
C04302,Customer_04302,Retail,Patna
C04303,Customer_04303,Retail,Indore
C04304,Customer_04304,Online,Ahmedabad
C04305,Customer_04305,Wholesale,Ahmedabad
C04306,Customer_04306,Corporate,Bengaluru
C04307,Customer_04307,Online,Pune
C04308,Customer_04308,Retail,Chennai
C04309,Customer_04309,Corporate,Kochi
C04310,Customer_04310,Retail,Bhubaneswar
C04311,Customer_04311,Retail,Delhi
C04312,Customer_04312,Wholesale,Bengaluru
C04313,Customer_04313,Retail,Kochi
C04314,Customer_04314,Wholesale,Bhubaneswar
C04315,Customer_04315,Retail,Kochi
C04316,Customer_04316,Wholesale,Bhopal
C04317,Customer_04317,Retail,Jaipur
C04318,Customer_04318,Online,Bhopal
C04319,Customer_04319,Online,Surat
C04320,Customer_04320,Retail,Delhi
C04321,Customer_04321,Retail,Mumbai
C04322,Customer_04322,Retail,Bengaluru
C04323,Customer_04323,Retail,Patna
C04324,Customer_04324,Online,Raipur
C04325,Customer_04325,Online,Surat
C04326,Customer_04326,Retail,Chennai
C04327,Customer_04327,Retail,Nagpur
C04328,Customer_04328,Retail,Bhopal
C04329,Customer_04329,Online,Surat
C04330,Customer_04330,Retail,Chennai
C04331,Customer_04331,Corporate,Patna
C04332,Customer_04332,Online,Mumbai
C04333,Customer_04333,Retail,Indore
C04334,Customer_04334,Online,Nagpur
C04335,Customer_04335,Corporate,Jaipur
C04336,Customer_04336,Online,Hyderabad
C04337,Customer_04337,Retail,Chandigarh
C04338,Customer_04338,Retail,Kolkata
C04339,Customer_04339,Online,Surat
C04340,Customer_04340,Online,Raipur
C04341,Customer_04341,Online,Chennai
C04342,Customer_04342,Online,Nagpur
C04343,Customer_04343,Online,Lucknow
C04344,Customer_04344,Corporate,Jaipur
C04345,Customer_04345,Retail,Surat
C04346,Customer_04346,Wholesale,Hyderabad
C04347,Customer_04347,Online,Hyderabad
C04348,Customer_04348,Online,Pune
C04349,Customer_04349,Online,Delhi
C04350,Customer_04350,Retail,Lucknow
C04351,Customer_04351,Online,Delhi
C04352,Customer_04352,Online,Raipur
C04353,Customer_04353,Retail,Patna
C04354,Customer_04354,Wholesale,Delhi
C04355,Customer_04355,Retail,Guwahati
C04356,Customer_04356,Retail,Guwahati
C04357,Customer_04357,Retail,Hyderabad
C04358,Customer_04358,Wholesale,Ahmedabad
C04359,Customer_04359,Wholesale,Raipur
C04360,Customer_04360,Online,Bhubaneswar
C04361,Customer_04361,Online,Raipur
C04362,Customer_04362,Online,Kochi
C04363,Customer_04363,Retail,Chandigarh
C04364,Customer_04364,Retail,Bhubaneswar
C04365,Customer_04365,Online,Ahmedabad
C04366,Customer_04366,Retail,Chennai
C04367,Customer_04367,Corporate,Indore
C04368,Customer_04368,Online,Lucknow
C04369,Customer_04369,Wholesale,Indore
C04370,Customer_04370,Corporate,Mumbai
C04371,Customer_04371,Retail,Kolkata
C04372,Customer_04372,Retail,Surat
C04373,Customer_04373,Online,Raipur
C04374,Customer_04374,Retail,Indore
C04375,Customer_04375,Corporate,Pune
C04376,Customer_04376,Retail,Ahmedabad
C04377,Customer_04377,Wholesale,Pune
C04378,Customer_04378,Online,Jaipur
C04379,Customer_04379,Online,Bhopal
C04380,Customer_04380,Retail,Bengaluru
C04381,Customer_04381,Retail,Chandigarh
C04382,Customer_04382,Online,Jaipur
C04383,Customer_04383,Retail,Lucknow
C04384,Customer_04384,Online,Hyderabad
C04385,Customer_04385,Online,Surat
C04386,Customer_04386,Online,Bhopal
C04387,Customer_04387,Online,Bhubaneswar
C04388,Customer_04388,Retail,Bhubaneswar
C04389,Customer_04389,Online,Indore
C04390,Customer_04390,Online,Hyderabad
C04391,Customer_04391,Wholesale,Kolkata
C04392,Customer_04392,Corporate,Delhi
C04393,Customer_04393,Wholesale,Kolkata
C04394,Customer_04394,Retail,Nagpur
C04395,Customer_04395,Retail,Chandigarh
C04396,Customer_04396,Corporate,Patna
C04397,Customer_04397,Retail,Bhopal
C04398,Customer_04398,Online,Bengaluru
C04399,Customer_04399,Online,Bhopal
C04400,Customer_04400,Retail,Bengaluru
C04401,Customer_04401,Retail,Lucknow
C04402,Customer_04402,Online,Raipur
C04403,Customer_04403,Retail,Mumbai
C04404,Customer_04404,Online,Pune
C04405,Customer_04405,Wholesale,Ahmedabad
C04406,Customer_04406,Wholesale,Ahmedabad
C04407,Customer_04407,Online,Ahmedabad
C04408,Customer_04408,Retail,Bengaluru
C04409,Customer_04409,Wholesale,Raipur
C04410,Customer_04410,Retail,Chandigarh
C04411,Customer_04411,Retail,Mumbai
C04412,Customer_04412,Wholesale,Surat
C04413,Customer_04413,Online,Delhi
C04414,Customer_04414,Retail,
C04415,Customer_04415,Wholesale,Ahmedabad
C04416,Customer_04416,Online,Chennai
C04417,Customer_04417,Retail,Jaipur
C04418,Customer_04418,Retail,Nagpur
C04419,Customer_04419,Corporate,Indore
C04420,Customer_04420,Online,Chennai
C04421,Customer_04421,Online,Guwahati
C04422,Customer_04422,Online,Chennai
C04423,Customer_04423,Retail,Mumbai
C04424,Customer_04424,Online,Guwahati
C04425,Customer_04425,Wholesale,Pune
C04426,Customer_04426,Wholesale,Indore
C04427,Customer_04427,Retail,Delhi
C04428,Customer_04428,Retail,Mumbai
C04429,Customer_04429,Retail,Indore
C04430,Customer_04430,Corporate,Kochi
C04431,Customer_04431,Wholesale,Ahmedabad
C04432,Customer_04432,Wholesale,Raipur
C04433,Customer_04433,Retail,Delhi
C04434,Customer_04434,Retail,Pune
C04435,Customer_04435,Online,Raipur
C04436,Customer_04436,Wholesale,Mumbai
C04437,Customer_04437,Wholesale,Chandigarh
C04438,Customer_04438,Retail,Ahmedabad
C04439,Customer_04439,Online,Surat
C04440,Customer_04440,Retail,Bhopal
C04441,Customer_04441,Retail,Kolkata
C04442,Customer_04442,Wholesale,Ahmedabad
C04443,Customer_04443,Retail,Patna
C04444,Customer_04444,Retail,Bengaluru
C04445,Customer_04445,Online,Surat
C04446,Customer_04446,Online,Guwahati
C04447,Customer_04447,Online,Hyderabad
C04448,Customer_04448,Wholesale,Bhopal
C04449,Customer_04449,Retail,Pune
C04450,Customer_04450,Retail,Indore
C04451,Customer_04451,Corporate,Bengaluru
C04452,Customer_04452,Online,Indore
C04453,Customer_04453,Online,Nagpur
C04454,Customer_04454,Retail,Jaipur
C04455,Customer_04455,Wholesale,Chennai
C04456,Customer_04456,Retail,Indore
C04457,Customer_04457,Online,Guwahati
C04458,Customer_04458,Corporate,Chennai
C04459,Customer_04459,Corporate,Jaipur
C04460,Customer_04460,Wholesale,Ahmedabad
C04461,Customer_04461,Wholesale,Nagpur
C04462,Customer_04462,Corporate,Patna
C04463,Customer_04463,Online,Lucknow
C04464,Customer_04464,Retail,Hyderabad
C04465,Customer_04465,Wholesale,Bhopal
C04466,Customer_04466,Retail,Lucknow
C04467,Customer_04467,Wholesale,Chandigarh
C04468,Customer_04468,Wholesale,Guwahati
C04469,Customer_04469,Online,Ahmedabad
C04470,Customer_04470,Retail,Ahmedabad
C04471,Customer_04471,Retail,Surat
C04472,Customer_04472,Wholesale,Bengaluru
C04473,Customer_04473,Online,Jaipur
C04474,Customer_04474,Online,Kochi
C04475,Customer_04475,Retail,Chandigarh
C04476,Customer_04476,Corporate,Bhubaneswar
C04477,Customer_04477,Corporate,Bhubaneswar
C04478,Customer_04478,Retail,Hyderabad
C04479,Customer_04479,Retail,Hyderabad
C04480,Customer_04480,Online,Patna
C04481,Customer_04481,Online,Nagpur
C04482,Customer_04482,Corporate,Surat
C04483,Customer_04483,Online,Ahmedabad
C04484,Customer_04484,Online,Bhubaneswar
C04485,Customer_04485,Wholesale,Pune
C04486,Customer_04486,Retail,Bhopal
C04487,Customer_04487,Retail,Bhopal
C04488,Customer_04488,Wholesale,Chandigarh
C04489,Customer_04489,Online,Bengaluru
C04490,Customer_04490,Online,Ahmedabad
C04491,Customer_04491,Online,Bhopal
C04492,Customer_04492,Retail,Bengaluru
C04493,Customer_04493,Online,Kochi
C04494,Customer_04494,Retail,Lucknow
C04495,Customer_04495,Wholesale,Bengaluru
C04496,Customer_04496,Online,Kochi
C04497,Customer_04497,Online,Patna
C04498,Customer_04498,Corporate,Chandigarh
C04499,Customer_04499,Retail,Chandigarh
C04500,Customer_04500,Wholesale,Mumbai
C04501,Customer_04501,Retail,Hyderabad
C04502,Customer_04502,Wholesale,Ahmedabad
C04503,Customer_04503,Online,Bhopal
C04504,Customer_04504,Online,Bengaluru
C04505,Customer_04505,Online,Nagpur
C04506,Customer_04506,Retail,Bhubaneswar
C04507,Customer_04507,Online,Hyderabad
C04508,Customer_04508,Retail,Mumbai
C04509,Customer_04509,Online,Pune
C04510,Customer_04510,Retail,Chennai
C04511,Customer_04511,Retail,Surat
C04512,Customer_04512,Wholesale,Hyderabad
C04513,Customer_04513,Corporate,Lucknow
C04514,Customer_04514,Retail,Pune
C04515,Customer_04515,Retail,Hyderabad
C04516,Customer_04516,Online,Kochi
C04517,Customer_04517,Retail,Surat
C04518,Customer_04518,Retail,Lucknow
C04519,Customer_04519,Wholesale,Ahmedabad
C04520,Customer_04520,Retail,Hyderabad
C04521,Customer_04521,Corporate,Chandigarh
C04522,Customer_04522,Online,Nagpur
C04523,Customer_04523,Wholesale,Kolkata
C04524,Customer_04524,Corporate,Surat
C04525,Customer_04525,Wholesale,Chennai
C04526,Customer_04526,Retail,Jaipur
C04527,Customer_04527,Retail,Lucknow
C04528,Customer_04528,Wholesale,Nagpur
C04529,Customer_04529,Retail,Ahmedabad
C04530,Customer_04530,Corporate,Chandigarh
C04531,Customer_04531,Online,Bhopal
C04532,Customer_04532,Retail,Hyderabad
C04533,Customer_04533,Online,Raipur
C04534,Customer_04534,Online,Surat
C04535,Customer_04535,Corporate,Indore
C04536,Customer_04536,Online,Lucknow
C04537,Customer_04537,Wholesale,Chandigarh
C04538,Customer_04538,Online,Guwahati
C04539,Customer_04539,Online,Raipur
C04540,Customer_04540,Online,Chennai
C04541,Customer_04541,Retail,Surat
C04542,Customer_04542,Retail,Patna
C04543,Customer_04543,Wholesale,Raipur
C04544,Customer_04544,Retail,Chennai
C04545,Customer_04545,Retail,Kolkata
C04546,Customer_04546,Online,Lucknow
C04547,Customer_04547,Retail,Surat
C04548,Customer_04548,Online,Bhopal
C04549,Customer_04549,Wholesale,Hyderabad
C04550,Customer_04550,Corporate,Lucknow
C04551,Customer_04551,Wholesale,Kolkata
C04552,Customer_04552,Retail,Surat
C04553,Customer_04553,Online,Kolkata
C04554,Customer_04554,Online,Bhubaneswar
C04555,Customer_04555,Corporate,Bengaluru
C04556,Customer_04556,Wholesale,Lucknow
C04557,Customer_04557,Retail,Raipur
C04558,Customer_04558,Corporate,Bengaluru
C04559,Customer_04559,Retail,Pune
C04560,Customer_04560,Online,Guwahati
C04561,Customer_04561,Wholesale,Ahmedabad
C04562,Customer_04562,Retail,Kochi
C04563,Customer_04563,Retail,Bengaluru
C04564,Customer_04564,Retail,Bhopal
C04565,Customer_04565,Online,Bhubaneswar
C04566,Customer_04566,Corporate,Kochi
C04567,Customer_04567,Retail,
C04568,Customer_04568,Online,Bhopal
C04569,Customer_04569,Retail,Mumbai
C04570,Customer_04570,Wholesale,Bhubaneswar
C04571,Customer_04571,Retail,Nagpur
C04572,Customer_04572,Corporate,Raipur
C04573,Customer_04573,Online,Raipur
C04574,Customer_04574,Online,Jaipur
C04575,Customer_04575,Online,Raipur
C04576,Customer_04576,Online,Mumbai
C04577,Customer_04577,Corporate,Ahmedabad
C04578,Customer_04578,Online,Guwahati
C04579,Customer_04579,Corporate,Hyderabad
C04580,Customer_04580,Wholesale,Kochi
C04581,Customer_04581,Retail,Delhi
C04582,Customer_04582,Wholesale,Indore
C04583,Customer_04583,Retail,Jaipur
C04584,Customer_04584,Online,Bhubaneswar
C04585,Customer_04585,Wholesale,Kolkata
C04586,Customer_04586,Online,Chennai
C04587,Customer_04587,Retail,Kolkata
C04588,Customer_04588,Retail,Raipur
C04589,Customer_04589,Wholesale,Pune
C04590,Customer_04590,Corporate,Kolkata
C04591,Customer_04591,Retail,Lucknow
C04592,Customer_04592,Wholesale,Nagpur
C04593,Customer_04593,Online,Guwahati
C04594,Customer_04594,Online,Guwahati
C04595,Customer_04595,Retail,Bhopal
C04596,Customer_04596,Wholesale,Bhubaneswar
C04597,Customer_04597,Retail,Pune
C04598,Customer_04598,Corporate,Hyderabad
C04599,Customer_04599,Retail,Nagpur
C04600,Customer_04600,Retail,Chandigarh
C04601,Customer_04601,Retail,Bhubaneswar
C04602,Customer_04602,Retail,Chennai
C04603,Customer_04603,Online,Lucknow
C04604,Customer_04604,Retail,Jaipur
C04605,Customer_04605,Retail,Pune
C04606,Customer_04606,Wholesale,Kochi
C04607,Customer_04607,Retail,Indore
C04608,Customer_04608,Retail,Hyderabad
C04609,Customer_04609,Online,Chennai
C04610,Customer_04610,Online,Chandigarh
C04611,Customer_04611,Corporate,Ahmedabad
C04612,Customer_04612,Online,Mumbai
C04613,Customer_04613,Online,Bengaluru
C04614,Customer_04614,Retail,Chennai
C04615,Customer_04615,Online,Guwahati
C04616,Customer_04616,Online,Lucknow
C04617,Customer_04617,Online,Raipur
C04618,Customer_04618,Wholesale,Bhopal
C04619,Customer_04619,Retail,Surat
C04620,Customer_04620,Online,Chandigarh
C04621,Customer_04621,Online,Ahmedabad
C04622,Customer_04622,Corporate,Raipur
C04623,Customer_04623,Retail,Kochi
C04624,Customer_04624,Retail,Lucknow
C04625,Customer_04625,Retail,Lucknow
C04626,Customer_04626,Online,Kolkata
C04627,Customer_04627,Retail,Chennai
C04628,Customer_04628,Retail,Hyderabad
C04629,Customer_04629,Corporate,Pune
C04630,Customer_04630,Retail,Chandigarh
C04631,Customer_04631,Online,Mumbai
C04632,Customer_04632,Retail,Hyderabad
C04633,Customer_04633,Online,Bhubaneswar
C04634,Customer_04634,Online,Delhi
C04635,Customer_04635,Corporate,Bengaluru
C04636,Customer_04636,Corporate,Kolkata
C04637,Customer_04637,Retail,Nagpur
C04638,Customer_04638,Retail,Chennai
C04639,Customer_04639,Retail,Indore
C04640,Customer_04640,Online,Pune
C04641,Customer_04641,Online,Bhopal
C04642,Customer_04642,Wholesale,Chennai
C04643,Customer_04643,Online,Bhopal
C04644,Customer_04644,Retail,Lucknow
C04645,Customer_04645,Online,Hyderabad
C04646,Customer_04646,Corporate,Bhubaneswar
C04647,Customer_04647,Retail,Indore
C04648,Customer_04648,Wholesale,Chandigarh
C04649,Customer_04649,Retail,Surat
C04650,Customer_04650,Online,Pune
C04651,Customer_04651,Wholesale,Bhopal
C04652,Customer_04652,Retail,Mumbai
C04653,Customer_04653,Wholesale,Patna
C04654,Customer_04654,Retail,Bengaluru
C04655,Customer_04655,Wholesale,Jaipur
C04656,Customer_04656,Online,Raipur
C04657,Customer_04657,Retail,Mumbai
C04658,Customer_04658,Online,Kochi
C04659,Customer_04659,Online,Kolkata
C04660,Customer_04660,Retail,Pune
C04661,Customer_04661,Retail,Surat
C04662,Customer_04662,Online,Chandigarh
C04663,Customer_04663,Corporate,Kolkata
C04664,Customer_04664,Retail,Patna
C04665,Customer_04665,Retail,Indore
C04666,Customer_04666,Retail,Lucknow
C04667,Customer_04667,Online,Nagpur
C04668,Customer_04668,Retail,Chandigarh
C04669,Customer_04669,Retail,Kolkata
C04670,Customer_04670,Online,Delhi
C04671,Customer_04671,Online,Delhi
C04672,Customer_04672,Retail,Lucknow
C04673,Customer_04673,Wholesale,Bengaluru
C04674,Customer_04674,Online,Kochi
C04675,Customer_04675,Retail,Patna
C04676,Customer_04676,Retail,Jaipur
C04677,Customer_04677,Online,Patna
C04678,Customer_04678,Retail,Hyderabad
C04679,Customer_04679,Online,Lucknow
C04680,Customer_04680,Corporate,Raipur
C04681,Customer_04681,Retail,Kochi
C04682,Customer_04682,Retail,Hyderabad
C04683,Customer_04683,Online,Hyderabad
C04684,Customer_04684,Online,Jaipur
C04685,Customer_04685,Corporate,Ahmedabad
C04686,Customer_04686,Online,Bhopal
C04687,Customer_04687,Retail,Bhopal
C04688,Customer_04688,Online,Kolkata
C04689,Customer_04689,Wholesale,Lucknow
C04690,Customer_04690,Wholesale,Chennai
C04691,Customer_04691,Retail,Ahmedabad
C04692,Customer_04692,Retail,Lucknow
C04693,Customer_04693,Online,Lucknow
C04694,Customer_04694,Wholesale,Mumbai
C04695,Customer_04695,Retail,Bengaluru
C04696,Customer_04696,Retail,Jaipur
C04697,Customer_04697,Online,Nagpur
C04698,Customer_04698,Online,Bhopal
C04699,Customer_04699,Retail,Ahmedabad
C04700,Customer_04700,Retail,Bengaluru
C04701,Customer_04701,Retail,Pune
C04702,Customer_04702,Corporate,Delhi
C04703,Customer_04703,Online,Indore
C04704,Customer_04704,Wholesale,Patna
C04705,Customer_04705,Online,Pune
C04706,Customer_04706,Retail,Kolkata
C04707,Customer_04707,Online,Kolkata
C04708,Customer_04708,Wholesale,Indore
C04709,Customer_04709,Retail,Pune
C04710,Customer_04710,Retail,Guwahati
C04711,Customer_04711,Wholesale,Delhi
C04712,Customer_04712,Corporate,Hyderabad
C04713,Customer_04713,Retail,Hyderabad
C04714,Customer_04714,Online,Indore
C04715,Customer_04715,Online,Pune
C04716,Customer_04716,Retail,Surat
C04717,Customer_04717,Retail,Kochi
C04718,Customer_04718,Retail,Delhi
C04719,Customer_04719,Online,Hyderabad
C04720,Customer_04720,Retail,Kochi
C04721,Customer_04721,Retail,Ahmedabad
C04722,Customer_04722,Wholesale,Guwahati
C04723,Customer_04723,Online,Jaipur
C04724,Customer_04724,Retail,Surat
C04725,Customer_04725,Wholesale,Kochi
C04726,Customer_04726,Wholesale,Kolkata
C04727,Customer_04727,Wholesale,Jaipur
C04728,Customer_04728,Online,Indore
C04729,Customer_04729,Retail,Delhi
C04730,Customer_04730,Online,Chandigarh
C04731,Customer_04731,Online,Bengaluru
C04732,Customer_04732,Online,Bengaluru
C04733,Customer_04733,Online,Bhopal
C04734,Customer_04734,Wholesale,Nagpur
C04735,Customer_04735,Retail,Indore
C04736,Customer_04736,Online,Mumbai
C04737,Customer_04737,Wholesale,Pune
C04738,Customer_04738,Online,Kochi
C04739,Customer_04739,Retail,Hyderabad
C04740,Customer_04740,Corporate,Raipur
C04741,Customer_04741,Online,Ahmedabad
C04742,Customer_04742,Retail,Kolkata
C04743,Customer_04743,Wholesale,Pune
C04744,Customer_04744,Online,Bengaluru
C04745,Customer_04745,Online,Mumbai
C04746,Customer_04746,Wholesale,Bengaluru
C04747,Customer_04747,Online,Raipur
C04748,Customer_04748,Retail,Bhopal
C04749,Customer_04749,Wholesale,Raipur
C04750,Customer_04750,Online,Bhubaneswar
C04751,Customer_04751,Online,Patna
C04752,Customer_04752,Online,Kochi
C04753,Customer_04753,Online,Jaipur
C04754,Customer_04754,Retail,Bhubaneswar
C04755,Customer_04755,Online,Bengaluru
C04756,Customer_04756,Retail,Ahmedabad
C04757,Customer_04757,Retail,Bhopal
C04758,Customer_04758,Retail,Indore
C04759,Customer_04759,Wholesale,Bhopal
C04760,Customer_04760,Retail,Hyderabad
C04761,Customer_04761,Retail,Bhopal
C04762,Customer_04762,Retail,Guwahati
C04763,Customer_04763,Retail,Mumbai
C04764,Customer_04764,Online,Raipur
C04765,Customer_04765,Wholesale,Hyderabad
C04766,Customer_04766,Retail,Ahmedabad
C04767,Customer_04767,Online,Indore
C04768,Customer_04768,Online,Lucknow
C04769,Customer_04769,Online,Indore
C04770,Customer_04770,Retail,Patna
C04771,Customer_04771,Online,Ahmedabad
C04772,Customer_04772,Retail,Kolkata
C04773,Customer_04773,Retail,Chandigarh
C04774,Customer_04774,Retail,Chandigarh
C04775,Customer_04775,Online,Kolkata
C04776,Customer_04776,Retail,Surat
C04777,Customer_04777,Retail,Lucknow
C04778,Customer_04778,Retail,Delhi
C04779,Customer_04779,Online,Bhopal
C04780,Customer_04780,Online,Bengaluru
C04781,Customer_04781,Retail,Delhi
C04782,Customer_04782,Online,Mumbai
C04783,Customer_04783,Wholesale,Pune
C04784,Customer_04784,Online,Raipur
C04785,Customer_04785,Retail,Mumbai
C04786,Customer_04786,Online,Bhopal
C04787,Customer_04787,Retail,Jaipur
C04788,Customer_04788,Online,Delhi
C04789,Customer_04789,Retail,Jaipur
C04790,Customer_04790,Retail,Chandigarh
C04791,Customer_04791,Retail,Bengaluru
C04792,Customer_04792,Wholesale,Hyderabad
C04793,Customer_04793,Retail,Chandigarh
C04794,Customer_04794,Online,Pune
C04795,Customer_04795,Retail,Indore
C04796,Customer_04796,Online,Patna
C04797,Customer_04797,Online,Raipur
C04798,Customer_04798,Online,Kolkata
C04799,Customer_04799,Online,Patna
C04800,Customer_04800,Online,Chandigarh
C04801,Customer_04801,Retail,Bhubaneswar
C04802,Customer_04802,Online,Jaipur
C04803,Customer_04803,Retail,Chennai
C04804,Customer_04804,Online,Mumbai
C04805,Customer_04805,Online,Kolkata
C04806,Customer_04806,Retail,Ahmedabad
C04807,Customer_04807,Retail,Jaipur
C04808,Customer_04808,Wholesale,Patna
C04809,Customer_04809,Online,Indore
C04810,Customer_04810,Corporate,Hyderabad
C04811,Customer_04811,Wholesale,Bengaluru
C04812,Customer_04812,Online,Bhubaneswar
C04813,Customer_04813,Corporate,Hyderabad
C04814,Customer_04814,Retail,Bhopal
C04815,Customer_04815,Retail,Pune
C04816,Customer_04816,Online,Indore
C04817,Customer_04817,Online,Kochi
C04818,Customer_04818,Online,Mumbai
C04819,Customer_04819,Wholesale,Nagpur
C04820,Customer_04820,Retail,Delhi
C04821,Customer_04821,Wholesale,Lucknow
C04822,Customer_04822,Retail,Mumbai
C04823,Customer_04823,Retail,Mumbai
C04824,Customer_04824,Online,Surat
C04825,Customer_04825,Retail,Delhi
C04826,Customer_04826,Online,Bhopal
C04827,Customer_04827,Wholesale,Surat
C04828,Customer_04828,Online,Lucknow
C04829,Customer_04829,Retail,Ahmedabad
C04830,Customer_04830,Retail,Surat
C04831,Customer_04831,Retail,Pune
C04832,Customer_04832,Corporate,Jaipur
C04833,Customer_04833,Online,Indore
C04834,Customer_04834,Wholesale,Chandigarh
C04835,Customer_04835,Retail,Delhi
C04836,Customer_04836,Corporate,Surat
C04837,Customer_04837,Retail,Bhubaneswar
C04838,Customer_04838,Retail,Kolkata
C04839,Customer_04839,Online,Guwahati
C04840,Customer_04840,Corporate,Delhi
C04841,Customer_04841,Retail,Surat
C04842,Customer_04842,Retail,Patna
C04843,Customer_04843,Corporate,Kochi
C04844,Customer_04844,Retail,Kochi
C04845,Customer_04845,Retail,Hyderabad
C04846,Customer_04846,Online,Nagpur
C04847,Customer_04847,Online,Ahmedabad
C04848,Customer_04848,Wholesale,Jaipur
C04849,Customer_04849,Corporate,Jaipur
C04850,Customer_04850,Online,Surat
C04851,Customer_04851,Retail,Nagpur
C04852,Customer_04852,Corporate,Pune
C04853,Customer_04853,Wholesale,Indore
C04854,Customer_04854,Retail,Guwahati
C04855,Customer_04855,Online,Guwahati
C04856,Customer_04856,Retail,Bhopal
C04857,Customer_04857,Retail,Mumbai
C04858,Customer_04858,Retail,Guwahati
C04859,Customer_04859,Wholesale,Mumbai
C04860,Customer_04860,Online,Patna
C04861,Customer_04861,Online,Surat
C04862,Customer_04862,Corporate,Surat
C04863,Customer_04863,Retail,Hyderabad
C04864,Customer_04864,Retail,Indore
C04865,Customer_04865,Retail,Jaipur
C04866,Customer_04866,Retail,Nagpur
C04867,Customer_04867,Retail,Mumbai
C04868,Customer_04868,Online,Surat
C04869,Customer_04869,Corporate,Bhopal
C04870,Customer_04870,Corporate,Pune
C04871,Customer_04871,Retail,Kolkata
C04872,Customer_04872,Online,Pune
C04873,Customer_04873,Retail,Raipur
C04874,Customer_04874,Retail,Raipur
C04875,Customer_04875,Online,Raipur
C04876,Customer_04876,Online,Hyderabad
C04877,Customer_04877,Retail,Hyderabad
C04878,Customer_04878,Wholesale,Hyderabad
C04879,Customer_04879,Retail,Kochi
C04880,Customer_04880,Online,Kochi
C04881,Customer_04881,Wholesale,Chennai
C04882,Customer_04882,Corporate,Bengaluru
C04883,Customer_04883,Retail,Nagpur
C04884,Customer_04884,Retail,Lucknow
C04885,Customer_04885,Wholesale,Kochi
C04886,Customer_04886,Wholesale,Indore
C04887,Customer_04887,Retail,Chandigarh
C04888,Customer_04888,Online,Hyderabad
C04889,Customer_04889,Online,Delhi
C04890,Customer_04890,Corporate,Lucknow
C04891,Customer_04891,Online,Kolkata
C04892,Customer_04892,Online,Surat
C04893,Customer_04893,Online,Patna
C04894,Customer_04894,Online,Delhi
C04895,Customer_04895,Retail,Raipur
C04896,Customer_04896,Retail,Hyderabad
C04897,Customer_04897,Retail,Pune
C04898,Customer_04898,Wholesale,Kochi
C04899,Customer_04899,Retail,Bhopal
C04900,Customer_04900,Corporate,Mumbai
C04901,Customer_04901,Retail,Guwahati
C04902,Customer_04902,Retail,Jaipur
C04903,Customer_04903,Wholesale,Raipur
C04904,Customer_04904,Retail,Delhi
C04905,Customer_04905,Retail,Delhi
C04906,Customer_04906,Retail,Hyderabad
C04907,Customer_04907,Wholesale,Nagpur
C04908,Customer_04908,Wholesale,Delhi
C04909,Customer_04909,Online,Bhubaneswar
C04910,Customer_04910,Online,Ahmedabad
C04911,Customer_04911,Wholesale,Raipur
C04912,Customer_04912,Retail,Bengaluru
C04913,Customer_04913,Retail,Raipur
C04914,Customer_04914,Online,Kochi
C04915,Customer_04915,Retail,Ahmedabad
C04916,Customer_04916,Retail,Bhubaneswar
C04917,Customer_04917,Online,Jaipur
C04918,Customer_04918,Wholesale,Indore
C04919,Customer_04919,Retail,Bengaluru
C04920,Customer_04920,Retail,Surat
C04921,Customer_04921,Corporate,Jaipur
C04922,Customer_04922,Online,Mumbai
C04923,Customer_04923,Online,Kolkata
C04924,Customer_04924,Wholesale,Lucknow
C04925,Customer_04925,Wholesale,Chandigarh
C04926,Customer_04926,Corporate,Jaipur
C04927,Customer_04927,Corporate,Chennai
C04928,Customer_04928,Retail,Jaipur
C04929,Customer_04929,Online,Mumbai
C04930,Customer_04930,Retail,Chennai
C04931,Customer_04931,Retail,Jaipur
C04932,Customer_04932,Online,Mumbai
C04933,Customer_04933,Wholesale,Pune
C04934,Customer_04934,Corporate,Bhopal
C04935,Customer_04935,Retail,Ahmedabad
C04936,Customer_04936,Wholesale,Guwahati
C04937,Customer_04937,Corporate,Lucknow
C04938,Customer_04938,Corporate,Jaipur
C04939,Customer_04939,Retail,Lucknow
C04940,Customer_04940,Retail,Surat
C04941,Customer_04941,Online,Surat
C04942,Customer_04942,Retail,Lucknow
C04943,Customer_04943,Corporate,Hyderabad
C04944,Customer_04944,Corporate,Hyderabad
C04945,Customer_04945,Retail,Guwahati
C04946,Customer_04946,Retail,Nagpur
C04947,Customer_04947,Retail,Bhubaneswar
C04948,Customer_04948,Corporate,Lucknow
C04949,Customer_04949,Retail,Jaipur
C04950,Customer_04950,Wholesale,Lucknow
C04951,Customer_04951,Wholesale,Nagpur
C04952,Customer_04952,Online,Pune
C04953,Customer_04953,Retail,Nagpur
C04954,Customer_04954,Retail,Bhubaneswar
C04955,Customer_04955,Corporate,Mumbai
C04956,Customer_04956,Corporate,Mumbai
C04957,Customer_04957,Online,Kolkata
C04958,Customer_04958,Retail,Ahmedabad
C04959,Customer_04959,Retail,Kochi
C04960,Customer_04960,Online,Guwahati
C04961,Customer_04961,Retail,Bhubaneswar
C04962,Customer_04962,Corporate,Chennai
C04963,Customer_04963,Online,Nagpur
C04964,Customer_04964,Retail,Raipur
C04965,Customer_04965,Corporate,Raipur
C04966,Customer_04966,Corporate,Surat
C04967,Customer_04967,Retail,Hyderabad
C04968,Customer_04968,Wholesale,Guwahati
C04969,Customer_04969,Retail,Guwahati
C04970,Customer_04970,Retail,Guwahati
C04971,Customer_04971,Retail,Surat
C04972,Customer_04972,Online,Pune
C04973,Customer_04973,Corporate,Nagpur
C04974,Customer_04974,Wholesale,Ahmedabad
C04975,Customer_04975,Retail,Raipur
C04976,Customer_04976,Online,Bhopal
C04977,Customer_04977,Retail,Guwahati
C04978,Customer_04978,Online,Ahmedabad
C04979,Customer_04979,Wholesale,Indore
C04980,Customer_04980,Retail,Kochi
C04981,Customer_04981,Retail,Bengaluru
C04982,Customer_04982,Online,Mumbai
C04983,Customer_04983,Retail,Kolkata
C04984,Customer_04984,Online,Guwahati
C04985,Customer_04985,Retail,Indore
C04986,Customer_04986,Retail,Mumbai
C04987,Customer_04987,Wholesale,Kochi
C04988,Customer_04988,Corporate,Bhopal
C04989,Customer_04989,Corporate,Nagpur
C04990,Customer_04990,Retail,Jaipur
C04991,Customer_04991,Retail,Surat
C04992,Customer_04992,Retail,Bhopal
C04993,Customer_04993,Wholesale,Chennai
C04994,Customer_04994,Wholesale,Chandigarh
C04995,Customer_04995,Corporate,Kochi
C04996,Customer_04996,Corporate,Kolkata
C04997,Customer_04997,Retail,Jaipur
C04998,Customer_04998,Wholesale,Delhi
C04999,Customer_04999,Online,Indore
C05000,Customer_05000,Online,Kolkata
C05001,Customer_05001,Retail,Raipur
C05002,Customer_05002,Retail,Surat
C05003,Customer_05003,Wholesale,Kochi
C05004,Customer_05004,Retail,Bengaluru
C05005,Customer_05005,Retail,Raipur
C05006,Customer_05006,Retail,Bengaluru
C05007,Customer_05007,Online,Bengaluru
C05008,Customer_05008,Retail,Pune
C05009,Customer_05009,Retail,Bhubaneswar
C05010,Customer_05010,Retail,Delhi
C05011,Customer_05011,Online,Indore
C05012,Customer_05012,Online,Indore
C05013,Customer_05013,Wholesale,Mumbai
C05014,Customer_05014,Wholesale,Surat
C05015,Customer_05015,Corporate,Chandigarh
C05016,Customer_05016,Retail,Kolkata
C05017,Customer_05017,Retail,Indore
C05018,Customer_05018,Retail,Mumbai
C05019,Customer_05019,Retail,Indore
C05020,Customer_05020,Retail,Kochi
C05021,Customer_05021,Corporate,Bhopal
C05022,Customer_05022,Online,Bhubaneswar
C05023,Customer_05023,Wholesale,Kolkata
C05024,Customer_05024,Corporate,Indore
C05025,Customer_05025,Retail,Bengaluru
C05026,Customer_05026,Retail,Bhubaneswar
C05027,Customer_05027,Online,Pune
C05028,Customer_05028,Online,Indore
C05029,Customer_05029,Retail,Bengaluru
C05030,Customer_05030,Wholesale,Mumbai
C05031,Customer_05031,Online,Bhopal
C05032,Customer_05032,Online,Hyderabad
C05033,Customer_05033,Online,Ahmedabad
C05034,Customer_05034,Retail,Guwahati
C05035,Customer_05035,Retail,Indore
C05036,Customer_05036,Wholesale,Nagpur
C05037,Customer_05037,Retail,Patna
C05038,Customer_05038,Corporate,Chandigarh
C05039,Customer_05039,Wholesale,Surat
C05040,Customer_05040,Retail,Bhubaneswar
C05041,Customer_05041,Online,Bhopal
C05042,Customer_05042,Wholesale,Pune
C05043,Customer_05043,Retail,Mumbai
C05044,Customer_05044,Online,Chandigarh
C05045,Customer_05045,Online,Nagpur
C05046,Customer_05046,Online,Kochi
C05047,Customer_05047,Retail,Lucknow
C05048,Customer_05048,Online,Lucknow
C05049,Customer_05049,Online,Hyderabad
C05050,Customer_05050,Retail,Kochi
C05051,Customer_05051,Retail,Chandigarh
C05052,Customer_05052,Online,Ahmedabad
C05053,Customer_05053,Retail,Patna
C05054,Customer_05054,Online,Kolkata
C05055,Customer_05055,Wholesale,Jaipur
C05056,Customer_05056,Wholesale,Mumbai
C05057,Customer_05057,Retail,Chennai
C05058,Customer_05058,Online,Chandigarh
C05059,Customer_05059,Retail,Raipur
C05060,Customer_05060,Wholesale,Surat
C05061,Customer_05061,Online,Raipur
C05062,Customer_05062,Online,Indore
C05063,Customer_05063,Corporate,Lucknow
C05064,Customer_05064,Wholesale,Ahmedabad
C05065,Customer_05065,Retail,Raipur
C05066,Customer_05066,Corporate,Surat
C05067,Customer_05067,Online,Guwahati
C05068,Customer_05068,Retail,Indore
C05069,Customer_05069,Retail,Nagpur
C05070,Customer_05070,Online,Surat
C05071,Customer_05071,Retail,Kolkata
C05072,Customer_05072,Online,Indore
C05073,Customer_05073,Wholesale,Lucknow
C05074,Customer_05074,Retail,Surat
C05075,Customer_05075,Online,Pune
C05076,Customer_05076,Retail,Bhopal
C05077,Customer_05077,Wholesale,Kolkata
C05078,Customer_05078,Wholesale,Indore
C05079,Customer_05079,Wholesale,Kochi
C05080,Customer_05080,Online,Indore
C05081,Customer_05081,Online,Bengaluru
C05082,Customer_05082,Online,Jaipur
C05083,Customer_05083,Retail,Pune
C05084,Customer_05084,Retail,Mumbai
C05085,Customer_05085,Wholesale,Patna
C05086,Customer_05086,Corporate,Raipur
C05087,Customer_05087,Online,Lucknow
C05088,Customer_05088,Online,Hyderabad
C05089,Customer_05089,Retail,Bhubaneswar
C05090,Customer_05090,Wholesale,Jaipur
C05091,Customer_05091,Wholesale,Chandigarh
C05092,Customer_05092,Retail,Bengaluru
C05093,Customer_05093,Retail,Chennai
C05094,Customer_05094,Corporate,Mumbai
C05095,Customer_05095,Retail,Bhopal
C05096,Customer_05096,Retail,Kolkata
C05097,Customer_05097,Retail,Raipur
C05098,Customer_05098,Corporate,Kolkata
C05099,Customer_05099,Online,Delhi
C05100,Customer_05100,Online,Kochi
C05101,Customer_05101,Corporate,Bengaluru
C05102,Customer_05102,Retail,Chandigarh
C05103,Customer_05103,Online,Jaipur
C05104,Customer_05104,Retail,Patna
C05105,Customer_05105,Retail,Chandigarh
C05106,Customer_05106,Online,Kolkata
C05107,Customer_05107,Online,Bhopal
C05108,Customer_05108,Retail,Chennai
C05109,Customer_05109,Retail,Chennai
C05110,Customer_05110,Wholesale,Hyderabad
C05111,Customer_05111,Retail,Bhopal
C05112,Customer_05112,Retail,Bhopal
C05113,Customer_05113,Retail,Mumbai
C05114,Customer_05114,Retail,Bhubaneswar
C05115,Customer_05115,Online,Guwahati
C05116,Customer_05116,Retail,Ahmedabad
C05117,Customer_05117,Retail,Chennai
C05118,Customer_05118,Wholesale,Bhubaneswar
C05119,Customer_05119,Online,Patna
C05120,Customer_05120,Retail,Bengaluru
C05121,Customer_05121,Retail,Lucknow
C05122,Customer_05122,Retail,Delhi
C05123,Customer_05123,Online,Surat
C05124,Customer_05124,Online,Indore
C05125,Customer_05125,Online,Guwahati
C05126,Customer_05126,Corporate,Patna
C05127,Customer_05127,Online,Pune
C05128,Customer_05128,Online,Ahmedabad
C05129,Customer_05129,Wholesale,Kolkata
C05130,Customer_05130,Retail,Bengaluru
C05131,Customer_05131,Corporate,Chennai
C05132,Customer_05132,Retail,Raipur
C05133,Customer_05133,Retail,Guwahati
C05134,Customer_05134,Online,Patna
C05135,Customer_05135,Retail,Kolkata
C05136,Customer_05136,Online,Patna
C05137,Customer_05137,Online,Pune
C05138,Customer_05138,Wholesale,Chandigarh
C05139,Customer_05139,Online,Guwahati
C05140,Customer_05140,Retail,Delhi
C05141,Customer_05141,Wholesale,Kochi
C05142,Customer_05142,Wholesale,Nagpur
C05143,Customer_05143,Online,Kochi
C05144,Customer_05144,Online,Bhubaneswar
C05145,Customer_05145,Retail,Kochi
C05146,Customer_05146,Online,Mumbai
C05147,Customer_05147,Retail,Chandigarh
C05148,Customer_05148,Corporate,Guwahati
C05149,Customer_05149,Retail,Ahmedabad
C05150,Customer_05150,Online,Delhi
C05151,Customer_05151,Retail,Surat
C05152,Customer_05152,Retail,Bengaluru
C05153,Customer_05153,Wholesale,Kolkata
C05154,Customer_05154,Online,Chennai
C05155,Customer_05155,Wholesale,Bhopal
C05156,Customer_05156,Corporate,Kolkata
C05157,Customer_05157,Wholesale,Bengaluru
C05158,Customer_05158,Wholesale,Guwahati
C05159,Customer_05159,Retail,Delhi
C05160,Customer_05160,Online,Guwahati
C05161,Customer_05161,Retail,Bhubaneswar
C05162,Customer_05162,Online,Delhi
C05163,Customer_05163,Corporate,Chennai
C05164,Customer_05164,Corporate,Guwahati
C05165,Customer_05165,Wholesale,Pune
C05166,Customer_05166,Online,Bhubaneswar
C05167,Customer_05167,Online,Bengaluru
C05168,Customer_05168,Retail,Lucknow
C05169,Customer_05169,Online,Chennai
C05170,Customer_05170,Retail,Raipur
C05171,Customer_05171,Wholesale,Guwahati
C05172,Customer_05172,Retail,Guwahati
C05173,Customer_05173,Retail,Lucknow
C05174,Customer_05174,Retail,Kolkata
C05175,Customer_05175,Wholesale,Ahmedabad
C05176,Customer_05176,Online,Mumbai
C05177,Customer_05177,Retail,Kochi
C05178,Customer_05178,Wholesale,Lucknow
C05179,Customer_05179,Retail,Bhopal
C05180,Customer_05180,Online,Bengaluru
C05181,Customer_05181,Online,Jaipur
C05182,Customer_05182,Online,Jaipur
C05183,Customer_05183,Online,Kochi
C05184,Customer_05184,Retail,Chennai
C05185,Customer_05185,Online,Kolkata
C05186,Customer_05186,Wholesale,Indore
C05187,Customer_05187,Wholesale,Pune
C05188,Customer_05188,Online,Kolkata
C05189,Customer_05189,Retail,Lucknow
C05190,Customer_05190,Online,Indore
C05191,Customer_05191,Online,Nagpur
C05192,Customer_05192,Retail,Hyderabad
C05193,Customer_05193,Retail,Bhopal
C05194,Customer_05194,Retail,Raipur
C05195,Customer_05195,Corporate,Chandigarh
C05196,Customer_05196,Online,Patna
C05197,Customer_05197,Retail,Raipur
C05198,Customer_05198,Retail,Chennai
C05199,Customer_05199,Online,Patna
C05200,Customer_05200,Online,Kochi
C05201,Customer_05201,Retail,Bhopal
C05202,Customer_05202,Retail,Guwahati
C05203,Customer_05203,Online,Nagpur
C05204,Customer_05204,Retail,Chandigarh
C05205,Customer_05205,Retail,Kolkata
C05206,Customer_05206,Corporate,Hyderabad
C05207,Customer_05207,Online,Delhi
C05208,Customer_05208,Retail,Ahmedabad
C05209,Customer_05209,Retail,Kochi
C05210,Customer_05210,Retail,Raipur
C05211,Customer_05211,Retail,Chennai
C05212,Customer_05212,Online,Pune
C05213,Customer_05213,Wholesale,Kochi
C05214,Customer_05214,Online,Lucknow
C05215,Customer_05215,Corporate,Chennai
C05216,Customer_05216,Wholesale,Kolkata
C05217,Customer_05217,Retail,Pune
C05218,Customer_05218,Wholesale,Chennai
C05219,Customer_05219,Corporate,Pune
C05220,Customer_05220,Online,Delhi
C05221,Customer_05221,Retail,Guwahati
C05222,Customer_05222,Online,Bhopal
C05223,Customer_05223,Online,Hyderabad
C05224,Customer_05224,Corporate,Lucknow
C05225,Customer_05225,Retail,Ahmedabad
C05226,Customer_05226,Wholesale,Ahmedabad
C05227,Customer_05227,Online,Delhi
C05228,Customer_05228,Wholesale,Chennai
C05229,Customer_05229,Wholesale,Nagpur
C05230,Customer_05230,Retail,Kochi
C05231,Customer_05231,Retail,Kolkata
C05232,Customer_05232,Retail,Kochi
C05233,Customer_05233,Corporate,Kolkata
C05234,Customer_05234,Retail,Ahmedabad
C05235,Customer_05235,Wholesale,Bhubaneswar
C05236,Customer_05236,Online,Bhopal
C05237,Customer_05237,Retail,Chandigarh
C05238,Customer_05238,Wholesale,Kolkata
C05239,Customer_05239,Online,Bengaluru
C05240,Customer_05240,Online,Kolkata
C05241,Customer_05241,Online,Surat
C05242,Customer_05242,Online,Bhubaneswar
C05243,Customer_05243,Retail,Bhopal
C05244,Customer_05244,Corporate,Kolkata
C05245,Customer_05245,Retail,Bhopal
C05246,Customer_05246,Online,Kochi
C05247,Customer_05247,Retail,Ahmedabad
C05248,Customer_05248,Corporate,Delhi
C05249,Customer_05249,Online,Hyderabad
C05250,Customer_05250,Online,Kochi
C05251,Customer_05251,Retail,Jaipur
C05252,Customer_05252,Wholesale,Guwahati
C05253,Customer_05253,Online,Patna
C05254,Customer_05254,Online,Kolkata
C05255,Customer_05255,Retail,Ahmedabad
C05256,Customer_05256,Corporate,Bengaluru
C05257,Customer_05257,Online,Nagpur
C05258,Customer_05258,Retail,Delhi
C05259,Customer_05259,Online,Hyderabad
C05260,Customer_05260,Wholesale,Patna
C05261,Customer_05261,Wholesale,Delhi
C05262,Customer_05262,Retail,Bhopal
C05263,Customer_05263,Online,Bengaluru
C05264,Customer_05264,Online,Hyderabad
C05265,Customer_05265,Wholesale,Surat
C05266,Customer_05266,Online,Hyderabad
C05267,Customer_05267,Online,Bengaluru
C05268,Customer_05268,Online,Nagpur
C05269,Customer_05269,Retail,Raipur
C05270,Customer_05270,Online,Chandigarh
C05271,Customer_05271,Wholesale,Kolkata
C05272,Customer_05272,Retail,Nagpur
C05273,Customer_05273,Retail,Delhi
C05274,Customer_05274,Wholesale,Kochi
C05275,Customer_05275,Online,Chandigarh
C05276,Customer_05276,Retail,Delhi
C05277,Customer_05277,Online,Lucknow
C05278,Customer_05278,Retail,Delhi
C05279,Customer_05279,Wholesale,Bhopal
C05280,Customer_05280,Corporate,Kolkata
C05281,Customer_05281,Online,Chandigarh
C05282,Customer_05282,Retail,Mumbai
C05283,Customer_05283,Wholesale,Bengaluru
C05284,Customer_05284,Retail,Kochi
C05285,Customer_05285,Wholesale,Kochi
C05286,Customer_05286,Online,Hyderabad
C05287,Customer_05287,Online,Hyderabad
C05288,Customer_05288,Retail,Chandigarh
C05289,Customer_05289,Corporate,Patna
C05290,Customer_05290,Online,Surat
C05291,Customer_05291,Retail,Raipur
C05292,Customer_05292,Wholesale,Ahmedabad
C05293,Customer_05293,Online,Nagpur
C05294,Customer_05294,Online,Bhopal
C05295,Customer_05295,Wholesale,Ahmedabad
C05296,Customer_05296,Wholesale,Lucknow
C05297,Customer_05297,Retail,Chennai
C05298,Customer_05298,Online,Jaipur
C05299,Customer_05299,Wholesale,Bengaluru
C05300,Customer_05300,Retail,Guwahati
C05301,Customer_05301,Online,Bhopal
C05302,Customer_05302,Corporate,Ahmedabad
C05303,Customer_05303,Corporate,Bhubaneswar
C05304,Customer_05304,Retail,Chennai
C05305,Customer_05305,Retail,Delhi
C05306,Customer_05306,Wholesale,Pune
C05307,Customer_05307,Retail,Nagpur
C05308,Customer_05308,Corporate,Guwahati
C05309,Customer_05309,Retail,Nagpur
C05310,Customer_05310,Retail,Bengaluru
C05311,Customer_05311,Wholesale,Bhopal
C05312,Customer_05312,Retail,Chandigarh
C05313,Customer_05313,Online,Kolkata
C05314,Customer_05314,Wholesale,Bhubaneswar
C05315,Customer_05315,Retail,Lucknow
C05316,Customer_05316,Retail,Raipur
C05317,Customer_05317,Wholesale,Chandigarh
C05318,Customer_05318,Retail,Ahmedabad
C05319,Customer_05319,Online,Delhi
C05320,Customer_05320,Online,Bhopal
C05321,Customer_05321,Online,Jaipur
C05322,Customer_05322,Corporate,Bengaluru
C05323,Customer_05323,Corporate,Chandigarh
C05324,Customer_05324,Corporate,Lucknow
C05325,Customer_05325,Retail,Indore
C05326,Customer_05326,Retail,Pune
C05327,Customer_05327,Retail,Surat
C05328,Customer_05328,Online,Bhopal
C05329,Customer_05329,Corporate,Bhopal
C05330,Customer_05330,Online,Bhopal
C05331,Customer_05331,Retail,Hyderabad
C05332,Customer_05332,Corporate,Bhubaneswar
C05333,Customer_05333,Wholesale,Delhi
C05334,Customer_05334,Retail,Raipur
C05335,Customer_05335,Wholesale,Bhopal
C05336,Customer_05336,Retail,Bhopal
C05337,Customer_05337,Wholesale,Ahmedabad
C05338,Customer_05338,Retail,Raipur
C05339,Customer_05339,Wholesale,Jaipur
C05340,Customer_05340,Online,Raipur
C05341,Customer_05341,Online,Chandigarh
C05342,Customer_05342,Online,Bengaluru
C05343,Customer_05343,Wholesale,Bhubaneswar
C05344,Customer_05344,Online,Mumbai
C05345,Customer_05345,Corporate,Jaipur
C05346,Customer_05346,Retail,Hyderabad
C05347,Customer_05347,Wholesale,Kolkata
C05348,Customer_05348,Retail,Bhubaneswar
C05349,Customer_05349,Retail,Guwahati
C05350,Customer_05350,Online,Chandigarh
C05351,Customer_05351,Online,Kochi
C05352,Customer_05352,Retail,Nagpur
C05353,Customer_05353,Online,Chennai
C05354,Customer_05354,Online,Kochi
C05355,Customer_05355,Corporate,Kochi
C05356,Customer_05356,Retail,Delhi
C05357,Customer_05357,Corporate,Lucknow
C05358,Customer_05358,Retail,Chandigarh
C05359,Customer_05359,Online,Hyderabad
C05360,Customer_05360,Retail,Lucknow
C05361,Customer_05361,Retail,Bhubaneswar
C05362,Customer_05362,Online,Lucknow
C05363,Customer_05363,Wholesale,Pune
C05364,Customer_05364,Retail,Chandigarh
C05365,Customer_05365,Retail,Lucknow
C05366,Customer_05366,Online,Chandigarh
C05367,Customer_05367,Retail,Jaipur
C05368,Customer_05368,Online,Pune
C05369,Customer_05369,Retail,Nagpur
C05370,Customer_05370,Retail,Jaipur
C05371,Customer_05371,Retail,Bhubaneswar
C05372,Customer_05372,Wholesale,Mumbai
C05373,Customer_05373,Retail,Bhopal
C05374,Customer_05374,Retail,Jaipur
C05375,Customer_05375,Corporate,Nagpur
C05376,Customer_05376,Online,Kolkata
C05377,Customer_05377,Retail,Surat
C05378,Customer_05378,Wholesale,Surat
C05379,Customer_05379,Online,Raipur
C05380,Customer_05380,Retail,Chandigarh
C05381,Customer_05381,Retail,Bengaluru
C05382,Customer_05382,Online,Ahmedabad
C05383,Customer_05383,Online,Bengaluru
C05384,Customer_05384,Online,Ahmedabad
C05385,Customer_05385,Retail,Chandigarh
C05386,Customer_05386,Retail,Chandigarh
C05387,Customer_05387,Online,Mumbai
C05388,Customer_05388,Retail,Raipur
C05389,Customer_05389,Wholesale,Lucknow
C05390,Customer_05390,Wholesale,Chandigarh
C05391,Customer_05391,Retail,Guwahati
C05392,Customer_05392,Corporate,Lucknow
C05393,Customer_05393,Online,Patna
C05394,Customer_05394,Online,Delhi
C05395,Customer_05395,Retail,Lucknow
C05396,Customer_05396,Retail,Nagpur
C05397,Customer_05397,Wholesale,Nagpur
C05398,Customer_05398,Retail,Jaipur
C05399,Customer_05399,Corporate,Surat
C05400,Customer_05400,Retail,Ahmedabad
C05401,Customer_05401,Wholesale,Chandigarh
C05402,Customer_05402,Retail,Mumbai
C05403,Customer_05403,Online,Lucknow
C05404,Customer_05404,Retail,Bhopal
C05405,Customer_05405,Wholesale,Chennai
C05406,Customer_05406,Retail,Guwahati
C05407,Customer_05407,Online,Mumbai
C05408,Customer_05408,Retail,Surat
C05409,Customer_05409,Corporate,Raipur
C05410,Customer_05410,Online,Surat
C05411,Customer_05411,Retail,Delhi
C05412,Customer_05412,Online,Lucknow
C05413,Customer_05413,Retail,Kochi
C05414,Customer_05414,Corporate,Hyderabad
C05415,Customer_05415,Wholesale,Chennai
C05416,Customer_05416,Retail,Delhi
C05417,Customer_05417,Retail,Kochi
C05418,Customer_05418,Retail,Hyderabad
C05419,Customer_05419,Corporate,Chandigarh
C05420,Customer_05420,Retail,Indore
C05421,Customer_05421,Online,Pune
C05422,Customer_05422,Wholesale,Bhubaneswar
C05423,Customer_05423,Corporate,Delhi
C05424,Customer_05424,Retail,Delhi
C05425,Customer_05425,Wholesale,Guwahati
C05426,Customer_05426,Wholesale,Patna
C05427,Customer_05427,Online,Hyderabad
C05428,Customer_05428,Retail,Guwahati
C05429,Customer_05429,Retail,Mumbai
C05430,Customer_05430,Retail,Surat
C05431,Customer_05431,Online,Surat
C05432,Customer_05432,Retail,Ahmedabad
C05433,Customer_05433,Online,Surat
C05434,Customer_05434,Retail,Hyderabad
C05435,Customer_05435,Online,Jaipur
C05436,Customer_05436,Corporate,Guwahati
C05437,Customer_05437,Wholesale,Delhi
C05438,Customer_05438,Retail,Kolkata
C05439,Customer_05439,Retail,Kochi
C05440,Customer_05440,Retail,Bengaluru
C05441,Customer_05441,Retail,Bhopal
C05442,Customer_05442,Online,Indore
C05443,Customer_05443,Wholesale,Kochi
C05444,Customer_05444,Corporate,Bengaluru
C05445,Customer_05445,Retail,Bhubaneswar
C05446,Customer_05446,Online,Chennai
C05447,Customer_05447,Wholesale,Jaipur
C05448,Customer_05448,Wholesale,Kolkata
C05449,Customer_05449,Retail,Bengaluru
C05450,Customer_05450,Wholesale,Kolkata
C05451,Customer_05451,Wholesale,Kolkata
C05452,Customer_05452,Online,Surat
C05453,Customer_05453,Corporate,Indore
C05454,Customer_05454,Retail,Guwahati
C05455,Customer_05455,Retail,Kolkata
C05456,Customer_05456,Wholesale,Pune
C05457,Customer_05457,Wholesale,Bengaluru
C05458,Customer_05458,Retail,Bhubaneswar
C05459,Customer_05459,Online,Mumbai
C05460,Customer_05460,Corporate,Chandigarh
C05461,Customer_05461,Corporate,Ahmedabad
C05462,Customer_05462,Retail,Indore
C05463,Customer_05463,Online,Nagpur
C05464,Customer_05464,Online,Chennai
C05465,Customer_05465,Wholesale,Kochi
C05466,Customer_05466,Wholesale,Nagpur
C05467,Customer_05467,Online,Nagpur
C05468,Customer_05468,Wholesale,Patna
C05469,Customer_05469,Retail,Indore
C05470,Customer_05470,Wholesale,Bengaluru
C05471,Customer_05471,Online,Raipur
C05472,Customer_05472,Retail,Bengaluru
C05473,Customer_05473,Corporate,Delhi
C05474,Customer_05474,Online,Bhopal
C05475,Customer_05475,Online,Bengaluru
C05476,Customer_05476,Retail,Pune
C05477,Customer_05477,Online,Guwahati
C05478,Customer_05478,Retail,Kochi
C05479,Customer_05479,Retail,Bhopal
C05480,Customer_05480,Wholesale,Raipur
C05481,Customer_05481,Wholesale,Jaipur
C05482,Customer_05482,Online,Surat
C05483,Customer_05483,Retail,Bengaluru
C05484,Customer_05484,Wholesale,Mumbai
C05485,Customer_05485,Retail,Chandigarh
C05486,Customer_05486,Corporate,Guwahati
C05487,Customer_05487,Online,Mumbai
C05488,Customer_05488,Online,Delhi
C05489,Customer_05489,Retail,Kochi
C05490,Customer_05490,Retail,Bhubaneswar
C05491,Customer_05491,Corporate,Indore
C05492,Customer_05492,Retail,Delhi
C05493,Customer_05493,Wholesale,Bhopal
C05494,Customer_05494,Online,Bhubaneswar
C05495,Customer_05495,Retail,Jaipur
C05496,Customer_05496,Online,Delhi
C05497,Customer_05497,Wholesale,Bhubaneswar
C05498,Customer_05498,Retail,Kochi
C05499,Customer_05499,Retail,Chandigarh
C05500,Customer_05500,Retail,Bhubaneswar
C05501,Customer_05501,Online,Mumbai
C05502,Customer_05502,Online,Indore
C05503,Customer_05503,Retail,Lucknow
C05504,Customer_05504,Retail,Ahmedabad
C05505,Customer_05505,Online,Lucknow
C05506,Customer_05506,Online,Bengaluru
C05507,Customer_05507,Wholesale,Guwahati
C05508,Customer_05508,Retail,Lucknow
C05509,Customer_05509,Retail,Kolkata
C05510,Customer_05510,Online,Jaipur
C05511,Customer_05511,Corporate,Hyderabad
C05512,Customer_05512,Retail,Chennai
C05513,Customer_05513,Online,Mumbai
C05514,Customer_05514,Wholesale,Hyderabad
C05515,Customer_05515,Wholesale,Patna
C05516,Customer_05516,Retail,Kochi
C05517,Customer_05517,Online,Jaipur
C05518,Customer_05518,Wholesale,Bengaluru
C05519,Customer_05519,Wholesale,Guwahati
C05520,Customer_05520,Retail,Lucknow
C05521,Customer_05521,Retail,Surat
C05522,Customer_05522,Retail,Pune
C05523,Customer_05523,Online,Ahmedabad
C05524,Customer_05524,Retail,Jaipur
C05525,Customer_05525,Online,Ahmedabad
C05526,Customer_05526,Retail,Bengaluru
C05527,Customer_05527,Wholesale,Chandigarh
C05528,Customer_05528,Wholesale,Lucknow
C05529,Customer_05529,Retail,Jaipur
C05530,Customer_05530,Retail,Indore
C05531,Customer_05531,Retail,Kolkata
C05532,Customer_05532,Online,Nagpur
C05533,Customer_05533,Online,Indore
C05534,Customer_05534,Retail,Indore
C05535,Customer_05535,Wholesale,Guwahati
C05536,Customer_05536,Retail,Nagpur
C05537,Customer_05537,Retail,Ahmedabad
C05538,Customer_05538,Retail,Jaipur
C05539,Customer_05539,Online,Chandigarh
C05540,Customer_05540,Retail,Hyderabad
C05541,Customer_05541,Retail,Ahmedabad
C05542,Customer_05542,Retail,Bhubaneswar
C05543,Customer_05543,Retail,Chandigarh
C05544,Customer_05544,Online,Bhopal
C05545,Customer_05545,Retail,Chennai
C05546,Customer_05546,Retail,Bengaluru
C05547,Customer_05547,Online,Chandigarh
C05548,Customer_05548,Retail,Surat
C05549,Customer_05549,Online,Bengaluru
C05550,Customer_05550,Online,Jaipur
C05551,Customer_05551,Retail,Ahmedabad
C05552,Customer_05552,Online,Chandigarh
C05553,Customer_05553,Retail,Delhi
C05554,Customer_05554,Wholesale,Pune
C05555,Customer_05555,Wholesale,Pune
C05556,Customer_05556,Retail,Ahmedabad
C05557,Customer_05557,Online,Jaipur
C05558,Customer_05558,Online,Kochi
C05559,Customer_05559,Corporate,Bhubaneswar
C05560,Customer_05560,Online,Patna
C05561,Customer_05561,Wholesale,Delhi
C05562,Customer_05562,Retail,Delhi
C05563,Customer_05563,Retail,Kochi
C05564,Customer_05564,Wholesale,Surat
C05565,Customer_05565,Retail,Chandigarh
C05566,Customer_05566,Corporate,Raipur
C05567,Customer_05567,Retail,Pune
C05568,Customer_05568,Retail,Chandigarh
C05569,Customer_05569,Retail,Bhopal
C05570,Customer_05570,Online,Bengaluru
C05571,Customer_05571,Online,Indore
C05572,Customer_05572,Online,Lucknow
C05573,Customer_05573,Retail,Patna
C05574,Customer_05574,Online,Chandigarh
C05575,Customer_05575,Retail,Guwahati
C05576,Customer_05576,Online,Bengaluru
C05577,Customer_05577,Wholesale,Chennai
C05578,Customer_05578,Retail,Surat
C05579,Customer_05579,Wholesale,Mumbai
C05580,Customer_05580,Online,Bhubaneswar
C05581,Customer_05581,Retail,Kolkata
C05582,Customer_05582,Online,Bengaluru
C05583,Customer_05583,Wholesale,Bhopal
C05584,Customer_05584,Retail,Guwahati
C05585,Customer_05585,Retail,Bhubaneswar
C05586,Customer_05586,Wholesale,Raipur
C05587,Customer_05587,Wholesale,Pune
C05588,Customer_05588,Wholesale,Mumbai
C05589,Customer_05589,Online,Patna
C05590,Customer_05590,Wholesale,Mumbai
C05591,Customer_05591,Corporate,Ahmedabad
C05592,Customer_05592,Online,Ahmedabad
C05593,Customer_05593,Online,Bengaluru
C05594,Customer_05594,Retail,Chandigarh
C05595,Customer_05595,Retail,Kolkata
C05596,Customer_05596,Retail,Kolkata
C05597,Customer_05597,Online,Kochi
C05598,Customer_05598,Online,Delhi
C05599,Customer_05599,Retail,Lucknow
C05600,Customer_05600,Retail,Hyderabad
C05601,Customer_05601,Online,Raipur
C05602,Customer_05602,Retail,Indore
C05603,Customer_05603,Online,Delhi
C05604,Customer_05604,Wholesale,Indore
C05605,Customer_05605,Online,Raipur
C05606,Customer_05606,Retail,Nagpur
C05607,Customer_05607,Retail,Lucknow
C05608,Customer_05608,Online,Indore
C05609,Customer_05609,Corporate,Guwahati
C05610,Customer_05610,Wholesale,Jaipur
C05611,Customer_05611,Retail,Chennai
C05612,Customer_05612,Online,Indore
C05613,Customer_05613,Corporate,Pune
C05614,Customer_05614,Online,Jaipur
C05615,Customer_05615,Corporate,Bengaluru
C05616,Customer_05616,Retail,Guwahati
C05617,Customer_05617,Retail,Chennai
C05618,Customer_05618,Online,Nagpur
C05619,Customer_05619,Online,Surat
C05620,Customer_05620,Retail,Raipur
C05621,Customer_05621,Retail,Kochi
C05622,Customer_05622,Online,Jaipur
C05623,Customer_05623,Retail,Ahmedabad
C05624,Customer_05624,Retail,Surat
C05625,Customer_05625,Wholesale,Kochi
C05626,Customer_05626,Online,Nagpur
C05627,Customer_05627,Online,Chennai
C05628,Customer_05628,Retail,Ahmedabad
C05629,Customer_05629,Online,Hyderabad
C05630,Customer_05630,Online,Pune
C05631,Customer_05631,Wholesale,Raipur
C05632,Customer_05632,Online,Jaipur
C05633,Customer_05633,Retail,Delhi
C05634,Customer_05634,Retail,Kochi
C05635,Customer_05635,Retail,Mumbai
C05636,Customer_05636,Retail,Delhi
C05637,Customer_05637,Wholesale,Surat
C05638,Customer_05638,Online,Indore
C05639,Customer_05639,Online,Kochi
C05640,Customer_05640,Online,Ahmedabad
C05641,Customer_05641,Retail,Kochi
C05642,Customer_05642,Wholesale,Ahmedabad
C05643,Customer_05643,Retail,Ahmedabad
C05644,Customer_05644,Retail,Nagpur
C05645,Customer_05645,Retail,Kochi
C05646,Customer_05646,Online,Patna
C05647,Customer_05647,Corporate,Surat
C05648,Customer_05648,Retail,Mumbai
C05649,Customer_05649,Retail,Jaipur
C05650,Customer_05650,Online,Bengaluru
C05651,Customer_05651,Retail,Guwahati
C05652,Customer_05652,Online,Raipur
C05653,Customer_05653,Online,Bhubaneswar
C05654,Customer_05654,Corporate,Bhopal
C05655,Customer_05655,Wholesale,Kolkata
C05656,Customer_05656,Online,Bhubaneswar
C05657,Customer_05657,Wholesale,Bengaluru
C05658,Customer_05658,Online,Jaipur
C05659,Customer_05659,Wholesale,Guwahati
C05660,Customer_05660,Retail,Mumbai
C05661,Customer_05661,Wholesale,Pune
C05662,Customer_05662,Wholesale,Surat
C05663,Customer_05663,Online,Chandigarh
C05664,Customer_05664,Online,Guwahati
C05665,Customer_05665,Online,Nagpur
C05666,Customer_05666,Retail,Bhopal
C05667,Customer_05667,Online,Chennai
C05668,Customer_05668,Wholesale,Jaipur
C05669,Customer_05669,Online,Guwahati
C05670,Customer_05670,Corporate,Mumbai
C05671,Customer_05671,Retail,Jaipur
C05672,Customer_05672,Online,Lucknow
C05673,Customer_05673,Retail,Guwahati
C05674,Customer_05674,Retail,Bengaluru
C05675,Customer_05675,Wholesale,Kochi
C05676,Customer_05676,Retail,Chennai
C05677,Customer_05677,Online,Pune
C05678,Customer_05678,Retail,Mumbai
C05679,Customer_05679,Retail,Patna
C05680,Customer_05680,Online,Hyderabad
C05681,Customer_05681,Online,Kolkata
C05682,Customer_05682,Corporate,Hyderabad
C05683,Customer_05683,Online,Jaipur
C05684,Customer_05684,Online,Raipur
C05685,Customer_05685,Retail,Nagpur
C05686,Customer_05686,Retail,Bengaluru
C05687,Customer_05687,Retail,Bhubaneswar
C05688,Customer_05688,Wholesale,Mumbai
C05689,Customer_05689,Online,Bengaluru
C05690,Customer_05690,Wholesale,Bengaluru
C05691,Customer_05691,Online,Surat
C05692,Customer_05692,Wholesale,Bengaluru
C05693,Customer_05693,Retail,Delhi
C05694,Customer_05694,Retail,Pune
C05695,Customer_05695,Online,Jaipur
C05696,Customer_05696,Online,Bhopal
C05697,Customer_05697,Online,Ahmedabad
C05698,Customer_05698,Retail,Ahmedabad
C05699,Customer_05699,Corporate,Kolkata
C05700,Customer_05700,Retail,Bhubaneswar
C05701,Customer_05701,Retail,Pune
C05702,Customer_05702,Corporate,Indore
C05703,Customer_05703,Retail,Bengaluru
C05704,Customer_05704,Online,Patna
C05705,Customer_05705,Retail,Indore
C05706,Customer_05706,Online,Bhopal
C05707,Customer_05707,Corporate,Patna
C05708,Customer_05708,Retail,Hyderabad
C05709,Customer_05709,Online,Kolkata
C05710,Customer_05710,Retail,Nagpur
C05711,Customer_05711,Online,Jaipur
C05712,Customer_05712,Retail,Patna
C05713,Customer_05713,Retail,Raipur
C05714,Customer_05714,Retail,Guwahati
C05715,Customer_05715,Retail,Indore
C05716,Customer_05716,Corporate,Hyderabad
C05717,Customer_05717,Retail,Bhopal
C05718,Customer_05718,Retail,Ahmedabad
C05719,Customer_05719,Wholesale,Chandigarh
C05720,Customer_05720,Retail,Nagpur
C05721,Customer_05721,Online,Bhubaneswar
C05722,Customer_05722,Corporate,Kolkata
C05723,Customer_05723,Wholesale,Raipur
C05724,Customer_05724,Online,Surat
C05725,Customer_05725,Online,Bhopal
C05726,Customer_05726,Retail,Chennai
C05727,Customer_05727,Online,Ahmedabad
C05728,Customer_05728,Wholesale,Bhopal
C05729,Customer_05729,Online,Lucknow
C05730,Customer_05730,Online,Pune
C05731,Customer_05731,Wholesale,Indore
C05732,Customer_05732,Corporate,Jaipur
C05733,Customer_05733,Online,Nagpur
C05734,Customer_05734,Wholesale,Kochi
C05735,Customer_05735,Online,Patna
C05736,Customer_05736,Retail,Nagpur
C05737,Customer_05737,Corporate,Pune
C05738,Customer_05738,Online,Bhopal
C05739,Customer_05739,Retail,Bhopal
C05740,Customer_05740,Retail,Nagpur
C05741,Customer_05741,Online,Nagpur
C05742,Customer_05742,Retail,Ahmedabad
C05743,Customer_05743,Retail,Ahmedabad
C05744,Customer_05744,Wholesale,Indore
C05745,Customer_05745,Retail,Bhubaneswar
C05746,Customer_05746,Wholesale,Nagpur
C05747,Customer_05747,Retail,Ahmedabad
C05748,Customer_05748,Retail,Chennai
C05749,Customer_05749,Online,Raipur
C05750,Customer_05750,Wholesale,Bhopal
C05751,Customer_05751,Retail,Bhopal
C05752,Customer_05752,Retail,Bhopal
C05753,Customer_05753,Online,Lucknow
C05754,Customer_05754,Retail,Raipur
C05755,Customer_05755,Retail,Mumbai
C05756,Customer_05756,Retail,Ahmedabad
C05757,Customer_05757,Online,Delhi
C05758,Customer_05758,Online,Bhopal
C05759,Customer_05759,Online,Kolkata
C05760,Customer_05760,Online,Raipur
C05761,Customer_05761,Online,Mumbai
C05762,Customer_05762,Wholesale,Bengaluru
C05763,Customer_05763,Online,Chennai
C05764,Customer_05764,Retail,Kolkata
C05765,Customer_05765,Online,Indore
C05766,Customer_05766,Online,Delhi
C05767,Customer_05767,Wholesale,Bhopal
C05768,Customer_05768,Retail,Kolkata
C05769,Customer_05769,Retail,Bhubaneswar
C05770,Customer_05770,Online,Bhubaneswar
C05771,Customer_05771,Online,Hyderabad
C05772,Customer_05772,Online,Indore
C05773,Customer_05773,Retail,Bhopal
C05774,Customer_05774,Online,Delhi
C05775,Customer_05775,Online,Bhubaneswar
C05776,Customer_05776,Online,Patna
C05777,Customer_05777,Wholesale,Pune
C05778,Customer_05778,Wholesale,Pune
C05779,Customer_05779,Online,Hyderabad
C05780,Customer_05780,Online,Nagpur
C05781,Customer_05781,Corporate,Delhi
C05782,Customer_05782,Retail,Delhi
C05783,Customer_05783,Retail,Kolkata
C05784,Customer_05784,Corporate,Chandigarh
C05785,Customer_05785,Wholesale,Bhubaneswar
C05786,Customer_05786,Online,Indore
C05787,Customer_05787,Wholesale,Chandigarh
C05788,Customer_05788,Retail,Kolkata
C05789,Customer_05789,Online,Bhopal
C05790,Customer_05790,Online,Nagpur
C05791,Customer_05791,Retail,Guwahati
C05792,Customer_05792,Retail,Patna
C05793,Customer_05793,Online,Hyderabad
C05794,Customer_05794,Retail,Raipur
C05795,Customer_05795,Online,Kolkata
C05796,Customer_05796,Retail,Nagpur
C05797,Customer_05797,Online,Jaipur
C05798,Customer_05798,Corporate,Surat
C05799,Customer_05799,Online,Surat
C05800,Customer_05800,Wholesale,Bhubaneswar
C05801,Customer_05801,Online,Bhubaneswar
C05802,Customer_05802,Retail,Raipur
C05803,Customer_05803,Retail,Kolkata
C05804,Customer_05804,Corporate,Indore
C05805,Customer_05805,Online,Kolkata
C05806,Customer_05806,Online,Raipur
C05807,Customer_05807,Retail,Kolkata
C05808,Customer_05808,Retail,Hyderabad
C05809,Customer_05809,Retail,Raipur
C05810,Customer_05810,Online,Bengaluru
C05811,Customer_05811,Online,Bengaluru
C05812,Customer_05812,Wholesale,Chennai
C05813,Customer_05813,Online,Chennai
C05814,Customer_05814,Retail,Jaipur
C05815,Customer_05815,Retail,Surat
C05816,Customer_05816,Retail,Delhi
C05817,Customer_05817,Wholesale,Guwahati
C05818,Customer_05818,Retail,Patna
C05819,Customer_05819,Corporate,Surat
C05820,Customer_05820,Retail,Pune
C05821,Customer_05821,Corporate,Surat
C05822,Customer_05822,Wholesale,Hyderabad
C05823,Customer_05823,Corporate,Lucknow
C05824,Customer_05824,Online,Patna
C05825,Customer_05825,Corporate,Lucknow
C05826,Customer_05826,Retail,Chandigarh
C05827,Customer_05827,Online,Delhi
C05828,Customer_05828,Corporate,Surat
C05829,Customer_05829,Retail,Pune
C05830,Customer_05830,Retail,Bhubaneswar
C05831,Customer_05831,Wholesale,Kolkata
C05832,Customer_05832,Corporate,Guwahati
C05833,Customer_05833,Wholesale,Delhi
C05834,Customer_05834,Wholesale,Surat
C05835,Customer_05835,Retail,Kochi
C05836,Customer_05836,Retail,Delhi
C05837,Customer_05837,Online,Bhopal
C05838,Customer_05838,Retail,Chandigarh
C05839,Customer_05839,Online,Surat
C05840,Customer_05840,Corporate,Raipur
C05841,Customer_05841,Retail,Delhi
C05842,Customer_05842,Online,Ahmedabad
C05843,Customer_05843,Retail,Mumbai
C05844,Customer_05844,Online,Bengaluru
C05845,Customer_05845,Retail,Chandigarh
C05846,Customer_05846,Online,Pune
C05847,Customer_05847,Retail,Bhubaneswar
C05848,Customer_05848,Wholesale,Surat
C05849,Customer_05849,Online,Chennai
C05850,Customer_05850,Retail,Ahmedabad
C05851,Customer_05851,Online,Lucknow
C05852,Customer_05852,Retail,
C05853,Customer_05853,Online,Indore
C05854,Customer_05854,Retail,Jaipur
C05855,Customer_05855,Online,Raipur
C05856,Customer_05856,Retail,Patna
C05857,Customer_05857,Wholesale,Kochi
C05858,Customer_05858,Retail,Guwahati
C05859,Customer_05859,Online,Raipur
C05860,Customer_05860,Retail,Pune
C05861,Customer_05861,Online,Ahmedabad
C05862,Customer_05862,Online,Guwahati
C05863,Customer_05863,Retail,Mumbai
C05864,Customer_05864,Online,Bhopal
C05865,Customer_05865,Retail,Bengaluru
C05866,Customer_05866,Retail,Lucknow
C05867,Customer_05867,Online,Raipur
C05868,Customer_05868,Online,Nagpur
C05869,Customer_05869,Online,Chandigarh
C05870,Customer_05870,Retail,Delhi
C05871,Customer_05871,Retail,Chennai
C05872,Customer_05872,Retail,Chennai
C05873,Customer_05873,Online,Chennai
C05874,Customer_05874,Wholesale,Surat
C05875,Customer_05875,Online,Bhopal
C05876,Customer_05876,Retail,Chandigarh
C05877,Customer_05877,Retail,Raipur
C05878,Customer_05878,Retail,Indore
C05879,Customer_05879,Retail,Hyderabad
C05880,Customer_05880,Retail,Bengaluru
C05881,Customer_05881,Online,Bhopal
C05882,Customer_05882,Online,Chennai
C05883,Customer_05883,Wholesale,Surat
C05884,Customer_05884,Wholesale,Lucknow
C05885,Customer_05885,Retail,Nagpur
C05886,Customer_05886,Online,Jaipur
C05887,Customer_05887,Retail,Surat
C05888,Customer_05888,Corporate,Kochi
C05889,Customer_05889,Wholesale,Patna
C05890,Customer_05890,Retail,Pune
C05891,Customer_05891,Corporate,Kolkata
C05892,Customer_05892,Retail,Delhi
C05893,Customer_05893,Online,Raipur
C05894,Customer_05894,Wholesale,Chennai
C05895,Customer_05895,Retail,Surat
C05896,Customer_05896,Wholesale,Kochi
C05897,Customer_05897,Online,Patna
C05898,Customer_05898,Online,Guwahati
C05899,Customer_05899,Retail,Raipur
C05900,Customer_05900,Corporate,Guwahati
C05901,Customer_05901,Retail,Bhopal
C05902,Customer_05902,Retail,Mumbai
C05903,Customer_05903,Retail,Nagpur
C05904,Customer_05904,Retail,Patna
C05905,Customer_05905,Retail,Chandigarh
C05906,Customer_05906,Corporate,Raipur
C05907,Customer_05907,Retail,Kochi
C05908,Customer_05908,Retail,Chandigarh
C05909,Customer_05909,Retail,Indore
C05910,Customer_05910,Online,Kochi
C05911,Customer_05911,Online,Lucknow
C05912,Customer_05912,Retail,Bhopal
C05913,Customer_05913,Retail,Surat
C05914,Customer_05914,Retail,Kochi
C05915,Customer_05915,Retail,Surat
C05916,Customer_05916,Retail,Bhubaneswar
C05917,Customer_05917,Wholesale,Bhopal
C05918,Customer_05918,Retail,Raipur
C05919,Customer_05919,Wholesale,Bengaluru
C05920,Customer_05920,Retail,Raipur
C05921,Customer_05921,Corporate,Guwahati
C05922,Customer_05922,Corporate,Indore
C05923,Customer_05923,Online,Jaipur
C05924,Customer_05924,Retail,Pune
C05925,Customer_05925,Retail,Kolkata
C05926,Customer_05926,Wholesale,Kolkata
C05927,Customer_05927,Online,Mumbai
C05928,Customer_05928,Wholesale,Ahmedabad
C05929,Customer_05929,Online,Patna
C05930,Customer_05930,Corporate,Pune
C05931,Customer_05931,Retail,Chennai
C05932,Customer_05932,Online,Pune
C05933,Customer_05933,Retail,Lucknow
C05934,Customer_05934,Retail,Delhi
C05935,Customer_05935,Wholesale,Kochi
C05936,Customer_05936,Retail,Pune
C05937,Customer_05937,Online,Jaipur
C05938,Customer_05938,Retail,Raipur
C05939,Customer_05939,Wholesale,Pune
C05940,Customer_05940,Online,Chennai
C05941,Customer_05941,Online,Ahmedabad
C05942,Customer_05942,Retail,Bhubaneswar
C05943,Customer_05943,Online,Bhubaneswar
C05944,Customer_05944,Online,Jaipur
C05945,Customer_05945,Wholesale,Kolkata
C05946,Customer_05946,Retail,Chennai
C05947,Customer_05947,Wholesale,Jaipur
C05948,Customer_05948,Online,Chennai
C05949,Customer_05949,Online,Bengaluru
C05950,Customer_05950,Online,Bhubaneswar
C05951,Customer_05951,Wholesale,Kolkata
C05952,Customer_05952,Retail,Bengaluru
C05953,Customer_05953,Retail,Kolkata
C05954,Customer_05954,Retail,Guwahati
C05955,Customer_05955,Online,Guwahati
C05956,Customer_05956,Online,Surat
C05957,Customer_05957,Retail,Bengaluru
C05958,Customer_05958,Wholesale,Bhopal
C05959,Customer_05959,Wholesale,Kochi
C05960,Customer_05960,Wholesale,Delhi
C05961,Customer_05961,Retail,Patna
C05962,Customer_05962,Retail,Guwahati
C05963,Customer_05963,Retail,Raipur
C05964,Customer_05964,Retail,Jaipur
C05965,Customer_05965,Retail,Mumbai
C05966,Customer_05966,Retail,Kochi
C05967,Customer_05967,Online,Mumbai
C05968,Customer_05968,Retail,Chandigarh
C05969,Customer_05969,Corporate,Indore
C05970,Customer_05970,Retail,Lucknow
C05971,Customer_05971,Retail,Indore
C05972,Customer_05972,Retail,Ahmedabad
C05973,Customer_05973,Retail,Pune
C05974,Customer_05974,Online,Jaipur
C05975,Customer_05975,Retail,Lucknow
C05976,Customer_05976,Corporate,Bhubaneswar
C05977,Customer_05977,Online,Raipur
C05978,Customer_05978,Wholesale,Kolkata
C05979,Customer_05979,Wholesale,Hyderabad
C05980,Customer_05980,Online,Bengaluru
C05981,Customer_05981,Retail,Jaipur
C05982,Customer_05982,Online,Mumbai
C05983,Customer_05983,Retail,Bengaluru
C05984,Customer_05984,Retail,Kochi
C05985,Customer_05985,Wholesale,Bhubaneswar
C05986,Customer_05986,Wholesale,Kolkata
C05987,Customer_05987,Online,Chennai
C05988,Customer_05988,Retail,Jaipur
C05989,Customer_05989,Online,Patna
C05990,Customer_05990,Retail,Chennai
C05991,Customer_05991,Retail,Surat
C05992,Customer_05992,Retail,Guwahati
C05993,Customer_05993,Wholesale,Hyderabad
C05994,Customer_05994,Retail,Indore
C05995,Customer_05995,Wholesale,Kolkata
C05996,Customer_05996,Online,Indore
C05997,Customer_05997,Wholesale,Patna
C05998,Customer_05998,Wholesale,Guwahati
C05999,Customer_05999,Online,Indore
C06000,Customer_06000,Online,Chandigarh
